Season,bref_id,Player,Team,Role,Pos,Age,G,WAR,PA,HR,SB,BA,OBP,SLG,OPS_plus,IP,GS,SV,ERA,ERA_plus,FIP,WHIP,SO,Salary,Service,Salary_est
2016,abreujo02,José Abreu,CHW,H,1B,29.0,159.0,3.1,695.0,25.0,0.0,0.293,0.353,0.468,124.0,,,,,,,,,13334000.0,2.0,False
2016,adamsma01,Matt Adams,STL,H,1B,27.0,118.0,0.5,327.0,16.0,0.0,0.249,0.309,0.471,106.0,,,,,,,,,1650000.0,3.192,False
2016,adlemti01,Tim Adleman,CIN,P,SP,28.0,13.0,1.3,23.0,,,,,,,69.67,13.0,0.0,4.0,107.0,5.3,1.206,47.0,507500,,True
2016,ahmedni01,Nick Ahmed,ARI,H,SS,26.0,90.0,0.3,308.0,4.0,5.0,0.218,0.265,0.299,46.0,,,,,,,,,521600.0,1.314,False
2016,alberma01,Matt Albers,CHW,P,RP,33.0,58.0,-1.9,1.0,,,,,,,51.33,1.0,0.0,6.31,64.0,5.8,1.675,30.0,2000000.0,8.82,False
2016,allenco01,Cody Allen,CLE,P,RP,27.0,67.0,1.8,,,,,,,,68.0,0,32.0,2.51,180.0,3.31,1.0,87.0,4150000.0,3.442,False
2016,alonsyo01,Yonder Alonso,ATH,H,1B,29.0,156.0,-0.1,532.0,7.0,3.0,0.253,0.316,0.367,88.0,,,,,,,,,2650000.0,4.674,False
2016,altuvjo01,Jose Altuve,HOU,H,2B,26.0,161.0,7.8,717.0,24.0,30.0,0.338,0.396,0.531,155.0,,,,,,,,,3500000.0,4.419,False
2016,alvarjo02,José Álvarez,LAA,P,RP,27.0,64.0,0,1.0,,,,,,,57.33,0,0.0,3.45,117.0,3.11,1.5,51.0,519500.0,1.343,False
2016,alvarpe01,Pedro Álvarez,BAL,H,DH,29.0,109.0,0.9,376.0,22.0,1.0,0.249,0.322,0.504,117.0,,,,,,,,,5750000.0,5.494,False
2016,anderch01,Chase Anderson,MIL,P,SP,28.0,31.0,0.7,52.0,,,,,,,151.67,30.0,0.0,4.39,97.0,5.09,1.371,120.0,520200.0,1.849,False
2016,anderco01,Cody Anderson,CLE,P,RP,25.0,19.0,-0.8,,,,,,,,60.67,9.0,0.0,6.68,68.0,4.84,1.615,54.0,511400.0,0.616,False
2016,anderti01,Tim Anderson,CHW,H,SS,23.0,99.0,2.3,431.0,9.0,10.0,0.283,0.306,0.432,100.0,,,,,,,,,507500,0.0,True
2016,anderty01,Tyler Anderson,COL,P,SP,26.0,19.0,3.2,42.0,,,,,,,114.33,19.0,0.0,3.54,137.0,3.59,1.286,99.0,507500,0.378,True
2016,andrima01,Matt Andriese,TBR,P,SP,26.0,29.0,1.1,1.0,,,,,,,127.67,19.0,1.0,4.37,92.0,3.78,1.222,109.0,507500,1.0,True
2016,andruel01,Elvis Andrus,TEX,H,SS,27.0,147.0,3.1,568.0,8.0,24.0,0.302,0.362,0.439,110.0,,,,,,,,,15000000.0,7.0,False
2016,aokino01,Nori Aoki,SEA,H,LF,34.0,118.0,1.8,467.0,4.0,7.0,0.283,0.349,0.388,104.0,,,,,,,,,5500000.0,4.0,False
2016,archech01,Chris Archer,TBR,P,SP,27.0,33.0,1.9,8.0,,,,,,,201.33,33.0,0.0,4.02,100.0,3.81,1.242,233.0,2916666.0,2.907,False
2016,arenano01,Nolan Arenado,COL,H,3B,25.0,160.0,5.7,696.0,41.0,2.0,0.294,0.362,0.57,129.0,,,,,,,,,5000000.0,2.901,False
2016,arrieja01,Jake Arrieta,CHC,P,SP,30.0,31.0,4.5,70.0,,,,,,,197.33,31.0,0.0,3.1,135.0,3.52,1.084,190.0,10700000.0,4.843,False
2016,axforjo01,John Axford,ATH,P,RP,33.0,68.0,0.9,,,,,,,,65.67,0,3.0,3.97,103.0,4.01,1.447,60.0,4500000.0,5.988,False
2016,aybarer01,Erick Aybar,2TM,H,SS,32.0,126.0,0,459.0,3.0,3.0,0.243,0.303,0.32,69.0,,,,,,,,,8500000.0,9.5,False
2016,baezja01,Javier Báez,CHC,H,3B,23.0,142.0,2.7,450.0,14.0,12.0,0.273,0.314,0.423,94.0,,,,,,,,,521000.0,0.517,False
2016,baezpe01,Pedro Báez,LAD,P,RP,28.0,73.0,1.2,1.0,,,,,,,74.0,0,0.0,3.04,132.0,3.81,1.0,83.0,520000.0,1.343,False
2016,barneda01,Darwin Barney,TOR,H,2B,30.0,104.0,1.7,306.0,4.0,2.0,0.269,0.322,0.373,87.0,1.0,0,0.0,9.0,64.0,14.15,1.0,1.0,1050000.0,4.494,False
2016,barnema01,Matt Barnes,BOS,P,RP,26.0,62.0,0.3,,,,,,,,66.67,0,1.0,4.05,111.0,3.72,1.395,71.0,511000.0,0.64,False
2016,barneto01,Tony Barnette,TEX,P,RP,32.0,53.0,2.2,,,,,,,,60.33,0,0.0,2.09,219.0,3.38,1.16,49.0,1500000.0,0.0,False
2016,barnhtu01,Tucker Barnhart,CIN,H,C,25.0,115.0,0.9,420.0,7.0,1.0,0.257,0.323,0.379,86.0,,,,,,,,,517500.0,1.436,False
2016,barraky01,Kyle Barraclough,MIA,P,RP,26.0,75.0,1.5,1.0,,,,,,,72.67,0,0.0,2.85,138.0,2.11,1.225,113.0,507500,0.343,True
2016,barreja01,Jake Barrett,ARI,P,RP,24.0,68.0,1.2,,,,,,,,59.33,0,4.0,3.49,129.0,4.14,1.264,56.0,507500.0,0.0,False
2016,bastaan01,Antonio Bastardo,2TM,P,RP,30.0,69.0,-0.1,,,,,,,,67.67,0,0.0,4.52,91.0,4.67,1.36,74.0,5375000.0,6.314,False
2016,bauertr01,Trevor Bauer,CLE,P,SP,25.0,35.0,2.0,6.0,,,,,,,190.0,28.0,0.0,4.26,106.0,3.99,1.311,168.0,,1.919,False
2016,bautijo02,José Bautista,TOR,H,RF,35.0,116.0,1.3,517.0,22.0,2.0,0.234,0.366,0.452,118.0,,,,,,,,,14000000.0,10.959,False
2016,beltbr01,Brandon Belt,SFG,H,1B,28.0,156.0,3.9,655.0,17.0,0.0,0.275,0.394,0.474,135.0,,,,,,,,,6200000.0,4.744,False
2016,beltrad01,Adrian Beltré,TEX,H,3B,37.0,153.0,6.9,640.0,32.0,1.0,0.3,0.358,0.521,128.0,,,,,,,,,18000000.0,17.558,False
2016,beltrca01,Carlos Beltrán,2TM,H,DH,39.0,151.0,2.2,593.0,29.0,1.0,0.295,0.337,0.513,122.0,,,,,,,,,15000000.0,17.081,False
2016,berrijo01,José Berríos,MIN,P,SP,22.0,14.0,-1.5,1.0,,,,,,,58.33,14.0,0.0,8.02,53.0,6.2,1.869,49.0,507500,0.0,True
2016,betande01,Dellin Betances,NYY,P,RP,28.0,73.0,1.1,,,,,,,,73.0,0,12.0,3.08,140.0,1.78,1.123,126.0,507500.0,2.453,False
2016,bettich01,Chad Bettis,COL,P,SP,27.0,32.0,1.3,58.0,,,,,,,186.0,32.0,0.0,4.79,101.0,4.26,1.414,138.0,512500.0,1.558,False
2016,bettsmo01,Mookie Betts,BOS,H,RF,23.0,158.0,9.8,730.0,31.0,26.0,0.318,0.363,0.534,133.0,,,,,,,,,566000.0,1.407,False
2016,biagijo01,Joe Biagini,TOR,P,RP,26.0,60.0,0.9,,,,,,,,67.67,0,1.0,3.06,140.0,2.95,1.3,62.0,507500.0,0.0,False
2016,blackch02,Charlie Blackmon,COL,H,CF,29.0,143.0,4.6,641.0,29.0,17.0,0.324,0.381,0.552,130.0,,,,,,,,,3500000.0,3.593,False
2016,blairaa01,Aaron Blair,ATL,P,SP,24.0,15.0,-1.9,23.0,,,,,,,70.0,15.0,0.0,7.59,55.0,6.15,1.657,46.0,507500,,True
2016,blantjo01,Joe Blanton,LAD,P,RP,35.0,75.0,1.9,,,,,,,,80.0,0,0.0,2.48,163.0,3.33,1.013,80.0,4000000.0,9.919,False
2016,bogaexa01,Xander Bogaerts,BOS,H,SS,23.0,157.0,3.7,719.0,21.0,13.0,0.294,0.356,0.446,111.0,,,,,,,,,650500.0,2.244,False
2016,bourjpe01,Peter Bourjos,PHI,H,RF,29.0,123.0,0.3,383.0,5.0,6.0,0.251,0.292,0.389,81.0,,,,,,,,,2000000.0,5.36,False
2016,bourju01,Justin Bour,MIA,H,1B,28.0,90.0,1.2,321.0,15.0,0.0,0.264,0.349,0.475,124.0,,,,,,,,,537500.0,1.372,False
2016,bournmi01,Michael Bourn,2TM,H,CF,33.0,113.0,-0.1,413.0,5.0,15.0,0.264,0.314,0.371,78.0,,,,,,,,,14000000.0,9.163,False
2016,bowmama01,Matt Bowman,STL,P,RP,25.0,59.0,0.6,2.0,,,,,,,67.67,0,0.0,3.46,118.0,3.31,1.167,52.0,507500.0,0.0,False
2016,boydma01,Matthew Boyd,DET,P,SP,25.0,20.0,1.3,,,,,,,,97.33,18.0,0.0,4.53,94.0,4.75,1.295,82.0,,0.0,False
2016,boyerbl01,Blaine Boyer,MIL,P,RP,34.0,61.0,0.5,1.0,,,,,,,66.0,0,1.0,3.95,108.0,3.96,1.47,26.0,950000.0,6.407,False
2016,brachbr01,Brad Brach,BAL,P,RP,30.0,71.0,2.4,,,,,,,,79.0,0,2.0,2.05,210.0,2.92,1.038,92.0,1250000.0,3.366,False
2016,bradlar01,Archie Bradley,ARI,P,SP,23.0,26.0,0.8,48.0,,,,,,,141.67,26.0,0.0,5.02,89.0,4.1,1.56,143.0,507500,0.651,True
2016,bradlja02,Jackie Bradley Jr.,BOS,H,CF,26.0,156.0,5.7,636.0,26.0,9.0,0.267,0.349,0.486,118.0,,,,,,,,,546500.0,1.872,False
2016,braunry02,Ryan Braun,MIL,H,LF,32.0,135.0,4.4,564.0,30.0,16.0,0.305,0.365,0.538,135.0,,,,,,,,,20000000.0,8.75,False
2016,brittza01,Zack Britton,BAL,P,RP,28.0,69.0,4.1,,,,,,,,67.0,0,47.0,0.54,803.0,1.94,0.836,74.0,6750000.0,3.919,False
2016,broxtjo01,Jonathan Broxton,STL,P,RP,32.0,66.0,0.1,,,,,,,,60.67,0,0.0,4.3,95.0,4.1,1.253,57.0,5750000.0,10.116,False
2016,bruceja01,Jay Bruce,2TM,H,RF,29.0,147.0,1.0,589.0,33.0,4.0,0.25,0.309,0.506,113.0,,,,,,,,,12500000.0,7.727,False
2016,bryankr01,Kris Bryant,CHC,H,3B,24.0,155.0,7.3,699.0,39.0,8.0,0.292,0.385,0.554,146.0,,,,,,,,,652000.0,0.994,False
2016,buchhcl01,Clay Buchholz,BOS,P,SP,31.0,37.0,0.1,3.0,,,,,,,139.33,21.0,0.0,4.78,94.0,5.06,1.328,93.0,13000000.0,7.343,False
2016,buchtry01,Ryan Buchter,SDP,P,RP,29.0,67.0,1.4,,,,,,,,63.0,0,1.0,2.86,140.0,3.07,1.032,78.0,520000.0,0.0,False
2016,bumgama01,Madison Bumgarner,SFG,P,SP,26.0,34.0,5.7,97.0,,,,,,,226.67,34.0,0.0,2.74,146.0,3.24,1.028,251.0,9750000.0,5.738,False
2016,bundydy01,Dylan Bundy,BAL,P,RP,23.0,36.0,1.6,3.0,,,,,,,109.67,14.0,0.0,4.02,107.0,4.7,1.377,104.0,,1.087,False
2016,burnsbi02,Billy Burns,2TM,H,CF,26.0,97.0,-0.9,332.0,0.0,17.0,0.235,0.271,0.296,56.0,,,,,,,,,512500.0,1.116,False
2016,bushma01,Matt Bush,TEX,P,RP,30.0,58.0,2.1,,,,,,,,61.67,0,1.0,2.48,184.0,2.74,0.941,61.0,507500,0.0,True
2016,butleed01,Eddie Butler,COL,P,SP,25.0,17.0,-1.6,19.0,,,,,,,64.0,9.0,0.0,7.17,68.0,5.44,1.688,47.0,507500,1.331,True
2016,buxtoby01,Byron Buxton,MIN,H,CF,22.0,92.0,1.7,331.0,10.0,10.0,0.225,0.284,0.43,90.0,,,,,,,,,512500.0,0.657,False
2016,cabreas01,Asdrúbal Cabrera,NYM,H,SS,30.0,141.0,3.4,568.0,23.0,5.0,0.28,0.336,0.474,117.0,,,,,,,,,8250000.0,8.157,False
2016,cabreme01,Melky Cabrera,CHW,H,LF,31.0,151.0,2.6,646.0,14.0,2.0,0.296,0.345,0.455,118.0,,,,,,,,,14000000.0,9.86,False
2016,cabremi01,Miguel Cabrera,DET,H,1B,33.0,158.0,4.9,679.0,38.0,0.0,0.316,0.393,0.563,155.0,,,,,,,,,28000000.0,12.587,False
2016,cahiltr01,Trevor Cahill,CHC,P,RP,28.0,50.0,1.0,11.0,,,,,,,65.67,1.0,0.0,2.74,153.0,4.35,1.279,66.0,4250000.0,6.57,False
2016,cainlo01,Lorenzo Cain,KCR,H,CF,30.0,103.0,3.1,434.0,9.0,14.0,0.287,0.339,0.408,100.0,,,,,,,,,6500000.0,4.43,False
2016,cainma01,Matt Cain,SFG,P,SP,31.0,21.0,-0.9,28.0,,,,,,,89.33,17.0,0.0,5.64,71.0,5.14,1.511,72.0,21000000.0,10.221,False
2016,calhoko01,Kole Calhoun,LAA,H,RF,28.0,157.0,3.4,672.0,18.0,2.0,0.271,0.348,0.438,116.0,,,,,,,,,3400000.0,2.756,False
2016,caminar01,Arquimedes Caminero,2TM,P,RP,29.0,57.0,0.2,2.0,,,,,,,60.67,0,1.0,3.56,117.0,4.88,1.648,50.0,532500.0,1.349,False
2016,canoro01,Robinson Canó,SEA,H,2B,33.0,161.0,7.3,715.0,39.0,0.0,0.298,0.35,0.533,138.0,,,,,,,,,24000000.0,10.89,False
2016,carpema01,Matt Carpenter,STL,H,3B,30.0,129.0,3.9,566.0,21.0,0.0,0.271,0.38,0.505,136.0,,,,,,,,,6500000.0,4.07,False
2016,carraca01,Carlos Carrasco,CLE,P,SP,29.0,25.0,2.9,,,,,,,,146.33,25.0,0.0,3.32,136.0,3.72,1.148,150.0,4500000.0,4.855,False
2016,carreez01,Ezequiel Carrera,TOR,H,RF,29.0,110.0,0.8,310.0,6.0,7.0,0.248,0.323,0.356,83.0,,,,,,,,,521800.0,2.227,False
2016,cartech02,Chris Carter,MIL,H,1B,29.0,160.0,0.7,644.0,41.0,3.0,0.222,0.321,0.499,113.0,,,,,,,,,2500000.0,3.924,False
2016,cashnan01,Andrew Cashner,2TM,P,SP,29.0,28.0,-0.6,40.0,,,,,,,132.0,27.0,0.0,5.25,76.0,4.84,1.53,112.0,7150000.0,5.733,False
2016,casteni01,Nick Castellanos,DET,H,3B,24.0,110.0,2.2,447.0,18.0,1.0,0.285,0.331,0.496,120.0,,,,,,,,,536500.0,2.169,False
2016,castiwe01,Welington Castillo,ARI,H,C,29.0,113.0,2.1,457.0,14.0,2.0,0.264,0.322,0.423,91.0,,,,,,,,,3700000.0,4.052,False
2016,castrja01,Jason Castro,HOU,H,C,29.0,113.0,0.9,376.0,11.0,2.0,0.21,0.307,0.377,89.0,,,,,,,,,5000000.0,5.605,False
2016,castrst01,Starlin Castro,NYY,H,2B,26.0,151.0,1.2,610.0,21.0,4.0,0.27,0.3,0.433,93.0,,,,,,,,,7857143.0,5.872,False
2016,cervefr01,Francisco Cervelli,PIT,H,C,30.0,101.0,1.6,393.0,1.0,6.0,0.264,0.377,0.322,91.0,,,,,,,,,3500000.0,5.849,False
2016,cespeyo01,Yoenis Céspedes,NYM,H,LF,30.0,132.0,2.9,543.0,31.0,3.0,0.28,0.354,0.53,136.0,,,,,,,,,27500000.0,4.0,False
2016,cessalu01,Luis Cessa,NYY,P,SP,24.0,17.0,0.6,,,,,,,,70.33,9.0,0.0,4.35,99.0,5.52,1.109,46.0,507500.0,0.0,False
2016,chacijh01,Jhoulys Chacín,2TM,P,SP,28.0,34.0,0.4,10.0,,,,,,,144.0,22.0,0.0,4.81,84.0,4.01,1.444,119.0,,5.314,False
2016,chapmar01,Aroldis Chapman,2TM,P,RP,28.0,59.0,2.6,,,,,,,,58.0,0,36.0,1.55,276.0,1.42,0.862,90.0,11325000.0,5.198,False
2016,chatwty01,Tyler Chatwood,COL,P,SP,26.0,27.0,3.5,58.0,,,,,,,158.0,27.0,0.0,3.87,125.0,4.32,1.373,117.0,1000000.0,4.227,False
2016,chaveje01,Jesse Chavez,2TM,P,RP,32.0,62.0,-0.2,,,,,,,,67.0,0,0.0,4.43,95.0,4.49,1.328,63.0,4000000.0,5.628,False
2016,chenwe02,Wei-Yin Chen,MIA,P,SP,30.0,22.0,-0.6,49.0,,,,,,,123.33,22.0,0.0,4.96,79.0,4.5,1.281,100.0,12500000.0,4.0,False
2016,chiselo01,Lonnie Chisenhall,CLE,H,RF,27.0,126.0,1.6,418.0,8.0,6.0,0.286,0.328,0.439,98.0,,,,,,,,,2725000.0,3.919,False
2016,cingrto01,Tony Cingrani,CIN,P,RP,26.0,65.0,0.7,1.0,,,,,,,63.0,0,17.0,4.14,103.0,4.53,1.444,49.0,530000.0,2.221,False
2016,cishest01,Steve Cishek,SEA,P,RP,30.0,62.0,1.6,,,,,,,,64.0,0,25.0,2.81,144.0,3.57,1.016,76.0,4000000.0,4.831,False
2016,claudal01,Alex Claudio,TEX,P,RP,24.0,39.0,1.2,,,,,,,,51.67,0,0.0,2.79,164.0,2.97,1.258,34.0,510250.0,0.773,False
2016,clemepa02,Paul Clemens,2TM,P,SP,28.0,18.0,-0.1,23.0,,,,,,,71.33,14.0,0.0,4.04,99.0,5.68,1.444,53.0,507500,,True
2016,clevimi01,Mike Clevinger,CLE,P,SP,25.0,17.0,0.1,2.0,,,,,,,53.0,10.0,0.0,5.26,86.0,4.86,1.491,50.0,507500,0.0,True
2016,clippty01,Tyler Clippard,2TM,P,RP,31.0,69.0,1.1,,,,,,,,63.0,0,3.0,3.57,124.0,4.21,1.27,72.0,6100000.0,6.86,False
2016,coghlch01,Chris Coghlan,2TM,H,LF,31.0,99.0,-0.6,300.0,6.0,2.0,0.188,0.29,0.318,65.0,,,,,,,,,4800000.0,5.86,False
2016,colege01,Gerrit Cole,PIT,P,SP,25.0,21.0,1.7,43.0,,,,,,,116.0,21.0,0.0,3.88,107.0,3.33,1.44,98.0,541000.0,2.645,False
2016,colomal01,Alex Colomé,TBR,P,RP,27.0,57.0,2.3,,,,,,,,56.67,0,37.0,1.91,211.0,2.92,1.024,71.0,521700.0,1.686,False
2016,colonba01,Bartolo Colon,NYM,P,SP,43.0,34.0,2.7,65.0,,,,,,,191.67,33.0,0.0,3.43,117.0,3.99,1.21,128.0,7250000.0,17.355,False
2016,confomi01,Michael Conforto,NYM,H,LF,23.0,109.0,0.7,348.0,12.0,2.0,0.22,0.31,0.414,95.0,,,,,,,,,517246.0,0.424,False
2016,conlead01,Adam Conley,MIA,P,SP,26.0,25.0,1.6,47.0,,,,,,,133.33,25.0,0.0,3.85,102.0,4.2,1.403,124.0,512500.0,0.407,False
2016,corbipa01,Patrick Corbin,ARI,P,SP,26.0,36.0,-0.2,53.0,,,,,,,155.67,24.0,1.0,5.15,87.0,4.84,1.561,131.0,2525000.0,3.61,False
2016,correca01,Carlos Correa,HOU,H,SS,21.0,153.0,7.0,660.0,20.0,13.0,0.274,0.361,0.451,124.0,,,,,,,,,516700.0,0.692,False
2016,cosarja01,Jarred Cosart,2TM,P,SP,26.0,13.0,-0.8,18.0,,,,,,,57.0,13.0,0.0,6.0,67.0,4.88,1.754,38.0,550000.0,2.116,False
2016,cozarza01,Zack Cozart,CIN,H,SS,30.0,121.0,2.2,508.0,16.0,4.0,0.252,0.308,0.425,92.0,,,,,,,,,2925000.0,4.488,False
2016,crawfbr01,Brandon Crawford,SFG,H,SS,29.0,155.0,5.5,623.0,12.0,7.0,0.275,0.342,0.43,108.0,,,,,,,,,6000000.0,4.547,False
2016,crispco01,Coco Crisp,2TM,H,LF,36.0,122.0,0.3,498.0,13.0,10.0,0.231,0.302,0.397,89.0,,,,,,,,,11000000.0,12.919,False
2016,croncj01,C.J. Cron,LAA,H,1B,26.0,116.0,1.9,445.0,16.0,2.0,0.278,0.325,0.467,116.0,,,,,,,,,525000.0,1.64,False
2016,cruzne02,Nelson Cruz,SEA,H,DH,35.0,155.0,4.9,667.0,43.0,2.0,0.287,0.36,0.555,147.0,,,,,,,,,14250000.0,8.477,False
2016,cuetojo01,Johnny Cueto,SFG,P,SP,30.0,32.0,5.2,84.0,,,,,,,219.67,32.0,0.0,2.79,144.0,2.95,1.093,198.0,15833333.0,8.0,False
2016,cuthbch01,Cheslor Cuthbert,KCR,H,3B,23.0,128.0,0,510.0,12.0,2.0,0.274,0.318,0.413,95.0,,,,,,,,,507500,0.174,True
2016,darviyu01,Yu Darvish,TEX,P,SP,29.0,17.0,2.6,3.0,,,,,,,100.33,17.0,0.0,3.41,134.0,3.09,1.116,132.0,10000000.0,4.0,False
2016,davieza02,Zach Davies,MIL,P,SP,23.0,28.0,1.9,61.0,,,,,,,163.33,28.0,0.0,3.97,107.0,3.89,1.249,135.0,507500,0.116,True
2016,davisch02,Chris Davis,BAL,H,1B,30.0,157.0,3.0,665.0,38.0,1.0,0.221,0.332,0.459,110.0,,,,,,,,,23000000.0,6.355,False
2016,daviskh01,Khris Davis,ATH,H,LF,28.0,150.0,2.4,610.0,42.0,1.0,0.247,0.307,0.524,123.0,,,,,,,,,524500.0,2.605,False
2016,davisra01,Rajai Davis,CLE,H,CF,35.0,134.0,0.9,495.0,12.0,43.0,0.249,0.306,0.388,80.0,,,,,,,,,5250000.0,8.971,False
2016,deanpa02,Pat Dean,MIN,P,RP,27.0,19.0,-0.3,,,,,,,,67.33,9.0,0.0,6.28,67.0,5.2,1.649,50.0,507500,,True
2016,degroja01,Jacob deGrom,NYM,P,SP,28.0,24.0,3.4,50.0,,,,,,,148.0,24.0,0.0,3.04,132.0,3.32,1.203,143.0,607000.0,1.808,False
2016,delacjo01,Joel De La Cruz,ATL,P,RP,27.0,22.0,-0.4,18.0,,,,,,,62.67,9.0,0.0,4.88,85.0,5.19,1.388,37.0,,,False
2016,delarru01,Rubby De La Rosa,ARI,P,SP,27.0,13.0,0.8,17.0,,,,,,,50.67,10.0,0.0,4.26,105.0,4.49,1.243,54.0,2350000.0,3.564,False
2016,delgara01,Randall Delgado,ARI,P,RP,26.0,79.0,0.7,2.0,,,,,,,75.0,0,0.0,4.44,101.0,4.24,1.507,68.0,1275000.0,3.581,False
2016,desclan01,Anthony DeSclafani,CIN,P,SP,26.0,20.0,2.7,43.0,,,,,,,123.33,20.0,0.0,3.28,130.0,3.96,1.216,105.0,540000.0,1.36,False
2016,desmoia01,Ian Desmond,TEX,H,CF,30.0,156.0,2.2,677.0,22.0,21.0,0.285,0.335,0.446,104.0,,,,,,,,,8000000.0,6.157,False
2016,devench02,Chris Devenski,HOU,P,RP,25.0,48.0,2.8,,,,,,,,108.33,5.0,1.0,2.16,182.0,2.34,0.914,104.0,507500,0.0,True
2016,diazal02,Aledmys Díaz,STL,H,SS,25.0,111.0,2.9,460.0,17.0,4.0,0.3,0.369,0.51,134.0,,,,,,,,,2500000.0,0.0,False
2016,diazed04,Edwin Díaz,SEA,P,RP,22.0,49.0,1.4,1.0,,,,,,,51.67,0,18.0,2.79,146.0,2.04,1.161,88.0,507500,0.0,True
2016,dickeco01,Corey Dickerson,TBR,H,LF,27.0,148.0,1.7,548.0,24.0,0.0,0.245,0.293,0.469,106.0,,,,,,,,,522900.0,2.587,False
2016,dicker.01,R.A. Dickey,TOR,P,SP,41.0,30.0,0.4,1.0,,,,,,,169.67,29.0,0.0,4.46,96.0,5.03,1.367,126.0,12000000.0,10.041,False
2016,diekmja01,Jake Diekman,TEX,P,RP,29.0,66.0,1.1,,,,,,,,53.0,0,4.0,3.4,135.0,3.54,1.17,59.0,1255000.0,3.291,False
2016,dietrde01,Derek Dietrich,MIA,H,2B,26.0,128.0,2.5,412.0,7.0,1.0,0.279,0.374,0.425,120.0,,,,,,,,,522500.0,1.878,False
2016,donaljo02,Josh Donaldson,TOR,H,3B,30.0,155.0,7.3,700.0,37.0,7.0,0.284,0.404,0.549,153.0,,,,,,,,,11650000.0,3.919,False
2016,doziebr01,Brian Dozier,MIN,H,2B,29.0,155.0,5.8,691.0,42.0,18.0,0.268,0.34,0.546,134.0,,,,,,,,,3000000.0,3.581,False
2016,drurybr01,Brandon Drury,ARI,H,LF,23.0,134.0,-0.1,499.0,16.0,1.0,0.282,0.329,0.458,101.0,,,,,,,,,508900.0,0.198,False
2016,duffety01,Tyler Duffey,MIN,P,SP,25.0,26.0,-1.3,2.0,,,,,,,133.0,26.0,0.0,6.43,66.0,4.73,1.496,114.0,507500,0.244,True
2016,duffyda01,Danny Duffy,KCR,P,SP,27.0,42.0,4.0,6.0,,,,,,,179.67,26.0,0.0,3.51,123.0,3.83,1.141,188.0,4225000.0,4.494,False
2016,duffyma01,Matt Duffy,2TM,H,3B,25.0,91.0,1.1,366.0,5.0,8.0,0.258,0.31,0.357,82.0,,,,,,,,,537500.0,1.343,False
2016,dukeza01,Zach Duke,2TM,P,RP,33.0,81.0,2.1,,,,,,,,61.0,0,2.0,2.36,173.0,2.97,1.262,68.0,5000000.0,9.314,False
2016,dullry01,Ryan Dull,ATH,P,RP,26.0,70.0,2.3,,,,,,,,74.33,0,3.0,2.42,169.0,3.58,0.874,73.0,507500.0,0.198,False
2016,duvalad01,Adam Duvall,CIN,H,LF,27.0,150.0,3.4,608.0,33.0,6.0,0.241,0.297,0.498,106.0,,,,,,,,,510000.0,0.558,False
2016,dysonja01,Jarrod Dyson,KCR,H,CF,31.0,107.0,2.8,337.0,1.0,30.0,0.278,0.34,0.388,96.0,,,,,,,,,1725000.0,4.512,False
2016,dysonsa01,Sam Dyson,TEX,P,RP,28.0,73.0,2.9,,,,,,,,70.33,0,38.0,2.43,188.0,3.62,1.223,55.0,525270.0,1.826,False
2016,eatonad02,Adam Eaton,CHW,H,RF,27.0,157.0,6.7,706.0,14.0,14.0,0.284,0.362,0.428,117.0,,,,,,,,,2750000.0,3.174,False
2016,eflinza01,Zach Eflin,PHI,P,SP,22.0,11.0,-0.1,23.0,,,,,,,63.33,11.0,0.0,5.54,76.0,5.48,1.326,31.0,507500,0.0,True
2016,eickhje01,Jerad Eickhoff,PHI,P,SP,25.0,33.0,3.4,62.0,,,,,,,197.33,33.0,0.0,3.65,115.0,4.19,1.16,167.0,516000.0,0.262,False
2016,ellsbja01,Jacoby Ellsbury,NYY,H,CF,32.0,148.0,2.6,626.0,9.0,20.0,0.263,0.33,0.374,88.0,,,,,,,,,21142857.0,8.215,False
2016,encared01,Edwin Encarnación,TOR,H,DH,33.0,160.0,3.8,702.0,42.0,2.0,0.263,0.357,0.529,134.0,,,,,,,,,10000000.0,10.494,False
2016,eovalna01,Nathan Eovaldi,NYY,P,SP,26.0,24.0,1.3,7.0,,,,,,,124.67,21.0,0.0,4.76,90.0,4.97,1.307,97.0,5600000.0,4.076,False
2016,escobal02,Alcides Escobar,KCR,H,SS,29.0,162.0,0.7,682.0,7.0,17.0,0.261,0.292,0.35,72.0,,,,,,,,,5250000.0,6.477,False
2016,escobed01,Eduardo Escobar,MIN,H,SS,27.0,105.0,-0.7,377.0,6.0,1.0,0.236,0.28,0.338,67.0,1.0,0,0.0,0.0,,3.15,1.0,0.0,2150000.0,3.744,False
2016,escobyu01,Yunel Escobar,LAA,H,3B,33.0,132.0,1.3,567.0,5.0,0.0,0.304,0.355,0.391,107.0,,,,,,,,,7000000.0,8.703,False
2016,espinda01,Danny Espinosa,WSN,H,SS,29.0,157.0,1.7,601.0,24.0,9.0,0.209,0.306,0.378,79.0,,,,,,,,,2875000.0,4.657,False
2016,estevca01,Carlos Estévez,COL,P,RP,23.0,63.0,0.2,,,,,,,,55.0,0,11.0,5.24,93.0,4.22,1.418,59.0,507500,0.0,True
2016,estrama01,Marco Estrada,TOR,P,SP,32.0,29.0,3.5,5.0,,,,,,,176.0,29.0,0.0,3.48,122.0,4.15,1.119,165.0,11500000.0,6.203,False
2016,familje01,Jeurys Familia,NYM,P,RP,26.0,78.0,1.8,,,,,,,,77.67,0,51.0,2.55,158.0,2.39,1.21,84.0,4100000.0,3.174,False
2016,feldmsc01,Scott Feldman,2TM,P,RP,33.0,40.0,-0.2,2.0,,,,,,,77.0,5.0,0.0,3.97,101.0,4.24,1.377,56.0,8000000.0,9.529,False
2016,felizmi01,Michael Feliz,HOU,P,RP,23.0,47.0,-0.1,,,,,,,,65.0,0,0.0,4.43,89.0,3.24,1.185,95.0,507500,0.221,True
2016,felizne01,Neftalí Feliz,PIT,P,RP,28.0,62.0,1.0,,,,,,,,53.67,0,2.0,3.52,118.0,4.52,1.137,61.0,3900000.0,5.878,False
2016,fernajo02,José Fernández,MIA,P,SP,23.0,29.0,4.9,61.0,,,,,,,182.33,29.0,0.0,2.86,137.0,2.3,1.119,253.0,2800000.0,3.0,False
2016,fieldpr01,Prince Fielder,TEX,H,DH,32.0,89.0,-1.6,370.0,8.0,0.0,0.212,0.292,0.334,65.0,,,,,,,,,24000000.0,10.395,False
2016,fiersmi01,Mike Fiers,HOU,P,SP,31.0,31.0,0.1,,,,,,,,168.67,30.0,0.0,4.48,88.0,4.43,1.358,134.0,524100.0,2.494,False
2016,finnebr01,Brandon Finnegan,CIN,P,SP,23.0,31.0,2.0,61.0,,,,,,,172.0,31.0,0.0,3.98,107.0,5.19,1.36,145.0,511500.0,0.622,False
2016,fistedo01,Doug Fister,HOU,P,SP,32.0,32.0,-0.2,7.0,,,,,,,180.33,32.0,0.0,4.64,84.0,4.75,1.425,115.0,7000000.0,6.337,False
2016,florewi01,Wilmer Flores,NYM,H,3B,24.0,103.0,0.4,335.0,16.0,1.0,0.267,0.319,0.469,111.0,,,,,,,,,526014.0,2.017,False
2016,flowety01,Tyler Flowers,ATL,H,C,30.0,83.0,0.4,325.0,8.0,0.0,0.27,0.357,0.42,109.0,,,,,,,,,2000000.0,4.86,False
2016,flynnbr01,Brian Flynn,KCR,P,RP,26.0,36.0,1.2,,,,,,,,55.33,1.0,0.0,2.6,166.0,4.03,1.102,44.0,507500,1.186,True
2016,foltymi01,Mike Foltynewicz,ATL,P,SP,24.0,22.0,1.4,42.0,,,,,,,123.33,22.0,0.0,4.31,96.0,4.24,1.297,111.0,,1.343,False
2016,forsylo01,Logan Forsythe,TBR,H,2B,29.0,127.0,3.5,567.0,20.0,6.0,0.264,0.333,0.444,113.0,,,,,,,,,2250000.0,4.657,False
2016,fowlede01,Dexter Fowler,CHC,H,CF,30.0,125.0,4.0,551.0,13.0,13.0,0.276,0.393,0.447,123.0,,,,,,,,,8000000.0,6.977,False
2016,francje02,Jeff Francoeur,2TM,H,LF,32.0,125.0,0.3,331.0,7.0,2.0,0.254,0.297,0.378,81.0,,,,,,,,,1000000.0,9.436,False
2016,francma02,Maikel Franco,PHI,H,3B,23.0,152.0,0.6,630.0,25.0,1.0,0.255,0.306,0.427,94.0,,,,,,,,,517500.0,0.988,False
2016,frazito01,Todd Frazier,CHW,H,3B,30.0,158.0,3.6,666.0,40.0,15.0,0.225,0.302,0.464,107.0,,,,,,,,,8250000.0,4.413,False
2016,freemfr01,Freddie Freeman,ATL,H,1B,26.0,158.0,6.3,693.0,34.0,6.0,0.302,0.4,0.569,157.0,,,,,,,,,12000000.0,5.192,False
2016,freesda01,David Freese,PIT,H,3B,33.0,141.0,1.8,492.0,13.0,0.0,0.27,0.352,0.412,104.0,,,,,,,,,3000000.0,6.163,False
2016,friedch01,Christian Friedrich,SDP,P,SP,28.0,24.0,0.2,43.0,,,,,,,129.33,23.0,0.0,4.8,83.0,4.16,1.415,100.0,507500,2.436,True
2016,fulmemi01,Michael Fulmer,DET,P,SP,23.0,26.0,5.4,2.0,,,,,,,159.0,26.0,0.0,3.06,139.0,3.76,1.119,132.0,,0.0,False
2016,gallayo01,Yovani Gallardo,BAL,P,SP,30.0,23.0,0.1,6.0,,,,,,,118.0,23.0,0.0,5.42,79.0,5.04,1.585,85.0,9000000.0,8.628,False
2016,galvifr01,Freddy Galvis,PHI,H,SS,26.0,158.0,0.9,624.0,20.0,17.0,0.241,0.274,0.399,78.0,,,,,,,,,2000000.0,3.122,False
2016,gantjo01,John Gant,ATL,P,RP,23.0,20.0,-0.3,10.0,,,,,,,50.0,7.0,0.0,4.86,86.0,4.39,1.5,49.0,507500.0,0.0,False
2016,garciad01,Adonis García,ATL,H,3B,31.0,134.0,0,563.0,14.0,3.0,0.273,0.311,0.406,91.0,,,,,,,,,508750.0,0.442,False
2016,garciav01,Avisaíl García,CHW,H,DH,25.0,120.0,0.9,453.0,12.0,4.0,0.245,0.307,0.385,89.0,,,,,,,,,2100000.0,2.971,False
2016,garcija01,Santiago Casilla,SFG,P,RP,35.0,62.0,0.7,,,,,,,,58.0,0,31.0,3.57,113.0,3.94,1.19,65.0,6500000.0,8.86,False
2016,garcija02,Jaime García,STL,P,SP,29.0,32.0,1.0,51.0,,,,,,,171.67,30.0,0.0,4.67,87.0,4.49,1.375,150.0,11500000.0,7.273,False
2016,gardnbr01,Brett Gardner,NYY,H,LF,32.0,148.0,3.2,634.0,7.0,16.0,0.261,0.351,0.362,92.0,,,,,,,,,13500000.0,7.419,False
2016,garzama01,Matt Garza,MIL,P,SP,32.0,19.0,-0.7,33.0,,,,,,,101.67,19.0,0.0,4.51,95.0,4.33,1.505,70.0,12500000.0,8.866,False
2016,gattiev01,Evan Gattis,HOU,H,DH,29.0,128.0,2.9,499.0,32.0,2.0,0.251,0.319,0.508,125.0,,,,,,,,,3200000.0,3.0,False
2016,gausmke01,Kevin Gausman,BAL,P,SP,25.0,30.0,3.9,3.0,,,,,,,179.67,30.0,0.0,3.61,119.0,4.1,1.28,174.0,532000.0,1.878,False
2016,geedi01,Dillon Gee,KCR,P,RP,30.0,33.0,0.7,3.0,,,,,,,125.0,14.0,0.0,4.68,92.0,5.25,1.464,89.0,2000000.0,4.628,False
2016,gennesc01,Scooter Gennett,MIL,H,2B,26.0,136.0,0.5,542.0,14.0,8.0,0.263,0.317,0.412,91.0,,,,,,,,,518100.0,2.413,False
2016,giavojo01,Johnny Giavotella,LAA,H,2B,28.0,99.0,0.2,367.0,6.0,4.0,0.26,0.287,0.376,82.0,,,,,,,,,532500.0,2.32,False
2016,gibsoky01,Kyle Gibson,MIN,P,SP,28.0,25.0,0.8,8.0,,,,,,,147.33,25.0,0.0,5.07,83.0,4.7,1.561,104.0,587500.0,2.326,False
2016,gileske01,Ken Giles,HOU,P,RP,25.0,69.0,-0.3,,,,,,,,65.67,0,15.0,4.11,96.0,2.86,1.294,102.0,528200.0,1.657,False
2016,givenmy01,Mychal Givens,BAL,P,RP,26.0,66.0,1.5,2.0,,,,,,,74.67,0,0.0,3.13,138.0,3.31,1.272,96.0,507500,0.401,True
2016,godleza01,Zack Godley,ARI,P,RP,26.0,27.0,-0.5,19.0,,,,,,,74.67,9.0,0.0,6.39,70.0,4.97,1.487,60.0,507500,0.0,True
2016,goldspa01,Paul Goldschmidt,ARI,H,1B,28.0,158.0,4.9,705.0,24.0,32.0,0.297,0.411,0.489,133.0,,,,,,,,,5875000.0,4.343,False
2016,gomezca01,Carlos Gómez,2TM,H,CF,30.0,118.0,0,453.0,13.0,18.0,0.231,0.298,0.384,85.0,,,,,,,,,9000000.0,8.82,False
2016,gomezje01,Jeanmar Gómez,PHI,P,RP,28.0,70.0,-0.2,,,,,,,,68.67,0,37.0,4.85,86.0,3.96,1.456,47.0,1400000.0,4.366,False
2016,gonzaad01,Adrián González,LAD,H,1B,34.0,156.0,1.8,633.0,18.0,0.0,0.285,0.349,0.435,111.0,,,,,,,,,21857000.0,10.628,False
2016,gonzaca01,Carlos González,COL,H,RF,30.0,150.0,2.3,632.0,25.0,2.0,0.298,0.35,0.505,111.0,,,,,,,,,17000000.0,7.343,False
2016,gonzagi01,Gio González,WSN,P,SP,30.0,32.0,0.8,59.0,,,,,,,177.33,32.0,0.0,4.57,93.0,3.76,1.342,171.0,12000000.0,6.942,False
2016,gonzama01,Marwin González,HOU,H,1B,27.0,141.0,1.4,518.0,13.0,12.0,0.254,0.293,0.401,91.0,,,,,,,,,2000000.0,3.773,False
2016,gonzami03,Miguel González,CHW,P,SP,32.0,24.0,2.2,1.0,,,,,,,135.0,23.0,0.0,3.73,109.0,3.71,1.237,95.0,,4.552,False
2016,gordoal01,Alex Gordon,KCR,H,LF,32.0,128.0,0.8,506.0,17.0,8.0,0.22,0.312,0.38,85.0,,,,,,,,,12000000.0,8.535,False
2016,gordode01,Dee Strange-Gordon,MIA,H,2B,28.0,79.0,0.6,346.0,1.0,30.0,0.268,0.305,0.335,77.0,,,,,,,,,3300000.0,3.895,False
2016,grandcu01,Curtis Granderson,NYM,H,RF,35.0,150.0,2.9,633.0,30.0,4.0,0.237,0.335,0.464,114.0,,,,,,,,,16000000.0,10.448,False
2016,grandya01,Yasmani Grandal,LAD,H,C,27.0,126.0,3.0,457.0,27.0,1.0,0.228,0.339,0.477,118.0,,,,,,,,,2800000.0,3.669,False
2016,graveke01,Kendall Graveman,ATH,P,SP,25.0,31.0,3.4,5.0,,,,,,,186.0,31.0,0.0,4.11,99.0,4.39,1.306,108.0,512500.0,1.081,False
2016,grayjo02,Jon Gray,COL,P,SP,24.0,29.0,2.0,55.0,,,,,,,168.0,29.0,0.0,4.61,105.0,3.6,1.262,185.0,509500.0,0.36,False
2016,grayso01,Sonny Gray,ATH,P,SP,26.0,22.0,-0.3,3.0,,,,,,,117.0,22.0,0.0,5.69,72.0,4.67,1.496,94.0,527500.0,2.355,False
2016,greensh02,Shane Greene,DET,P,RP,27.0,50.0,-0.4,2.0,,,,,,,60.33,3.0,2.0,5.82,73.0,3.13,1.326,59.0,517000.0,1.436,False
2016,gregelu01,Luke Gregerson,HOU,P,RP,32.0,59.0,0.5,,,,,,,,57.67,0,15.0,3.28,120.0,2.99,0.971,67.0,6250000.0,7.0,False
2016,gregodi01,Didi Gregorius,NYY,H,SS,26.0,153.0,2.2,597.0,20.0,7.0,0.276,0.304,0.447,97.0,,,,,,,,,2425000.0,2.924,False
2016,greinza01,Zack Greinke,ARI,P,SP,32.0,26.0,2.7,60.0,,,,,,,158.67,26.0,0.0,4.37,102.0,4.12,1.273,134.0,34000000.0,11.331,False
2016,grichra01,Randal Grichuk,STL,H,CF,24.0,132.0,2.6,478.0,24.0,5.0,0.24,0.289,0.48,102.0,,,,,,,,,520000.0,1.355,False
2016,griffaj01,A.J. Griffin,TEX,P,SP,28.0,23.0,1.0,2.0,,,,,,,119.0,23.0,0.0,5.07,90.0,5.74,1.361,107.0,,3.593,False
2016,grillja01,Jason Grilli,2TM,P,RP,39.0,67.0,0.4,,,,,,,,59.0,0,4.0,4.12,104.0,4.33,1.288,81.0,3500000.0,9.093,False
2016,grimmju01,Justin Grimm,CHC,P,RP,27.0,68.0,0.2,,,,,,,,52.67,0,0.0,4.1,102.0,3.28,1.329,65.0,1275000.0,2.988,False
2016,grossro01,Robbie Grossman,MIN,H,LF,26.0,99.0,0.3,389.0,11.0,2.0,0.28,0.386,0.443,124.0,,,,,,,,,507500,2.331,True
2016,guerrde01,Deolis Guerra,LAA,P,RP,27.0,44.0,0.4,,,,,,,,53.33,0,0.0,3.21,126.0,3.76,1.106,36.0,507500,0.0,True
2016,guerrju02,Junior Guerra,MIL,P,SP,31.0,20.0,3.9,43.0,,,,,,,121.67,20.0,0.0,2.81,152.0,3.7,1.126,100.0,,0.029,False
2016,guyerbr01,Brandon Guyer,2TM,H,LF,30.0,101.0,2.0,345.0,9.0,3.0,0.266,0.372,0.423,117.0,,,,,,,,,1185000.0,3.384,False
2016,gyorkje01,Jedd Gyorko,STL,H,2B,27.0,128.0,2.7,438.0,30.0,0.0,0.243,0.306,0.495,111.0,,,,,,,,,4000000.0,2.953,False
2016,hamelco01,Cole Hamels,TEX,P,SP,32.0,32.0,5.2,8.0,,,,,,,200.67,32.0,0.0,3.32,137.0,3.98,1.306,200.0,23500000.0,9.831,False
2016,hamilbi02,Billy Hamilton,CIN,H,CF,25.0,119.0,3.1,460.0,3.0,58.0,0.26,0.321,0.343,77.0,,,,,,,,,570000.0,2.163,False
2016,hammeja01,Jason Hammel,CHC,P,SP,33.0,30.0,1.6,69.0,,,,,,,166.67,30.0,0.0,3.83,109.0,4.48,1.206,144.0,9000000.0,8.89,False
2016,handbr01,Brad Hand,SDP,P,RP,26.0,82.0,1.6,5.0,,,,,,,89.33,0,1.0,2.92,136.0,3.07,1.108,111.0,507500,2.535,True
2016,happja01,J.A. Happ,TOR,P,SP,33.0,32.0,4.8,10.0,,,,,,,195.0,32.0,0.0,3.18,134.0,3.96,1.169,163.0,10000000.0,7.273,False
2016,hardyjj01,J.J. Hardy,BAL,H,SS,33.0,115.0,2.1,438.0,9.0,0.0,0.269,0.309,0.407,91.0,,,,,,,,,12500000.0,10.953,False
2016,harpebr03,Bryce Harper,WSN,H,RF,23.0,147.0,1.6,627.0,24.0,21.0,0.243,0.373,0.441,114.0,,,,,,,,,5000000.0,3.924,False
2016,harrijo05,Josh Harrison,PIT,H,2B,28.0,131.0,1.9,522.0,4.0,19.0,0.283,0.311,0.388,86.0,,,,,,,,,5250000.0,4.192,False
2016,harriwi10,Will Harris,HOU,P,RP,31.0,66.0,1.6,,,,,,,,64.0,0,12.0,2.25,175.0,2.35,1.047,69.0,525500.0,2.593,False
2016,harvema01,Matt Harvey,NYM,P,SP,27.0,17.0,-0.1,25.0,,,,,,,92.67,17.0,0.0,4.86,83.0,3.47,1.468,76.0,4325000.0,3.419,False
2016,headlch01,Chase Headley,NYY,H,3B,32.0,140.0,2.5,529.0,14.0,8.0,0.253,0.331,0.385,91.0,,,,,,,,,13000000.0,7.715,False
2016,hechaad01,Adeiny Hechavarría,MIA,H,SS,27.0,155.0,1.2,547.0,3.0,1.0,0.236,0.283,0.311,64.0,,,,,,,,,2625000.0,3.349,False
2016,hellije01,Jeremy Hellickson,PHI,P,SP,29.0,32.0,3.1,66.0,,,,,,,189.0,32.0,0.0,3.71,113.0,3.98,1.153,154.0,7000000.0,5.262,False
2016,hembrhe01,Heath Hembree,BOS,P,RP,27.0,38.0,0.4,,,,,,,,51.0,0,0.0,2.65,170.0,3.83,1.333,47.0,507500,1.279,True
2016,hendrky01,Kyle Hendricks,CHC,P,SP,26.0,31.0,5.1,68.0,,,,,,,190.0,30.0,0.0,2.13,196.0,3.2,0.979,170.0,541000.0,1.471,False
2016,hendrli01,Liam Hendriks,ATH,P,RP,27.0,53.0,0.7,,,,,,,,64.67,0,0.0,3.76,109.0,2.85,1.284,71.0,523400.0,2.221,False
2016,hernace02,César Hernández,PHI,H,2B,26.0,155.0,3.0,622.0,6.0,17.0,0.294,0.371,0.393,106.0,,,,,,,,,525000.0,1.895,False
2016,hernada01,David Hernández,PHI,P,RP,31.0,70.0,0.9,,,,,,,,72.67,0,1.0,3.84,109.0,4.32,1.5,80.0,3900000.0,6.552,False
2016,hernafe02,Félix Hernández,SEA,P,SP,30.0,25.0,1.2,8.0,,,,,,,153.33,25.0,0.0,3.82,106.0,4.63,1.324,122.0,25857000.0,10.349,False
2016,herreke01,Kelvin Herrera,KCR,P,RP,26.0,72.0,2.0,,,,,,,,72.0,0,12.0,2.75,157.0,2.47,0.958,86.0,2550000.0,3.913,False
2016,herreod01,Odúbel Herrera,PHI,H,CF,24.0,159.0,4.7,656.0,15.0,25.0,0.286,0.361,0.42,109.0,,,,,,,,,528000.0,1.0,False
2016,heywaja01,Jason Heyward,CHC,H,RF,26.0,142.0,1.0,592.0,7.0,11.0,0.23,0.306,0.325,68.0,,,,,,,,,21666666.0,6.0,False
2016,hicksaa01,Aaron Hicks,NYY,H,RF,26.0,123.0,-0.2,361.0,8.0,3.0,0.217,0.281,0.336,65.0,,,,,,,,,574000.0,2.238,False
2016,hillaa01,Aaron Hill,2TM,H,3B,34.0,125.0,1.5,429.0,10.0,4.0,0.262,0.336,0.378,89.0,,,,,,,,,12000000.0,10.791,False
2016,hillri01,Rich Hill,2TM,P,SP,36.0,20.0,4.2,12.0,,,,,,,110.33,20.0,0.0,2.12,193.0,2.39,0.997,129.0,6000000.0,6.738,False
2016,hollade01,Derek Holland,TEX,P,SP,29.0,22.0,0.9,2.0,,,,,,,107.33,20.0,0.0,4.95,92.0,4.75,1.407,67.0,10000000.0,6.698,False
2016,hollima01,Matt Holliday,STL,H,LF,36.0,110.0,0.4,426.0,20.0,0.0,0.246,0.322,0.461,107.0,,,,,,,,,17000000.0,12.0,False
2016,holtbr01,Brock Holt,BOS,H,LF,28.0,94.0,1.7,324.0,7.0,4.0,0.255,0.322,0.383,86.0,,,,,,,,,606000.0,2.302,False
2016,hosmeer01,Eric Hosmer,KCR,H,1B,26.0,158.0,1.7,667.0,25.0,5.0,0.266,0.328,0.433,102.0,,,,,,,,,8250000.0,4.849,False
2016,howarry01,Ryan Howard,PHI,H,1B,36.0,112.0,-1.3,362.0,25.0,0.0,0.196,0.257,0.453,85.0,,,,,,,,,25000000.0,10.843,False
2016,howeljp01,J.P. Howell,LAD,P,RP,33.0,64.0,0.3,2.0,,,,,,,50.67,0,0.0,4.09,99.0,3.5,1.401,44.0,6250000.0,9.041,False
2016,hudsoda01,Daniel Hudson,ARI,P,RP,29.0,70.0,-0.5,,,,,,,,60.33,0,5.0,5.22,86.0,3.81,1.442,58.0,2700000.0,5.68,False
2016,hugheja02,Jared Hughes,PIT,P,RP,30.0,67.0,0.9,1.0,,,,,,,59.33,0,1.0,3.03,137.0,4.68,1.416,34.0,2175000.0,3.942,False
2016,hugheph01,Phil Hughes,MIN,P,SP,30.0,12.0,-0.1,2.0,,,,,,,59.0,11.0,0.0,5.95,71.0,5.08,1.508,34.0,9200000.0,8.657,False
2016,hundlni01,Nick Hundley,COL,H,C,32.0,83.0,0.1,317.0,10.0,0.0,0.26,0.32,0.439,88.0,,,,,,,,,3150000.0,7.343,False
2016,iannech01,Chris Iannetta,SEA,H,C,33.0,94.0,0.1,338.0,7.0,0.0,0.21,0.303,0.329,75.0,,,,,,,,,4250000.0,9.076,False
2016,iglesjo01,Jose Iglesias,DET,H,SS,26.0,137.0,2.3,513.0,4.0,7.0,0.255,0.306,0.336,74.0,,,,,,,,,2100000.0,3.209,False
2016,iglesra01,Raisel Iglesias,CIN,P,RP,26.0,37.0,2.6,11.0,,,,,,,78.33,5.0,6.0,2.53,169.0,3.38,1.136,83.0,3214286.0,0.895,False
2016,inciaen01,Ender Inciarte,ATL,H,CF,25.0,131.0,3.8,578.0,3.0,16.0,0.291,0.351,0.381,98.0,,,,,,,,,523000.0,1.913,False
2016,iwakuhi01,Hisashi Iwakuma,SEA,P,SP,35.0,33.0,2.4,3.0,,,,,,,199.0,33.0,0.0,4.12,98.0,4.27,1.327,147.0,11000000.0,4.0,False
2016,jacksed01,Edwin Jackson,2TM,P,SP,32.0,21.0,-0.3,27.0,,,,,,,84.0,13.0,0.0,5.89,68.0,5.36,1.583,61.0,13000000.0,10.372,False
2016,jankotr01,Travis Jankowski,SDP,H,CF,25.0,131.0,1.3,383.0,2.0,30.0,0.245,0.332,0.313,78.0,,,,,,,,,508800.0,0.273,False
2016,janseke01,Kenley Jansen,LAD,P,RP,28.0,71.0,2.8,,,,,,,,68.67,0,47.0,1.83,219.0,1.44,0.67,104.0,10650000.0,5.424,False
2016,jasojo01,John Jaso,PIT,H,1B,32.0,132.0,0.6,432.0,8.0,0.0,0.268,0.353,0.413,105.0,,,,,,,,,4000000.0,6.186,False
2016,jayjo02,Jon Jay,SDP,H,CF,31.0,90.0,1.2,374.0,2.0,2.0,0.291,0.339,0.389,98.0,,,,,,,,,6850000.0,5.779,False
2016,jeffrje01,Jeremy Jeffress,2TM,P,RP,28.0,59.0,1.7,,,,,,,,58.0,0,27.0,2.33,188.0,3.28,1.259,42.0,519100.0,2.605,False
2016,jenkity01,Tyrell Jenkins,ATL,P,SP,23.0,14.0,-0.4,17.0,,,,,,,52.0,8.0,0.0,5.88,71.0,6.86,1.692,26.0,507500,,True
2016,jennida01,Dan Jennings,CHW,P,RP,29.0,64.0,1.6,,,,,,,,60.67,0,1.0,2.08,196.0,3.38,1.401,46.0,810000.0,2.994,False
2016,jimenub01,Ubaldo Jiménez,BAL,P,SP,32.0,29.0,-0.5,4.0,,,,,,,142.33,25.0,1.0,5.44,79.0,4.43,1.56,125.0,13000000.0,8.506,False
2016,johnsji04,Jim Johnson,ATL,P,RP,33.0,65.0,1.5,1.0,,,,,,,64.67,0,20.0,3.06,136.0,2.71,1.191,68.0,2500000.0,7.936,False
2016,johnske05,Kelly Johnson,2TM,H,2B,34.0,131.0,-0.1,333.0,10.0,4.0,0.247,0.306,0.391,87.0,,,,,,,,,2000000.0,10.738,False
2016,jonesad01,Adam Jones,BAL,H,CF,30.0,152.0,1.6,672.0,29.0,2.0,0.265,0.31,0.436,98.0,,,,,,,,,16333333.0,8.808,False
2016,jonesna01,Nate Jones,CHW,P,RP,30.0,71.0,2.3,,,,,,,,70.67,0,3.0,2.29,177.0,2.93,0.892,80.0,900000.0,4.0,False
2016,josepto01,Tommy Joseph,PHI,H,1B,24.0,107.0,0.5,347.0,21.0,1.0,0.257,0.308,0.505,113.0,,,,,,,,,507500,0.0,True
2016,kangju01,Jung Ho Kang,PIT,H,3B,29.0,103.0,2.2,370.0,21.0,3.0,0.255,0.354,0.513,129.0,,,,,,,,,2500000.0,1.0,False
2016,karnsna01,Nate Karns,SEA,P,SP,28.0,22.0,0.1,1.0,,,,,,,94.33,15.0,1.0,5.15,79.0,4.05,1.484,101.0,523700.0,1.192,False
2016,kazmisc01,Scott Kazmir,LAD,P,SP,32.0,26.0,0.3,50.0,,,,,,,136.33,26.0,0.0,4.56,88.0,4.48,1.357,134.0,12666667.0,9.692,False
2016,kellesh01,Shawn Kelley,WSN,P,RP,32.0,67.0,1.5,1.0,,,,,,,58.0,0,7.0,2.64,162.0,2.97,0.897,80.0,4000000.0,6.744,False
2016,kempma01,Matt Kemp,2TM,H,RF,31.0,156.0,0.3,672.0,35.0,1.0,0.268,0.304,0.499,113.0,,,,,,,,,21750000.0,9.285,False
2016,kendrho01,Howie Kendrick,LAD,H,LF,32.0,146.0,0.8,543.0,8.0,10.0,0.255,0.326,0.366,87.0,,,,,,,,,10000000.0,9.529,False
2016,kenneia01,Ian Kennedy,KCR,P,SP,31.0,33.0,4.3,3.0,,,,,,,195.67,33.0,0.0,3.68,117.0,4.67,1.221,184.0,7500000.0,6.721,False
2016,keplema01,Max Kepler,MIN,H,RF,23.0,113.0,2.5,447.0,17.0,6.0,0.235,0.309,0.424,96.0,,,,,,,,,,0.0,False
2016,kershcl01,Clayton Kershaw,LAD,P,SP,28.0,21.0,6.0,50.0,,,,,,,149.0,21.0,0.0,1.69,237.0,1.8,0.725,172.0,34571429.0,7.61,False
2016,keuchda01,Dallas Keuchel,HOU,P,SP,28.0,26.0,0.3,2.0,,,,,,,168.0,26.0,0.0,4.55,86.0,3.87,1.286,144.0,7250000.0,3.517,False
2016,kiermke01,Kevin Kiermaier,TBR,H,CF,26.0,105.0,5.4,414.0,12.0,21.0,0.246,0.331,0.41,104.0,,,,,,,,,514400.0,1.762,False
2016,kimbrcr01,Craig Kimbrel,BOS,P,RP,28.0,57.0,0.8,,,,,,,,53.0,0,31.0,3.4,132.0,2.92,1.094,83.0,11250000.0,5.384,False
2016,kimhy01,Hyun Soo Kim,BAL,H,LF,28.0,95.0,1.0,346.0,6.0,1.0,0.302,0.382,0.42,116.0,,,,,,,,,2800000.0,0.0,False
2016,kinslia01,Ian Kinsler,DET,H,2B,34.0,153.0,5.6,679.0,28.0,14.0,0.288,0.348,0.484,122.0,,,,,,,,,14000000.0,10.0,False
2016,kintzbr01,Brandon Kintzler,MIN,P,RP,31.0,54.0,1.1,,,,,,,,54.33,0,17.0,3.15,135.0,3.61,1.233,35.0,,4.587,False
2016,kipnija01,Jason Kipnis,CLE,H,2B,29.0,156.0,3.9,688.0,23.0,15.0,0.275,0.343,0.469,109.0,,,,,,,,,6166667.0,4.401,False
2016,klubeco01,Corey Kluber,CLE,P,SP,30.0,32.0,5.7,6.0,,,,,,,215.0,32.0,0.0,3.14,144.0,3.26,1.056,227.0,4700000.0,3.43,False
2016,koehlto01,Tom Koehler,MIA,P,SP,30.0,33.0,0.4,56.0,,,,,,,176.67,33.0,0.0,4.33,91.0,4.6,1.466,147.0,3500000.0,3.093,False
2016,kontoge01,George Kontos,SFG,P,RP,31.0,57.0,0.8,,,,,,,,53.33,0,0.0,2.53,159.0,3.8,1.163,35.0,1150000.0,2.994,False
2016,krolia01,Ian Krol,ATL,P,RP,25.0,63.0,1.0,1.0,,,,,,,51.0,0,0.0,3.18,131.0,2.91,1.314,56.0,507500,2.477,True
2016,kuhlch01,Chad Kuhl,PIT,P,SP,23.0,14.0,0.8,26.0,,,,,,,70.67,14.0,0.0,4.2,99.0,3.95,1.316,53.0,507500,0.0,True
2016,lackejo01,John Lackey,CHC,P,SP,37.0,29.0,2.5,69.0,,,,,,,188.33,29.0,0.0,3.35,125.0,3.81,1.057,180.0,16000000.0,13.552,False
2016,lambja01,Jake Lamb,ARI,H,3B,25.0,151.0,2.9,594.0,29.0,6.0,0.249,0.332,0.509,114.0,,,,,,,,,520300.0,1.308,False
2016,lambjo02,John Lamb,CIN,P,SP,25.0,14.0,-1.0,22.0,,,,,,,70.0,14.0,0.0,6.43,67.0,5.46,1.643,58.0,507500.0,0.314,False
2016,latosma01,Mat Latos,2TM,P,SP,28.0,17.0,0.3,5.0,,,,,,,70.0,12.0,0.0,4.89,84.0,5.32,1.486,42.0,3000000.0,6.459,False
2016,lawde01,Derek Law,SFG,P,RP,25.0,61.0,1.4,1.0,,,,,,,55.0,0,1.0,2.13,190.0,2.53,0.964,50.0,507500,0.0,True
2016,lawribr01,Brett Lawrie,CHW,H,2B,26.0,94.0,1.3,384.0,12.0,7.0,0.248,0.31,0.413,97.0,,,,,,,,,4125000.0,4.32,False
2016,leakemi01,Mike Leake,STL,P,SP,28.0,30.0,0.7,55.0,,,,,,,176.67,30.0,0.0,4.69,87.0,3.83,1.319,125.0,12000000.0,6.0,False
2016,leblawa01,Wade LeBlanc,2TM,P,RP,31.0,19.0,0.5,1.0,,,,,,,62.0,8.0,2.0,3.77,109.0,4.97,1.129,51.0,507500,2.762,True
2016,leeda02,Dae-ho Lee,SEA,H,1B,34.0,104.0,0.3,317.0,14.0,0.0,0.253,0.312,0.428,102.0,,,,,,,,,1000000.0,0.0,False
2016,lemahdj01,DJ LeMahieu,COL,H,2B,27.0,146.0,5.5,635.0,11.0,11.0,0.348,0.416,0.495,128.0,,,,,,,,,3000000.0,3.744,False
2016,lestejo01,Jon Lester,CHC,P,SP,32.0,32.0,5.5,75.0,,,,,,,202.67,32.0,0.0,2.44,171.0,3.41,1.016,197.0,25000000.0,9.436,False
2016,lewisco01,Colby Lewis,TEX,P,SP,36.0,19.0,2.4,,,,,,,,116.33,19.0,0.0,3.71,123.0,4.81,1.126,73.0,6000000.0,9.767,False
2016,lindad01,Adam Lind,SEA,H,1B,32.0,126.0,-0.3,430.0,20.0,0.0,0.239,0.286,0.431,94.0,,,,,,,,,8000000.0,8.337,False
2016,lindofr01,Francisco Lindor,CLE,H,SS,22.0,158.0,5.2,684.0,15.0,19.0,0.301,0.358,0.435,106.0,,,,,,,,,540300.0,0.657,False
2016,liriafr01,Francisco Liriano,2TM,P,SP,32.0,31.0,0.8,42.0,,,,,,,163.0,29.0,0.0,4.69,89.0,4.89,1.485,168.0,13666667.0,9.605,False
2016,lockeje01,Jeff Locke,PIT,P,SP,28.0,30.0,-0.4,39.0,,,,,,,127.33,19.0,0.0,5.44,76.0,4.84,1.531,73.0,3025000.0,3.116,False
2016,loneyja01,James Loney,NYM,H,1B,32.0,100.0,0,366.0,9.0,0.0,0.265,0.307,0.397,89.0,,,,,,,,,,9.07,False
2016,longoev01,Evan Longoria,TBR,H,3B,30.0,160.0,4.7,685.0,36.0,0.0,0.273,0.318,0.521,127.0,,,,,,,,,11500000.0,7.988,False
2016,lorenmi01,Michael Lorenzen,CIN,P,RP,24.0,35.0,1.4,5.0,,,,,,,50.0,0,0.0,2.88,149.0,3.67,1.08,48.0,516500.0,0.924,False
2016,lowrije01,Jed Lowrie,ATH,H,2B,32.0,87.0,-0.6,369.0,2.0,0.0,0.263,0.314,0.322,77.0,,,,,,,,,7500000.0,7.645,False
2016,lucrojo01,Jonathan Lucroy,2TM,H,C,30.0,142.0,3.7,544.0,24.0,5.0,0.292,0.355,0.5,123.0,,,,,,,,,4000000.0,5.791,False
2016,lugose01,Seth Lugo,NYM,P,RP,26.0,17.0,1.7,18.0,,,,,,,64.0,8.0,0.0,2.67,151.0,4.33,1.094,45.0,507500,0.0,True
2016,lylesjo01,Jordan Lyles,COL,P,RP,25.0,40.0,-1.0,8.0,,,,,,,58.67,5.0,1.0,5.83,83.0,4.58,1.653,32.0,2975000.0,4.349,False
2016,machama01,Manny Machado,BAL,H,3B,23.0,157.0,7.4,696.0,37.0,0.0,0.294,0.343,0.533,130.0,,,,,,,,,5000000.0,3.326,False
2016,madsory01,Ryan Madson,ATH,P,RP,35.0,63.0,1.3,1.0,,,,,,,64.67,0,30.0,3.62,113.0,4.06,1.284,49.0,6666667.0,10.901,False
2016,maedake01,Kenta Maeda,LAD,P,SP,28.0,32.0,2.8,66.0,,,,,,,175.67,32.0,0.0,3.48,115.0,3.58,1.139,179.0,3125000.0,0.0,False
2016,manaese01,Sean Manaea,ATH,P,SP,24.0,25.0,3.0,2.0,,,,,,,144.67,24.0,0.0,3.86,106.0,4.08,1.189,124.0,,0.0,False
2016,marinjh01,Jhan Mariñez,2TM,P,RP,27.0,46.0,0.8,3.0,,,,,,,62.33,0,0.0,3.18,135.0,3.68,1.332,50.0,507500,0.552,True
2016,marisja01,Jake Marisnick,HOU,H,CF,25.0,118.0,1.7,311.0,5.0,10.0,0.209,0.257,0.331,62.0,,,,,,,,,519500.0,1.843,False
2016,markani01,Nick Markakis,ATL,H,RF,32.0,158.0,1.7,684.0,13.0,0.0,0.269,0.346,0.397,100.0,,,,,,,,,11000000.0,10.0,False
2016,marteke01,Ketel Marte,SEA,H,SS,22.0,119.0,0.2,466.0,1.0,11.0,0.259,0.287,0.323,68.0,,,,,,,,,515400.0,0.384,False
2016,martest01,Starling Marte,PIT,H,LF,27.0,129.0,4.7,529.0,9.0,47.0,0.311,0.362,0.456,118.0,,,,,,,,,3333333.0,3.407,False
2016,martica04,Carlos Martínez,STL,P,SP,24.0,31.0,6.2,65.0,,,,,,,195.33,31.0,0.0,3.04,133.0,3.61,1.224,174.0,539000.0,2.424,False
2016,martijd02,J.D. Martinez,DET,H,RF,28.0,120.0,1.8,517.0,22.0,1.0,0.307,0.373,0.535,142.0,,,,,,,,,6750000.0,4.209,False
2016,martile01,Leonys Martín,SEA,H,CF,28.0,143.0,1.2,576.0,15.0,24.0,0.247,0.306,0.378,88.0,,,,,,,,,4150000.0,3.453,False
2016,martiru01,Russell Martin,TOR,H,C,33.0,137.0,2.1,535.0,20.0,2.0,0.231,0.335,0.398,96.0,,,,,,,,,15000000.0,9.872,False
2016,martivi01,Victor Martinez,DET,H,DH,37.0,154.0,1.4,610.0,27.0,0.0,0.289,0.351,0.476,121.0,,,,,,,,,18000000.0,12.663,False
2016,matzst01,Steven Matz,NYM,P,SP,25.0,22.0,2.6,45.0,,,,,,,132.33,22.0,0.0,3.4,118.0,3.39,1.209,129.0,515750.0,0.576,False
2016,mauerjo01,Joe Mauer,MIN,H,1B,33.0,134.0,2.3,576.0,11.0,2.0,0.261,0.363,0.389,104.0,,,,,,,,,23000000.0,12.0,False
2016,maurebr01,Brandon Maurer,SDP,P,RP,25.0,71.0,-0.2,,,,,,,,69.67,0,13.0,4.52,88.0,3.46,1.263,72.0,526400.0,2.517,False
2016,maybica01,Cameron Maybin,DET,H,CF,29.0,94.0,1.6,391.0,4.0,15.0,0.315,0.383,0.418,118.0,,,,,,,,,8000000.0,6.424,False
2016,mazarno01,Nomar Mazara,TEX,H,RF,21.0,145.0,0.4,568.0,20.0,0.0,0.266,0.32,0.419,93.0,,,,,,,,,507500,0.0,True
2016,mcallza01,Zach McAllister,CLE,P,RP,28.0,53.0,0.9,,,,,,,,52.33,2.0,0.0,3.44,132.0,4.01,1.452,54.0,1300000.0,3.448,False
2016,mccanbr01,Brian McCann,NYY,H,C,32.0,130.0,0.8,492.0,20.0,1.0,0.242,0.335,0.413,99.0,,,,,,,,,17000000.0,10.68,False
2016,mccanja02,James McCann,DET,H,C,26.0,105.0,0.9,373.0,12.0,0.0,0.221,0.272,0.358,69.0,,,,,,,,,519500.0,1.163,False
2016,mcculla02,Lance McCullers Jr.,HOU,P,SP,22.0,14.0,1.6,3.0,,,,,,,81.0,14.0,0.0,3.22,122.0,3.0,1.543,106.0,516700.0,0.814,False
2016,mccutan01,Andrew McCutchen,PIT,H,CF,29.0,153.0,-0.4,675.0,24.0,6.0,0.256,0.336,0.43,104.0,,,,,,,,,13000000.0,6.715,False
2016,mcgowdu01,Dustin McGowan,MIA,P,RP,34.0,55.0,0.7,4.0,,,,,,,67.0,0,1.0,2.82,140.0,4.19,1.224,63.0,1000000.0,8.988,False
2016,mchugco01,Collin McHugh,HOU,P,SP,29.0,33.0,0.8,8.0,,,,,,,184.67,33.0,0.0,4.34,90.0,3.95,1.408,177.0,529000.0,2.494,False
2016,melanma01,Mark Melancon,2TM,P,RP,31.0,75.0,2.8,,,,,,,,71.33,0,47.0,1.64,258.0,2.42,0.897,65.0,9650000.0,5.57,False
2016,mengdda01,Daniel Mengden,ATH,P,SP,23.0,14.0,-0.8,6.0,,,,,,,72.0,14.0,0.0,6.5,63.0,4.34,1.611,71.0,507500,0.0,True
2016,mercejo03,Jordy Mercer,PIT,H,SS,29.0,149.0,1.2,584.0,11.0,1.0,0.256,0.328,0.374,88.0,,,,,,,,,2075000.0,3.552,False
2016,merriwh01,Whit Merrifield,KCR,H,2B,27.0,81.0,1.4,332.0,2.0,8.0,0.283,0.323,0.392,91.0,,,,,,,,,507500,0.0,True
2016,mileywa01,Wade Miley,2TM,P,SP,29.0,30.0,0,12.0,,,,,,,166.0,30.0,0.0,5.37,77.0,4.45,1.422,137.0,6167000.0,4.256,False
2016,millean01,Andrew Miller,2TM,P,RP,31.0,70.0,3.7,,,,,,,,74.33,0,12.0,1.45,304.0,1.68,0.686,123.0,9000000.0,7.36,False
2016,millebr02,Brad Miller,TBR,H,SS,26.0,152.0,0.6,601.0,30.0,6.0,0.243,0.304,0.482,113.0,,,,,,,,,527600.0,2.547,False
2016,millesh01,Shelby Miller,ARI,P,SP,25.0,20.0,-0.5,34.0,,,,,,,101.0,20.0,0.0,6.15,73.0,4.87,1.673,70.0,4350000.0,3.174,False
2016,milonto01,Tommy Milone,MIN,P,SP,29.0,19.0,-0.5,2.0,,,,,,,69.33,12.0,0.0,5.71,74.0,5.54,1.529,49.0,4500000.0,3.831,False
2016,miranar01,Aríel Miranda,2TM,P,SP,27.0,12.0,0.7,,,,,,,,58.0,10.0,0.0,3.88,106.0,5.25,1.121,44.0,507500,0.0,True
2016,molinya01,Yadier Molina,STL,H,C,33.0,147.0,2.9,581.0,8.0,3.0,0.307,0.36,0.427,111.0,,,,,,,,,14000000.0,11.715,False
2016,montgmi01,Mike Montgomery,2TM,P,RP,26.0,49.0,2.1,11.0,,,,,,,100.0,7.0,0.0,2.52,164.0,3.79,1.17,92.0,515000.0,0.517,False
2016,moorema02,Matt Moore,2TM,P,SP,27.0,33.0,2.0,35.0,,,,,,,198.33,33.0,0.0,4.08,98.0,4.17,1.291,178.0,5000000.0,4.0,False
2016,moralke01,Kendrys Morales,KCR,H,DH,33.0,154.0,0.9,618.0,30.0,0.0,0.263,0.327,0.468,110.0,,,,,,,,,9000000.0,7.988,False
2016,morelmi01,Mitch Moreland,TEX,H,1B,30.0,147.0,1.2,503.0,22.0,1.0,0.233,0.298,0.422,87.0,,,,,,,,,5700000.0,5.39,False
2016,morgaad01,Adam Morgan,PHI,P,SP,26.0,23.0,-1.1,36.0,,,,,,,113.33,21.0,0.0,6.04,69.0,4.98,1.5,95.0,507500,0.314,True
2016,morinmi01,Mike Morin,LAA,P,RP,25.0,60.0,-0.4,,,,,,,,55.67,0,0.0,4.37,92.0,3.65,1.204,49.0,520000.0,1.797,False
2016,morrilo01,Logan Morrison,TBR,H,1B,28.0,107.0,0.2,398.0,14.0,4.0,0.238,0.319,0.414,101.0,,,,,,,,,4200000.0,5.401,False
2016,mossbr01,Brandon Moss,STL,H,1B,32.0,128.0,0.8,464.0,28.0,1.0,0.225,0.3,0.484,106.0,,,,,,,,,8250000.0,5.93,False
2016,murphda08,Daniel Murphy,WSN,H,2B,31.0,142.0,4.7,582.0,25.0,5.0,0.347,0.39,0.595,155.0,,,,,,,,,8000000.0,6.634,False
2016,musgrjo01,Joe Musgrove,HOU,P,SP,23.0,11.0,0.5,1.0,,,,,,,62.0,10.0,0.0,4.06,97.0,4.18,1.21,55.0,507500,0.0,True
2016,myerswi01,Wil Myers,SDP,H,1B,25.0,157.0,3.4,676.0,28.0,28.0,0.259,0.336,0.461,115.0,,,,,,,,,523900.0,2.605,False
2016,napolmi01,Mike Napoli,CLE,H,1B,34.0,150.0,1.0,645.0,34.0,5.0,0.239,0.335,0.465,106.0,,,,,,,,,7000000.0,9.878,False
2016,naquity01,Tyler Naquin,CLE,H,CF,25.0,116.0,1.3,365.0,14.0,6.0,0.296,0.372,0.514,128.0,,,,,,,,,507500.0,0.0,False
2016,navardi01,Dioner Navarro,2TM,H,C,32.0,101.0,-1.0,334.0,6.0,1.0,0.207,0.265,0.322,61.0,,,,,,,,,4000000.0,9.529,False
2016,nealza01,Zach Neal,ATH,P,RP,27.0,24.0,0.9,2.0,,,,,,,70.0,6.0,2.0,4.24,97.0,4.35,1.114,27.0,507500,,True
2016,nelsoji02,Jimmy Nelson,MIL,P,SP,27.0,32.0,-0.1,59.0,,,,,,,179.33,32.0,0.0,4.62,92.0,5.12,1.517,140.0,522300.0,1.622,False
2016,nerishe01,Hector Neris,PHI,P,RP,27.0,79.0,2.1,,,,,,,,80.33,0,2.0,2.58,163.0,3.3,1.108,102.0,515000.0,0.605,False
2016,nicasju01,Juan Nicasio,PIT,P,RP,29.0,52.0,0.3,20.0,,,,,,,118.0,12.0,0.0,4.5,92.0,3.78,1.373,138.0,3000000.0,4.488,False
2016,nicolju01,Justin Nicolino,MIA,P,SP,24.0,18.0,-0.2,24.0,,,,,,,79.33,13.0,0.0,4.99,79.0,4.39,1.462,37.0,507500,,True
2016,niesejo01,Jon Niese,2TM,P,SP,29.0,29.0,0.0,34.0,,,,,,,121.0,20.0,0.0,5.5,75.0,5.62,1.587,88.0,9000000.0,6.622,False
2016,nieuwki01,Kirk Nieuwenhuis,MIL,H,CF,28.0,125.0,0.8,392.0,13.0,8.0,0.209,0.324,0.385,87.0,,,,,,,,,514000.0,2.651,False
2016,nolaaa01,Aaron Nola,PHI,P,SP,23.0,20.0,-0.2,35.0,,,,,,,111.0,20.0,0.0,4.78,87.0,3.08,1.306,121.0,517500.0,0.442,False
2016,nolasri01,Ricky Nolasco,2TM,P,SP,33.0,32.0,2.0,5.0,,,,,,,197.67,32.0,0.0,4.42,94.0,4.14,1.245,144.0,12000000.0,9.826,False
2016,norribu01,Bud Norris,2TM,P,SP,31.0,35.0,0.4,38.0,,,,,,,113.0,19.0,0.0,5.1,81.0,4.33,1.46,102.0,2500000.0,6.395,False
2016,norrida01,Daniel Norris,DET,P,SP,23.0,14.0,1.7,3.0,,,,,,,69.33,13.0,0.0,3.38,127.0,3.92,1.399,71.0,514500.0,0.709,False
2016,norride01,Derek Norris,SDP,H,C,27.0,125.0,0.4,458.0,14.0,9.0,0.186,0.255,0.328,58.0,,,,,,,,,2925000.0,3.593,False
2016,novaiv01,Iván Nova,2TM,P,SP,29.0,32.0,1.9,28.0,,,,,,,162.0,26.0,1.0,4.17,102.0,4.11,1.253,127.0,4100000.0,5.14,False
2016,nunezed02,Eduardo Núñez,2TM,H,3B,29.0,141.0,1.6,595.0,16.0,40.0,0.288,0.325,0.432,103.0,,,,,,,,,1475000.0,4.523,False
2016,nunovi01,Vidal Nuño III,SEA,P,RP,28.0,55.0,0.9,,,,,,,,58.67,1.0,0.0,3.53,115.0,4.51,1.33,51.0,532900.0,2.087,False
2016,oberhbr01,Brett Oberholtzer,2TM,P,RP,26.0,37.0,-0.5,7.0,,,,,,,70.33,2.0,1.0,5.89,71.0,6.22,1.621,54.0,518000.0,1.738,False
2016,odorija01,Jake Odorizzi,TBR,P,SP,26.0,33.0,3.2,4.0,,,,,,,187.67,33.0,0.0,3.69,108.0,4.31,1.194,166.0,520700.0,2.244,False
2016,odorro01,Rougned Odor,TEX,H,2B,22.0,150.0,2.8,632.0,33.0,14.0,0.271,0.296,0.502,105.0,,,,,,,,,522700.0,1.703,False
2016,ohlenro01,Ross Ohlendorf,CIN,P,RP,33.0,64.0,0.2,,,,,,,,65.67,0,2.0,4.66,92.0,5.58,1.386,68.0,800000.0,6.628,False
2016,ohse01,Seunghwan Oh,STL,P,RP,33.0,76.0,2.9,2.0,,,,,,,79.67,0,19.0,1.92,212.0,2.13,0.916,103.0,2500000.0,0.0,False
2016,orlanpa01,Paulo Orlando,KCR,H,RF,30.0,128.0,2.0,484.0,5.0,14.0,0.302,0.329,0.405,96.0,,,,,,,,,514250.0,0.797,False
2016,ortizda01,David Ortiz,BOS,H,DH,40.0,151.0,5.1,626.0,38.0,2.0,0.315,0.401,0.62,164.0,,,,,,,,,16000000.0,17.279,False
2016,osunaro01,Roberto Osuna,TOR,P,RP,21.0,72.0,2.1,,,,,,,,74.0,0,36.0,2.68,160.0,3.2,0.932,82.0,516100.0,1.0,False
2016,oteroda01,Dan Otero,CLE,P,RP,31.0,62.0,2.5,,,,,,,,70.67,0,1.0,1.53,296.0,2.33,0.906,57.0,520000.0,2.721,False
2016,owingch01,Chris Owings,ARI,H,SS,24.0,119.0,1.0,466.0,5.0,21.0,0.277,0.315,0.416,88.0,,,,,,,,,530500.0,2.157,False
2016,ozunama01,Marcell Ozuna,MIA,H,CF,25.0,148.0,1.9,608.0,23.0,0.0,0.266,0.321,0.452,110.0,,,,,,,,,570000.0,2.721,False
2016,paganan01,Ángel Pagán,SFG,H,LF,34.0,129.0,1.7,543.0,12.0,15.0,0.277,0.331,0.418,102.0,,,,,,,,,11250000.0,9.837,False
2016,panikjo01,Joe Panik,SFG,H,2B,25.0,127.0,1.2,526.0,10.0,5.0,0.239,0.315,0.379,88.0,,,,,,,,,545000.0,1.581,False
2016,parrage01,Gerardo Parra,COL,H,LF,29.0,102.0,-2.3,381.0,7.0,6.0,0.253,0.271,0.399,65.0,,,,,,,,,8000000.0,6.843,False
2016,paxtoja01,James Paxton,SEA,P,SP,27.0,20.0,1.0,4.0,,,,,,,121.0,20.0,0.0,3.79,107.0,2.8,1.306,117.0,,2.157,False
2016,pearcst01,Steve Pearce,2TM,H,1B,33.0,85.0,2.4,302.0,13.0,0.0,0.288,0.374,0.492,136.0,,,,,,,,,4750000.0,6.674,False
2016,peavyja01,Jake Peavy,SFG,P,SP,35.0,31.0,-1.0,31.0,,,,,,,118.67,21.0,0.0,5.54,73.0,4.36,1.433,102.0,15000000.0,13.587,False
2016,pederjo01,Joc Pederson,LAD,H,CF,24.0,137.0,3.3,476.0,25.0,6.0,0.246,0.352,0.495,126.0,,,,,,,,,520000.0,1.163,False
2016,pedrodu01,Dustin Pedroia,BOS,H,2B,32.0,154.0,5.4,698.0,15.0,7.0,0.318,0.376,0.449,117.0,,,,,,,,,13000000.0,9.238,False
2016,pelfrmi01,Mike Pelfrey,DET,P,SP,32.0,24.0,0.1,,,,,,,,119.0,22.0,0.0,5.07,84.0,5.15,1.731,56.0,8000000.0,8.709,False
2016,pencehu01,Hunter Pence,SFG,H,RF,33.0,106.0,2.2,442.0,13.0,1.0,0.289,0.357,0.451,118.0,,,,,,,,,18500000.0,8.907,False
2016,peraljh01,Jhonny Peralta,STL,H,3B,34.0,82.0,-0.3,313.0,8.0,0.0,0.26,0.307,0.408,90.0,,,,,,,,,12500000.0,11.686,False
2016,peralwi01,Wily Peralta,MIL,P,SP,27.0,23.0,0.3,41.0,,,,,,,127.67,23.0,0.0,4.86,88.0,4.7,1.527,93.0,2800000.0,3.192,False
2016,perdolu02,Luis Perdomo,SDP,P,SP,23.0,35.0,-1.1,43.0,,,,,,,146.67,20.0,0.0,5.71,70.0,4.84,1.589,105.0,507500.0,0.0,False
2016,perezhe01,Hernán Pérez,MIL,H,3B,25.0,123.0,1.7,430.0,13.0,34.0,0.272,0.302,0.428,91.0,,,,,,,,,507500,1.541,True
2016,perezma02,Martín Pérez,TEX,P,SP,25.0,33.0,2.0,4.0,,,,,,,198.67,33.0,0.0,4.39,104.0,4.49,1.414,103.0,2900000.0,3.221,False
2016,perezsa02,Salvador Perez,KCR,H,C,26.0,139.0,3.0,546.0,22.0,0.0,0.247,0.288,0.438,91.0,,,,,,,,,2000000.0,4.291,False
2016,perezwi01,Williams Pérez,ATL,P,SP,25.0,11.0,-0.8,19.0,,,,,,,53.67,11.0,0.0,6.04,69.0,4.79,1.342,27.0,511250.0,0.866,False
2016,peterja01,Jace Peterson,ATL,H,2B,26.0,115.0,0.8,408.0,7.0,5.0,0.254,0.35,0.366,94.0,,,,,,,,,520500.0,1.337,False
2016,petityu01,Yusmeiro Petit,WSN,P,RP,31.0,36.0,0.2,7.0,,,,,,,62.0,1.0,1.0,4.5,95.0,4.81,1.323,49.0,2500000.0,5.093,False
2016,phelpda01,David Phelps,MIA,P,RP,29.0,64.0,2.8,13.0,,,,,,,86.67,5.0,4.0,2.28,172.0,2.8,1.142,114.0,2500000.0,3.907,False
2016,phillbr01,Brandon Phillips,CIN,H,2B,35.0,141.0,0.3,584.0,11.0,14.0,0.291,0.32,0.416,94.0,,,,,,,,,13000000.0,11.128,False
2016,pillake01,Kevin Pillar,TOR,H,CF,27.0,146.0,3.5,584.0,7.0,14.0,0.266,0.303,0.376,81.0,,,,,,,,,521100.0,1.657,False
2016,pinedmi01,Michael Pineda,NYY,P,SP,27.0,32.0,1.1,1.0,,,,,,,175.67,32.0,0.0,4.82,89.0,3.79,1.349,207.0,4300000.0,4.576,False
2016,piscost01,Stephen Piscotty,STL,H,RF,25.0,153.0,2.9,649.0,22.0,7.0,0.273,0.343,0.457,113.0,,,,,,,,,512500.0,0.442,False
2016,plouftr01,Trevor Plouffe,MIN,H,3B,30.0,84.0,0.3,344.0,12.0,1.0,0.26,0.303,0.42,93.0,,,,,,,,,7250000.0,4.942,False
2016,polangr01,Gregory Polanco,PIT,H,RF,24.0,144.0,1.7,587.0,22.0,17.0,0.258,0.323,0.463,107.0,,,,,,,,,535000.0,1.599,False
2016,pomerdr01,Drew Pomeranz,2TM,P,SP,27.0,31.0,3.8,37.0,,,,,,,170.67,30.0,0.0,3.32,126.0,3.8,1.184,186.0,1350000.0,3.076,False
2016,porceri01,Rick Porcello,BOS,P,SP,27.0,33.0,4.8,5.0,,,,,,,223.0,33.0,0.0,3.15,142.0,3.4,1.009,189.0,20125000.0,6.988,False
2016,poseybu01,Buster Posey,SFG,H,C,29.0,146.0,4.7,614.0,14.0,6.0,0.288,0.362,0.434,115.0,,,,,,,,,20000000.0,5.936,False
2016,pradoma01,Martín Prado,MIA,H,3B,32.0,153.0,3.6,658.0,8.0,2.0,0.305,0.359,0.417,113.0,,,,,,,,,11000000.0,8.61,False
2016,pressry01,Ryan Pressly,MIN,P,RP,27.0,72.0,1.2,,,,,,,,75.33,0,1.0,3.7,114.0,3.74,1.354,67.0,520000.0,2.308,False
2016,priceda01,David Price,BOS,P,SP,30.0,35.0,2.8,11.0,,,,,,,230.0,35.0,0.0,3.99,112.0,3.6,1.204,228.0,30000000.0,6.953,False
2016,profaju01,Jurickson Profar,TEX,H,3B,23.0,90.0,0.3,307.0,5.0,2.0,0.239,0.321,0.338,75.0,,,,,,,,,605000.0,2.971,False
2016,puigya01,Yasiel Puig,LAD,H,RF,25.0,104.0,1.3,368.0,11.0,5.0,0.263,0.323,0.416,98.0,,,,,,,,,7214000.0,2.692,False
2016,pujolal01,Albert Pujols,LAA,H,DH,36.0,152.0,1.5,650.0,31.0,4.0,0.268,0.323,0.457,113.0,,,,,,,,,25000000.0,15.0,False
2016,quackke01,Kevin Quackenbush,SDP,P,RP,27.0,60.0,0.5,,,,,,,,59.67,0,2.0,3.92,102.0,4.59,1.291,42.0,521200.0,1.791,False
2016,quintjo01,Jose Quintana,CHW,P,SP,27.0,32.0,5.3,2.0,,,,,,,208.0,32.0,0.0,3.2,126.0,3.56,1.163,181.0,5400000.0,3.773,False
2016,ramiral03,Alexei Ramírez,2TM,H,SS,34.0,145.0,-1.7,506.0,6.0,8.0,0.241,0.277,0.333,66.0,,,,,,,,,3000000.0,8.0,False
2016,ramirer02,Erasmo Ramírez,TBR,P,RP,26.0,64.0,0.9,,,,,,,,90.67,1.0,2.0,3.77,106.0,4.76,1.279,63.0,2375000.0,2.919,False
2016,ramirha01,Hanley Ramírez,BOS,H,1B,32.0,147.0,2.8,620.0,30.0,9.0,0.286,0.361,0.505,126.0,,,,,,,,,22750000.0,10.081,False
2016,ramirjc01,JC Ramírez,2TM,P,RP,27.0,70.0,0.1,,,,,,,,78.67,0,2.0,4.35,95.0,4.62,1.258,59.0,,0.808,False
2016,ramirjo01,José Ramírez,CLE,H,3B,23.0,152.0,4.8,618.0,11.0,22.0,0.312,0.363,0.462,114.0,,,,,,,,,518200.0,1.43,False
2016,ramosaj01,AJ Ramos,MIA,P,RP,29.0,67.0,1.3,,,,,,,,64.0,0,40.0,2.81,140.0,2.9,1.359,73.0,3400000.0,3.174,False
2016,ramoswi01,Wilson Ramos,WSN,H,C,28.0,131.0,3.1,523.0,22.0,0.0,0.307,0.354,0.496,121.0,,,,,,,,,5350000.0,5.273,False
2016,rasmuco01,Colby Rasmus,HOU,H,LF,29.0,107.0,2.6,417.0,15.0,4.0,0.206,0.286,0.355,77.0,,,,,,,,,15800000.0,7.0,False
2016,rayro02,Robbie Ray,ARI,P,SP,24.0,32.0,1.3,60.0,,,,,,,174.33,32.0,0.0,4.9,91.0,3.76,1.468,218.0,521000.0,1.041,False
2016,reaco01,Colin Rea,2TM,P,SP,25.0,20.0,-0.3,39.0,,,,,,,102.67,19.0,0.0,4.82,83.0,4.63,1.422,80.0,510200.0,0.32,False
2016,realmjt01,J.T. Realmuto,MIA,H,C,25.0,137.0,2.6,545.0,11.0,12.0,0.303,0.343,0.428,111.0,,,,,,,,,532500.0,1.221,False
2016,reddijo01,Josh Reddick,2TM,H,RF,29.0,115.0,2.5,439.0,10.0,8.0,0.281,0.345,0.405,105.0,,,,,,,,,6575000.0,5.291,False
2016,reedad01,Addison Reed,NYM,P,RP,27.0,80.0,2.7,,,,,,,,77.67,0,1.0,1.97,204.0,1.97,0.94,91.0,5300000.0,4.006,False
2016,rendoan01,Anthony Rendon,WSN,H,3B,26.0,156.0,4.3,647.0,20.0,12.0,0.27,0.348,0.45,108.0,,,,,,,,,2800000.0,2.756,False
2016,reverbe01,Ben Revere,WSN,H,CF,28.0,103.0,-1.0,375.0,2.0,14.0,0.217,0.26,0.3,47.0,,,,,,,,,6250000.0,4.866,False
2016,reynoma01,Mark Reynolds,COL,H,1B,32.0,118.0,1.4,441.0,14.0,1.0,0.282,0.356,0.45,101.0,,,,,,,,,2600000.0,8.802,False
2016,richacl01,Clayton Richard,2TM,P,RP,32.0,36.0,0.3,21.0,,,,,,,67.67,9.0,1.0,3.33,122.0,4.17,1.655,41.0,2000000.0,5.948,False
2016,riverfe01,Felipe Vázquez,2TM,P,RP,24.0,75.0,0.2,1.0,,,,,,,77.0,0,1.0,4.09,104.0,3.46,1.286,92.0,516100.0,0.942,False
2016,rizzoan01,Anthony Rizzo,CHC,H,1B,26.0,155.0,5.8,676.0,32.0,3.0,0.292,0.385,0.544,143.0,,,,,,,,,5000000.0,3.977,False
2016,roarkta01,Tanner Roark,WSN,P,SP,29.0,34.0,5.5,75.0,,,,,,,210.0,33.0,0.0,2.83,151.0,3.79,1.171,172.0,543400.0,2.32,False
2016,roberda08,David Robertson,CHW,P,RP,31.0,62.0,1.2,,,,,,,,62.33,0,37.0,3.47,117.0,3.58,1.364,75.0,11000000.0,7.407,False
2016,robleha01,Hansel Robles,NYM,P,RP,25.0,68.0,0.7,3.0,,,,,,,77.67,0,1.0,3.48,116.0,3.56,1.352,85.0,516500.0,1.0,False
2016,rodnefe01,Fernando Rodney,2TM,P,RP,39.0,67.0,1.0,,,,,,,,65.33,0,25.0,3.44,116.0,3.8,1.393,74.0,1600000.0,12.797,False
2016,rodonca01,Carlos Rodón,CHW,P,SP,23.0,28.0,1.7,3.0,,,,,,,165.0,28.0,0.0,4.04,100.0,4.01,1.394,168.0,518000.0,0.977,False
2016,rodried05,Eduardo Rodríguez,BOS,P,SP,23.0,20.0,0.4,2.0,,,,,,,107.0,20.0,0.0,4.71,95.0,4.43,1.299,100.0,521000.0,0.756,False
2016,rodrifr03,Francisco Rodríguez,DET,P,RP,34.0,61.0,1.3,,,,,,,,58.33,0,44.0,3.24,132.0,3.83,1.131,52.0,7500000.0,12.669,False
2016,rodrise01,Sean Rodríguez,PIT,H,1B,31.0,140.0,1.7,342.0,18.0,2.0,0.27,0.349,0.51,127.0,,,,,,,,,2500000.0,6.773,False
2016,rogerta01,Taylor Rogers,MIN,P,RP,25.0,57.0,0.7,,,,,,,,61.33,0,0.0,3.96,107.0,3.57,1.288,64.0,,0.0,False
2016,rondohe01,Héctor Rondón,CHC,P,RP,28.0,54.0,0.4,1.0,,,,,,,51.0,0,18.0,3.53,119.0,3.5,0.98,58.0,4200000.0,3.0,False
2016,rosajo01,Jorge De La Rosa,COL,P,SP,35.0,27.0,0.0,42.0,,,,,,,134.0,24.0,0.0,5.51,88.0,5.35,1.642,108.0,12500000.0,11.087,False
2016,rosared01,Eddie Rosario,MIN,H,LF,24.0,92.0,1.1,354.0,10.0,5.0,0.269,0.295,0.421,91.0,,,,,,,,,542500.0,0.895,False
2016,rossjo01,Joe Ross,WSN,P,SP,23.0,19.0,2.4,44.0,,,,,,,105.0,19.0,0.0,3.43,125.0,3.49,1.305,93.0,514400.0,0.547,False
2016,rossro01,Robbie Ross,BOS,P,RP,27.0,54.0,0.8,,,,,,,,55.33,0,0.0,3.25,138.0,3.27,1.265,56.0,1250000.0,3.581,False
2016,ruppca01,Cameron Rupp,PHI,H,C,27.0,105.0,1.1,419.0,16.0,1.0,0.252,0.303,0.447,98.0,,,,,,,,,518000.0,1.517,False
2016,rusinch01,Chris Rusin,COL,P,RP,29.0,29.0,2.0,30.0,,,,,,,84.33,7.0,0.0,3.74,130.0,3.21,1.245,69.0,512500.0,1.535,False
2016,russead02,Addison Russell,CHC,H,SS,22.0,151.0,3.9,598.0,21.0,5.0,0.238,0.321,0.417,94.0,,,,,,,,,527000.0,0.971,False
2016,ryanky01,Kyle Ryan,DET,P,RP,24.0,56.0,1.1,,,,,,,,55.67,0,0.0,3.07,139.0,3.33,1.132,35.0,509500.0,0.657,False
2016,sabatc.01,CC Sabathia,NYY,P,SP,35.0,30.0,3.0,2.0,,,,,,,179.67,30.0,0.0,3.91,110.0,4.28,1.319,152.0,25000000.0,15.0,False
2016,saladty01,Tyler Saladino,CHW,H,2B,26.0,93.0,2.0,319.0,8.0,11.0,0.282,0.315,0.409,98.0,,,,,,,,,513000.0,0.506,False
2016,salasfe01,Fernando Salas,2TM,P,RP,31.0,75.0,0.5,,,,,,,,73.67,0,6.0,3.91,103.0,4.3,1.113,64.0,2400000.0,5.279,False
2016,salazda01,Danny Salazar,CLE,P,SP,26.0,25.0,2.3,5.0,,,,,,,137.33,25.0,0.0,3.87,117.0,3.74,1.34,161.0,536200.0,1.942,False
2016,salech01,Chris Sale,CHW,P,SP,27.0,32.0,5.0,6.0,,,,,,,226.67,32.0,0.0,3.34,121.0,3.46,1.037,233.0,9150000.0,5.355,False
2016,samarje01,Jeff Samardzija,SFG,P,SP,31.0,32.0,2.6,69.0,,,,,,,203.33,32.0,0.0,3.81,105.0,3.85,1.2,167.0,10800000.0,6.163,False
2016,sanchaa01,Aaron Sanchez,TOR,P,SP,23.0,30.0,5.0,10.0,,,,,,,192.0,30.0,0.0,3.0,142.0,3.55,1.167,161.0,517800.0,1.401,False
2016,sanchan01,Aníbal Sánchez,DET,P,SP,32.0,35.0,-1.0,6.0,,,,,,,153.33,26.0,0.0,5.87,73.0,5.06,1.461,135.0,16800000.0,9.576,False
2016,sanomi01,Miguel Sanó,MIN,H,3B,23.0,116.0,0.3,495.0,25.0,1.0,0.236,0.319,0.462,108.0,,,,,,,,,547500.0,0.552,False
2016,santaca01,Carlos Santana,CLE,H,DH,30.0,158.0,3.5,688.0,34.0,5.0,0.259,0.366,0.498,123.0,,,,,,,,,8250000.0,5.669,False
2016,santaer01,Ervin Santana,MIN,P,SP,33.0,30.0,3.9,6.0,,,,,,,181.33,30.0,0.0,3.38,125.0,3.81,1.219,149.0,13500000.0,10.605,False
2016,santihe01,Héctor Santiago,2TM,P,SP,28.0,33.0,1.1,3.0,,,,,,,182.0,33.0,0.0,4.7,87.0,5.31,1.363,144.0,5000000.0,4.093,False
2016,saundmi01,Michael Saunders,TOR,H,LF,29.0,140.0,1.4,558.0,24.0,1.0,0.253,0.338,0.478,116.0,,,,,,,,,2900000.0,5.802,False
2016,scherma01,Max Scherzer,WSN,P,SP,31.0,34.0,6.4,85.0,,,,,,,228.33,34.0,0.0,2.96,144.0,3.24,0.968,284.0,22143000.0,7.459,False
2016,schimry01,Ryan Schimpf,SDP,H,2B,28.0,89.0,2.6,330.0,20.0,1.0,0.217,0.336,0.533,132.0,,,,,,,,,507500,0.0,True
2016,schoojo01,Jonathan Schoop,BAL,H,2B,24.0,162.0,3.6,647.0,25.0,1.0,0.267,0.298,0.454,98.0,,,,,,,,,522500.0,2.157,False
2016,schugaj01,A.J. Schugel,PIT,P,RP,27.0,36.0,0.7,3.0,,,,,,,52.0,0,1.0,3.63,114.0,3.18,1.038,46.0,507500,0.0,True
2016,seageco01,Corey Seager,LAD,H,SS,22.0,157.0,5.3,687.0,26.0,3.0,0.308,0.365,0.512,134.0,,,,,,,,,510000.0,0.186,False
2016,seageky01,Kyle Seager,SEA,H,3B,28.0,158.0,6.9,676.0,30.0,3.0,0.278,0.359,0.499,133.0,,,,,,,,,8000000.0,4.494,False
2016,segurje01,Jean Segura,ARI,H,2B,26.0,153.0,6.6,694.0,20.0,33.0,0.319,0.368,0.499,122.0,,,,,,,,,2600000.0,3.378,False
2016,semiema01,Marcus Semien,ATH,H,SS,25.0,159.0,3.4,621.0,27.0,10.0,0.238,0.3,0.435,99.0,,,,,,,,,512500.0,1.686,False
2016,severlu01,Luis Severino,NYY,P,SP,22.0,22.0,-0.4,,,,,,,,71.0,11.0,0.0,5.83,74.0,4.48,1.451,66.0,521300.0,0.355,False
2016,shawbr01,Bryan Shaw,CLE,P,RP,28.0,75.0,1.2,,,,,,,,66.67,0,1.0,3.24,140.0,3.94,1.26,69.0,2750000.0,4.471,False
2016,shawtr01,Travis Shaw,BOS,H,3B,26.0,145.0,1.7,530.0,16.0,5.0,0.242,0.306,0.421,90.0,,,,,,,,,515000.0,0.512,False
2016,shielja02,James Shields,2TM,P,SP,34.0,33.0,-1.2,23.0,,,,,,,181.67,33.0,0.0,5.85,69.0,6.01,1.596,135.0,21000000.0,9.727,False
2016,shiplbr01,Braden Shipley,ARI,P,SP,24.0,13.0,0.2,27.0,,,,,,,70.0,11.0,0.0,5.27,85.0,5.76,1.543,43.0,507500,0.0,True
2016,shoemma01,Matt Shoemaker,LAA,P,SP,29.0,27.0,2.1,2.0,,,,,,,160.0,27.0,0.0,3.88,103.0,3.51,1.225,143.0,530000.0,1.965,False
2016,siegrke01,Kevin Siegrist,STL,P,RP,26.0,67.0,1.8,,,,,,,,61.67,0,3.0,2.77,147.0,4.43,1.103,66.0,539000.0,2.674,False
2016,simmoan01,Andrelton Simmons,LAA,H,SS,26.0,124.0,4.5,483.0,4.0,10.0,0.281,0.324,0.366,91.0,,,,,,,,,6000000.0,3.727,False
2016,simonal01,Alfredo Simón,CIN,P,SP,35.0,15.0,-2.1,19.0,,,,,,,58.67,11.0,0.0,9.36,46.0,7.13,2.045,39.0,2000000.0,6.826,False
2016,smithjo05,Joe Smith,2TM,P,RP,32.0,54.0,0.6,,,,,,,,52.0,0,6.0,3.46,119.0,4.99,1.25,40.0,5250000.0,8.529,False
2016,smithjo07,Josh A. Smith,CIN,P,RP,28.0,32.0,0.3,11.0,,,,,,,59.67,2.0,0.0,4.68,92.0,5.29,1.391,48.0,507500,,True
2016,smithse01,Seth Smith,SEA,H,RF,33.0,137.0,0.6,438.0,16.0,0.0,0.249,0.342,0.415,108.0,,,,,,,,,6750000.0,7.692,False
2016,smoakju01,Justin Smoak,TOR,H,1B,29.0,126.0,-0.5,341.0,14.0,1.0,0.217,0.314,0.391,88.0,,,,,,,,,3900000.0,5.448,False
2016,smolija01,Jake Smolinski,ATH,H,CF,27.0,99.0,-0.6,319.0,7.0,1.0,0.238,0.299,0.345,77.0,,,,,,,,,507500,1.488,True
2016,smylydr01,Drew Smyly,TBR,P,SP,27.0,30.0,0.1,2.0,,,,,,,175.33,30.0,0.0,4.88,82.0,4.49,1.272,167.0,3750000.0,3.895,False
2016,snellbl01,Blake Snell,TBR,P,SP,23.0,19.0,0.8,3.0,,,,,,,89.0,19.0,0.0,3.54,113.0,3.39,1.618,98.0,,0.0,False
2016,solarya01,Yangervis Solarte,SDP,H,3B,28.0,109.0,2.9,443.0,15.0,1.0,0.286,0.341,0.467,118.0,,,,,,,,,525500.0,2.0,False
2016,soriajo01,Joakim Soria,KCR,P,RP,32.0,70.0,0.5,,,,,,,,66.67,0,1.0,4.05,107.0,4.36,1.455,68.0,7000000.0,9.0,False
2016,souzast01,Steven Souza Jr.,TBR,H,RF,27.0,120.0,0.9,468.0,17.0,7.0,0.247,0.303,0.409,95.0,,,,,,,,,516100.0,1.419,False
2016,spande01,Denard Span,SFG,H,CF,32.0,143.0,1.6,637.0,11.0,12.0,0.266,0.331,0.381,93.0,,,,,,,,,5000000.0,7.645,False
2016,springe01,George Springer,HOU,H,RF,26.0,162.0,5.1,744.0,29.0,9.0,0.261,0.359,0.457,125.0,,,,,,,,,522400.0,1.965,False
2016,stantmi03,Giancarlo Stanton,MIA,H,RF,26.0,119.0,2.4,470.0,27.0,0.0,0.24,0.326,0.489,120.0,,,,,,,,,9000000.0,5.686,False
2016,storedr01,Drew Storen,2TM,P,RP,28.0,57.0,-0.3,,,,,,,,51.67,0,3.0,5.23,81.0,4.21,1.335,48.0,8375000.0,5.814,False
2016,storytr01,Trevor Story,COL,H,SS,23.0,97.0,4.1,415.0,27.0,8.0,0.272,0.341,0.567,122.0,,,,,,,,,507500.0,0.0,False
2016,straida01,Dan Straily,CIN,P,SP,27.0,34.0,3.7,65.0,,,,,,,191.33,31.0,0.0,3.76,113.0,4.88,1.186,162.0,512100.0,1.733,False
2016,strasst01,Stephen Strasburg,WSN,P,SP,27.0,24.0,3.7,57.0,,,,,,,147.67,24.0,0.0,3.6,119.0,2.92,1.104,183.0,10400000.0,5.686,False
2016,strichu01,Hunter Strickland,SFG,P,RP,27.0,72.0,1.1,,,,,,,,61.0,0,3.0,3.1,130.0,3.16,1.131,57.0,517500.0,0.948,False
2016,stripro01,Ross Stripling,LAD,P,SP,26.0,22.0,1.0,27.0,,,,,,,100.0,14.0,0.0,3.96,102.0,3.9,1.26,74.0,507500,0.0,True
2016,stromma01,Marcus Stroman,TOR,P,SP,25.0,32.0,1.5,6.0,,,,,,,204.0,32.0,0.0,4.37,97.0,3.71,1.289,166.0,515900.0,1.86,False
2016,suareal01,Albert Suárez,SFG,P,SP,26.0,22.0,0.6,24.0,,,,,,,84.0,12.0,0.0,4.29,94.0,4.63,1.31,54.0,507500,0.0,True
2016,suareeu01,Eugenio Suárez,CIN,H,3B,24.0,159.0,1.3,627.0,21.0,11.0,0.248,0.317,0.411,92.0,,,,,,,,,545000.0,1.355,False
2016,suzukic01,Ichiro Suzuki,MIA,H,RF,42.0,143.0,1.6,365.0,1.0,10.0,0.291,0.354,0.376,102.0,,,,,,,,,2000000.0,15.0,False
2016,suzukku01,Kurt Suzuki,MIN,H,C,32.0,106.0,0.3,373.0,8.0,0.0,0.258,0.301,0.403,89.0,,,,,,,,,6000000.0,8.657,False
2016,syndeno01,Noah Syndergaard,NYM,P,SP,23.0,31.0,5.7,67.0,,,,,,,183.67,30.0,0.0,2.6,155.0,2.29,1.149,218.0,535375.0,0.866,False
2016,taillja01,Jameson Taillon,PIT,P,SP,24.0,18.0,2.1,36.0,,,,,,,104.0,18.0,0.0,3.38,123.0,3.71,1.115,85.0,507500,0.0,True
2016,tanakma01,Masahiro Tanaka,NYY,P,SP,27.0,31.0,5.2,2.0,,,,,,,199.67,31.0,0.0,3.07,140.0,3.51,1.077,165.0,22000000.0,2.0,False
2016,teherju01,Julio Teheran,ATL,P,SP,25.0,30.0,4.8,61.0,,,,,,,188.0,30.0,0.0,3.21,129.0,3.69,1.053,167.0,3300000.0,3.36,False
2016,teixema01,Mark Teixeira,NYY,H,1B,36.0,116.0,-1.1,438.0,15.0,2.0,0.204,0.292,0.362,74.0,,,,,,,,,23125000.0,13.0,False
2016,thompja03,Jake Thompson,PHI,P,SP,22.0,10.0,-0.1,17.0,,,,,,,53.67,10.0,0.0,5.7,74.0,6.16,1.509,32.0,507500,,True
2016,thornty01,Tyler Thornburg,MIL,P,RP,27.0,67.0,2.5,,,,,,,,67.0,0,13.0,2.15,199.0,2.83,0.94,90.0,513900.0,2.331,False
2016,tillmch01,Chris Tillman,BAL,P,SP,28.0,30.0,3.6,3.0,,,,,,,172.0,30.0,0.0,3.77,114.0,4.23,1.285,140.0,6225000.0,4.657,False
2016,tomasya01,Yasmany Tomás,ARI,H,RF,25.0,140.0,-0.9,563.0,31.0,2.0,0.272,0.313,0.508,108.0,,,,,,,,,7500000.0,1.0,False
2016,tomlijo01,Josh Tomlin,CLE,P,SP,31.0,30.0,1.1,6.0,,,,,,,174.0,29.0,0.0,4.4,103.0,4.88,1.19,118.0,2250000.0,5.192,False
2016,tonkimi01,Michael Tonkin,MIN,P,RP,26.0,65.0,-0.3,2.0,,,,,,,71.67,0,0.0,5.02,84.0,4.4,1.451,80.0,515000.0,1.029,False
2016,torreca01,Carlos Torres,MIL,P,RP,33.0,72.0,2.2,,,,,,,,82.33,0,2.0,2.73,156.0,3.75,1.154,78.0,950000.0,3.663,False
2016,travide01,Devon Travis,TOR,H,2B,25.0,101.0,2.5,432.0,11.0,4.0,0.3,0.332,0.454,108.0,,,,,,,,,511200.0,1.0,False
2016,treinbl01,Blake Treinen,WSN,P,RP,28.0,73.0,2.0,,,,,,,,67.0,0,1.0,2.28,187.0,3.62,1.224,63.0,524900.0,1.378,False
2016,triggan01,Andrew Triggs,ATH,P,RP,27.0,24.0,0.5,2.0,,,,,,,56.33,6.0,0.0,4.31,95.0,3.2,1.225,55.0,507500,0.0,True
2016,tropeni01,Nick Tropeano,LAA,P,SP,25.0,13.0,1.2,2.0,,,,,,,68.33,13.0,0.0,3.56,113.0,5.27,1.478,68.0,507500,0.395,True
2016,troutmi01,Mike Trout,LAA,H,CF,24.0,159.0,10.4,681.0,29.0,30.0,0.315,0.441,0.55,173.0,,,,,,,,,16083000.0,4.407,False
2016,trumbma01,Mark Trumbo,BAL,H,RF,30.0,159.0,2.0,667.0,47.0,2.0,0.256,0.316,0.533,122.0,,,,,,,,,9150000.0,5.157,False
2016,tulowtr01,Troy Tulowitzki,TOR,H,SS,31.0,131.0,3.3,544.0,24.0,1.0,0.254,0.318,0.443,102.0,,,,,,,,,20000000.0,9.192,False
2016,turneju01,Justin Turner,LAD,H,3B,31.0,151.0,5.1,622.0,27.0,4.0,0.275,0.339,0.493,121.0,,,,,,,,,5100000.0,5.262,False
2016,turnetr01,Trea Turner,WSN,H,CF,23.0,73.0,3.3,324.0,13.0,33.0,0.342,0.37,0.567,142.0,,,,,,,,,,0.0,False
2016,uptonbj01,B.J. Upton,2TM,H,LF,31.0,149.0,1.2,539.0,20.0,27.0,0.238,0.291,0.402,86.0,,,,,,,,,15450000.0,9.733,False
2016,uptonju01,Justin Upton,DET,H,LF,28.0,153.0,1.7,626.0,31.0,9.0,0.246,0.31,0.465,106.0,,,,,,,,,22125000.0,8.349,False
2016,urenajo01,José Ureña,MIA,P,RP,24.0,28.0,-1.3,22.0,,,,,,,83.67,12.0,1.0,6.13,64.0,4.72,1.434,58.0,507500,0.233,True
2016,uriasju01,Julio Urías,LAD,P,SP,19.0,18.0,1.0,26.0,,,,,,,77.0,15.0,0.0,3.39,119.0,3.17,1.455,84.0,507500,0.0,True
2016,utleych01,Chase Utley,LAD,H,2B,37.0,138.0,1.3,565.0,14.0,2.0,0.252,0.319,0.396,92.0,,,,,,,,,7000000.0,12.157,False
2016,valbulu01,Luis Valbuena,HOU,H,3B,30.0,90.0,2.4,342.0,13.0,1.0,0.26,0.357,0.459,125.0,,,,,,,,,6125000.0,5.86,False
2016,valenda01,Danny Valencia,ATH,H,3B,31.0,130.0,1.2,517.0,17.0,1.0,0.287,0.346,0.446,116.0,,,,,,,,,3150000.0,4.686,False
2016,velasvi01,Vince Velasquez,PHI,P,SP,24.0,24.0,1.9,44.0,,,,,,,131.0,24.0,0.0,4.12,101.0,3.96,1.328,152.0,516000.0,0.5,False
2016,ventuyo01,Yordano Ventura,KCR,P,SP,25.0,32.0,2.0,3.0,,,,,,,186.0,32.0,0.0,4.45,97.0,4.59,1.441,144.0,1200000.0,2.076,False
2016,verlaju01,Justin Verlander,DET,P,SP,33.0,34.0,7.4,5.0,,,,,,,227.67,34.0,0.0,3.04,140.0,3.48,1.001,254.0,28000000.0,10.012,False
2016,verrelo01,Logan Verrett,NYM,P,RP,26.0,35.0,-0.4,22.0,,,,,,,91.67,12.0,0.0,5.2,77.0,5.51,1.56,66.0,514875.0,0.547,False
2016,villaca01,Carlos Villanueva,SDP,P,RP,32.0,51.0,-1.2,5.0,,,,,,,74.0,0,1.0,5.96,67.0,5.17,1.392,61.0,1500000.0,9.174,False
2016,villajo01,Jonathan Villar,MIL,H,SS,25.0,156.0,3.4,679.0,19.0,62.0,0.285,0.369,0.457,117.0,,,,,,,,,512900.0,1.657,False
2016,vinceni01,Nick Vincent,SEA,P,RP,29.0,60.0,0.6,,,,,,,,60.33,0,3.0,3.73,109.0,4.16,1.127,65.0,525500.0,2.39,False
2016,vogelry01,Ryan Vogelsong,PIT,P,SP,38.0,24.0,-0.2,23.0,,,,,,,82.33,14.0,0.0,4.81,86.0,5.0,1.457,61.0,2000000.0,9.116,False
2016,vogtst01,Stephen Vogt,ATH,H,C,31.0,137.0,2.0,532.0,14.0,0.0,0.251,0.305,0.406,94.0,,,,,,,,,527500.0,2.488,False
2016,volqued01,Edinson Vólquez,KCR,P,SP,32.0,34.0,-0.7,5.0,,,,,,,189.33,34.0,0.0,5.37,80.0,4.57,1.548,139.0,9500000.0,8.343,False
2016,vottojo01,Joey Votto,CIN,H,1B,32.0,158.0,4.3,677.0,29.0,8.0,0.326,0.434,0.55,160.0,,,,,,,,,20000000.0,8.157,False
2016,wachami01,Michael Wacha,STL,P,SP,24.0,27.0,-0.5,45.0,,,,,,,138.0,24.0,0.0,5.09,80.0,3.91,1.478,114.0,539000.0,2.36,False
2016,wainwad01,Adam Wainwright,STL,P,SP,34.0,33.0,2.1,69.0,,,,,,,198.67,33.0,0.0,4.62,88.0,3.93,1.404,161.0,19500000.0,10.157,False
2016,walkene01,Neil Walker,NYM,H,2B,30.0,113.0,2.3,458.0,23.0,3.0,0.282,0.347,0.476,121.0,,,,,,,,,10550000.0,5.965,False
2016,walketa01,Taijuan Walker,SEA,P,SP,23.0,25.0,0.3,,,,,,,,134.33,25.0,0.0,4.22,96.0,4.99,1.236,119.0,528600.0,1.826,False
2016,wangch01,Chien-Ming Wang,KCR,P,RP,36.0,38.0,0.3,,,,,,,,53.33,0,0.0,4.22,102.0,4.61,1.463,30.0,,10.924,False
2016,warread01,Adam Warren,2TM,P,RP,28.0,58.0,-0.5,4.0,,,,,,,65.33,1.0,0.0,4.68,91.0,5.12,1.347,52.0,1700000.0,3.209,False
2016,watsoto01,Tony Watson,PIT,P,RP,31.0,70.0,1.3,1.0,,,,,,,67.67,0,15.0,3.06,136.0,4.37,1.064,58.0,3450000.0,4.587,False
2016,weaveje02,Jered Weaver,LAA,P,SP,33.0,31.0,-0.8,9.0,,,,,,,178.0,31.0,0.0,5.06,79.0,5.62,1.461,103.0,20000000.0,9.75,False
2016,werthja01,Jayson Werth,WSN,H,LF,37.0,143.0,0.3,606.0,21.0,5.0,0.244,0.335,0.417,97.0,,,,,,,,,21000000.0,12.593,False
2016,wietema01,Matt Wieters,BAL,H,C,30.0,124.0,2.0,464.0,17.0,1.0,0.243,0.302,0.409,89.0,,,,,,,,,15800000.0,6.75,False
2016,wilsoal01,Alex Wilson,DET,P,RP,29.0,62.0,2.0,,,,,,,,73.0,0,0.0,2.96,144.0,3.6,1.219,49.0,522500.0,2.221,False
2016,wilsoju10,Justin Wilson,DET,P,RP,28.0,66.0,0.6,,,,,,,,58.67,0,1.0,4.14,103.0,3.18,1.33,65.0,1525000.0,3.203,False
2016,wilsoty01,Tyler Wilson,BAL,P,SP,26.0,24.0,0.3,,,,,,,,94.0,13.0,0.0,5.27,82.0,4.94,1.426,55.0,507500,0.215,True
2016,wislema01,Matt Wisler,ATL,P,SP,23.0,27.0,0.4,53.0,,,,,,,156.67,26.0,1.0,5.0,83.0,4.85,1.328,115.0,507500.0,0.628,False
2016,wittgni01,Nick Wittgren,MIA,P,RP,25.0,48.0,0.9,,,,,,,,51.67,0,0.0,3.14,126.0,3.67,1.161,42.0,507500,0.0,True
2016,wongko01,Kolten Wong,STL,H,2B,25.0,121.0,1.4,361.0,5.0,7.0,0.24,0.327,0.355,84.0,,,,,,,,,1250000.0,2.262,False
2016,woodal02,Alex Wood,LAD,P,SP,25.0,14.0,0.5,19.0,,,,,,,60.33,10.0,0.0,3.73,108.0,3.18,1.26,66.0,530000.0,2.715,False
2016,woodbl01,Blake Wood,CIN,P,RP,30.0,70.0,0.5,2.0,,,,,,,76.67,0,1.0,3.99,107.0,4.12,1.435,81.0,600000.0,0.0,False
2016,woodtr01,Travis Wood,CHC,P,RP,29.0,77.0,0.6,12.0,,,,,,,61.0,0,0.0,2.95,142.0,4.54,1.131,47.0,6175000.0,5.023,False
2016,worleva01,Vance Worley,BAL,P,RP,28.0,35.0,1.4,,,,,,,,86.67,4.0,1.0,3.53,122.0,4.82,1.373,56.0,2600000.0,3.651,False
2016,wrighmi01,Mike Wright Jr.,BAL,P,SP,26.0,18.0,-0.5,,,,,,,,74.67,12.0,0.0,5.79,75.0,5.3,1.433,50.0,510500.0,0.581,False
2016,wrighst01,Steven Wright,BOS,P,SP,31.0,24.0,1.8,4.0,,,,,,,156.67,24.0,0.0,3.33,134.0,3.77,1.245,127.0,514500.0,1.517,False
2016,yelicch01,Christian Yelich,MIA,H,LF,24.0,155.0,4.9,659.0,21.0,9.0,0.298,0.376,0.483,135.0,,,,,,,,,1000000.0,2.401,False
2016,youngch03,Chris Young,KCR,P,RP,37.0,34.0,-0.9,1.0,,,,,,,88.67,13.0,1.0,6.19,70.0,6.62,1.658,94.0,4250000.0,9.942,False
2016,zieglbr01,Brad Ziegler,2TM,P,RP,36.0,69.0,2.2,,,,,,,,68.0,0,22.0,2.25,200.0,3.1,1.368,58.0,5500000.0,7.709,False
2016,zimmejo02,Jordan Zimmermann,DET,P,SP,30.0,19.0,0.5,5.0,,,,,,,105.33,18.0,0.0,4.87,88.0,4.42,1.367,66.0,18000000.0,6.895,False
2016,zimmery01,Ryan Zimmerman,WSN,H,1B,31.0,115.0,-0.5,467.0,15.0,4.0,0.218,0.272,0.37,67.0,,,,,,,,,14000000.0,10.186,False
2016,zobribe01,Ben Zobrist,CHC,H,2B,35.0,147.0,3.5,631.0,18.0,6.0,0.272,0.386,0.446,121.0,,,,,,,,,10500000.0,8.779,False
2017,abreujo02,José Abreu,CHW,H,1B,30.0,156.0,4.8,675.0,33.0,3.0,0.304,0.354,0.552,141.0,,,,,,,,,10825000.0,3.0,False
2017,adamsma01,Matt Adams,2TM,H,1B,28.0,131.0,-0.1,367.0,20.0,0.0,0.274,0.319,0.522,115.0,,,,,,,,,2800000.0,4.192,False
2017,adlemti01,Tim Adleman,CIN,P,SP,29.0,30.0,-0.6,32.0,,,,,,,122.33,20.0,0.0,5.52,81.0,5.87,1.431,108.0,535000,,True
2017,aguilje01,Jesús Aguilar,MIL,H,1B,27.0,133.0,1.0,311.0,16.0,0.0,0.265,0.331,0.505,114.0,,,,,,,,,536000.0,0.477,False
2017,alberma01,Matt Albers,WSN,P,RP,34.0,63.0,2.5,,,,,,,,61.0,0,2.0,1.62,277.0,3.4,0.852,63.0,1150000.0,9.82,False
2017,alexasc02,Scott Alexander,KCR,P,RP,27.0,58.0,2.3,3.0,,,,,,,69.0,0,4.0,2.48,181.0,3.23,1.304,59.0,535000,0.564,True
2017,allenco01,Cody Allen,CLE,P,RP,28.0,69.0,1.6,,,,,,,,67.33,0,30.0,2.94,156.0,3.19,1.158,92.0,7350000.0,4.442,False
2017,almoral01,Albert Almora,CHC,H,CF,23.0,132.0,1.4,323.0,8.0,1.0,0.298,0.338,0.445,100.0,,,,,,,,,552000.0,0.424,False
2017,alonsyo01,Yonder Alonso,2TM,H,1B,30.0,142.0,2.1,521.0,28.0,2.0,0.266,0.365,0.501,134.0,,,,,,,,,4000000.0,5.674,False
2017,altheaa01,Aaron Altherr,PHI,H,LF,26.0,107.0,1.9,412.0,19.0,5.0,0.272,0.34,0.516,122.0,,,,,,,,,538500.0,1.314,False
2017,altuvjo01,Jose Altuve,HOU,H,2B,27.0,153.0,8.1,662.0,24.0,32.0,0.346,0.41,0.547,160.0,,,,,,,,,4500000.0,5.419,False
2017,anderbr04,Brett Anderson,2TM,P,SP,29.0,13.0,-0.5,8.0,,,,,,,55.33,13.0,0.0,6.34,71.0,4.1,1.699,38.0,3500000.0,8.0,False
2017,anderch01,Chase Anderson,MIL,P,SP,29.0,25.0,4.1,55.0,,,,,,,141.33,25.0,0.0,2.74,160.0,3.58,1.09,133.0,2450000.0,2.849,False
2017,anderti01,Tim Anderson,CHW,H,SS,24.0,146.0,-0.3,606.0,17.0,15.0,0.257,0.276,0.402,81.0,,,,,,,,,850000.0,0.669,False
2017,anderty01,Tyler Anderson,COL,P,SP,27.0,17.0,1.1,33.0,,,,,,,86.0,15.0,0.0,4.81,105.0,4.67,1.326,81.0,540000.0,1.378,False
2017,andrima01,Matt Andriese,TBR,P,SP,27.0,18.0,0.3,,,,,,,,86.0,17.0,1.0,4.5,94.0,4.93,1.372,76.0,547500.0,1.413,False
2017,andruel01,Elvis Andrus,TEX,H,SS,28.0,158.0,5.7,689.0,20.0,25.0,0.297,0.337,0.471,105.0,,,,,,,,,15000000.0,8.0,False
2017,aokino01,Nori Aoki,3TM,H,LF,35.0,109.0,0.6,374.0,5.0,10.0,0.277,0.335,0.393,98.0,1.0,0,0.0,27.0,21.0,9.16,3.0,0.0,5500000.0,4.86,False
2017,archech01,Chris Archer,TBR,P,SP,28.0,34.0,1.7,8.0,,,,,,,201.0,34.0,0.0,4.07,103.0,3.4,1.259,249.0,4916666.0,3.907,False
2017,arciaor01,Orlando Arcia,MIL,H,SS,22.0,153.0,2.2,548.0,15.0,14.0,0.277,0.324,0.407,90.0,,,,,,,,,538100.0,0.36,False
2017,arenano01,Nolan Arenado,COL,H,3B,26.0,159.0,6.6,680.0,37.0,3.0,0.309,0.373,0.586,130.0,,,,,,,,,11750000.0,3.901,False
2017,arrieja01,Jake Arrieta,CHC,P,SP,31.0,30.0,1.9,64.0,,,,,,,168.33,30.0,0.0,3.53,124.0,4.16,1.218,163.0,15637500.0,5.843,False
2017,arroybr01,Bronson Arroyo,CIN,P,SP,40.0,14.0,-1.6,29.0,,,,,,,71.0,14.0,0.0,7.35,61.0,6.99,1.592,45.0,535000.0,13.872,False
2017,asheral01,Alec Asher,BAL,P,RP,25.0,24.0,0,1.0,,,,,,,60.0,6.0,0.0,5.25,83.0,5.26,1.4,47.0,535000,,True
2017,asuajca01,Carlos Asuaje,SDP,H,2B,25.0,89.0,0.6,343.0,4.0,0.0,0.27,0.334,0.362,87.0,,,,,,,,,535000,0.0,True
2017,avilaal01,Alex Avila,2TM,H,C,30.0,112.0,2.8,376.0,14.0,0.0,0.264,0.387,0.447,120.0,,,,,,,,,2000000.0,7.355,False
2017,aybarer01,Erick Aybar,SDP,H,SS,33.0,108.0,-0.1,370.0,7.0,11.0,0.234,0.3,0.348,73.0,1.33,0,0.0,0.0,,5.41,0.75,0.0,1750000.0,10.5,False
2017,baezja01,Javier Báez,CHC,H,2B,24.0,145.0,2.7,508.0,23.0,10.0,0.273,0.317,0.48,102.0,,,,,,,,,609000.0,1.517,False
2017,baezpe01,Pedro Báez,LAD,P,RP,29.0,66.0,0.7,2.0,,,,,,,64.0,0,0.0,2.95,140.0,4.44,1.328,64.0,550000.0,2.343,False
2017,baileho02,Homer Bailey,CIN,P,SP,31.0,18.0,-0.7,35.0,,,,,,,91.0,18.0,0.0,6.43,70.0,4.91,1.692,67.0,19000000.0,8.099,False
2017,barneda01,Darwin Barney,TOR,H,2B,31.0,129.0,-0.5,362.0,6.0,7.0,0.232,0.275,0.327,60.0,,,,,,,,,2887500.0,5.494,False
2017,barneda02,Danny Barnes,TOR,P,RP,27.0,60.0,1.2,,,,,,,,66.0,0,0.0,3.55,127.0,4.58,1.091,62.0,535000,0.157,True
2017,barneja01,Jacob Barnes,MIL,P,RP,27.0,73.0,0.6,1.0,,,,,,,72.0,0,2.0,4.0,110.0,3.88,1.25,80.0,537700.0,0.715,False
2017,barnema01,Matt Barnes,BOS,P,RP,27.0,70.0,0.6,,,,,,,,69.67,0,1.0,3.88,118.0,3.33,1.22,83.0,563500.0,1.64,False
2017,barneto01,Tony Barnette,TEX,P,RP,33.0,50.0,-0.1,,,,,,,,57.33,0,2.0,5.49,88.0,4.01,1.5,57.0,1750000.0,1.0,False
2017,barnhtu01,Tucker Barnhart,CIN,H,C,26.0,121.0,3.6,423.0,7.0,4.0,0.27,0.347,0.403,95.0,,,,,,,,,575000.0,2.436,False
2017,barraky01,Kyle Barraclough,MIA,P,RP,27.0,66.0,0.8,1.0,,,,,,,66.0,0,1.0,3.0,132.0,3.66,1.379,76.0,536500.0,1.343,False
2017,bauertr01,Trevor Bauer,CLE,P,SP,26.0,32.0,2.9,3.0,,,,,,,176.33,31.0,0.0,4.19,109.0,3.88,1.367,196.0,3550000.0,2.919,False
2017,bautijo02,José Bautista,TOR,H,RF,36.0,157.0,-1.0,686.0,23.0,6.0,0.203,0.308,0.366,79.0,,,,,,,,,18000000.0,11.959,False
2017,beckch02,Chris Beck,CHW,P,RP,26.0,57.0,-0.7,,,,,,,,64.67,0,0.0,6.4,67.0,6.84,1.655,42.0,535000,,True
2017,beckhti01,Tim Beckham,2TM,H,SS,27.0,137.0,2.7,575.0,22.0,6.0,0.278,0.328,0.454,110.0,,,,,,,,,885000.0,2.779,False
2017,belisma01,Matt Belisle,MIN,P,RP,37.0,62.0,0.1,,,,,,,,60.33,0,9.0,4.03,110.0,4.07,1.16,54.0,2050000.0,11.11,False
2017,bellch02,Chad Bell,DET,P,RP,28.0,28.0,-0.4,,,,,,,,62.33,4.0,0.0,6.93,65.0,5.47,1.797,57.0,535000,,True
2017,bellico01,Cody Bellinger,LAD,H,1B,21.0,132.0,4.0,548.0,39.0,10.0,0.267,0.352,0.581,143.0,,,,,,,,,,0.0,False
2017,belljo02,Josh Bell,PIT,H,1B,24.0,159.0,0.9,620.0,26.0,2.0,0.255,0.334,0.466,109.0,,,,,,,,,549000.0,0.308,False
2017,beltbr01,Brandon Belt,SFG,H,1B,29.0,104.0,2.8,451.0,18.0,3.0,0.241,0.355,0.469,115.0,,,,,,,,,4000000.0,5.744,False
2017,beltrad01,Adrian Beltré,TEX,H,3B,38.0,94.0,3.6,389.0,17.0,1.0,0.312,0.383,0.532,132.0,,,,,,,,,18000000.0,18.558,False
2017,beltrca01,Carlos Beltrán,HOU,H,DH,40.0,129.0,-0.8,509.0,14.0,0.0,0.231,0.283,0.383,81.0,,,,,,,,,16000000.0,18.081,False
2017,beninan01,Andrew Benintendi,BOS,H,LF,22.0,151.0,3.0,658.0,20.0,20.0,0.271,0.352,0.424,103.0,,,,,,,,,549000.0,0.36,False
2017,benoijo01,Joaquin Benoit,2TM,P,RP,39.0,52.0,0,,,,,,,,50.33,0,2.0,4.65,94.0,4.51,1.291,46.0,7500000.0,14.233,False
2017,bergmch01,Christian Bergman,SEA,P,SP,29.0,13.0,0.1,1.0,,,,,,,54.0,8.0,0.0,5.0,84.0,5.82,1.407,33.0,535000,2.651,True
2017,berrijo01,José Berríos,MIN,P,SP,23.0,26.0,2.0,5.0,,,,,,,145.67,25.0,0.0,3.89,114.0,3.84,1.229,139.0,535000,0.256,True
2017,betande01,Dellin Betances,NYY,P,RP,29.0,66.0,1.5,,,,,,,,59.67,0,10.0,2.87,158.0,3.23,1.223,100.0,3000000.0,3.453,False
2017,bettsmo01,Mookie Betts,BOS,H,RF,24.0,153.0,6.5,712.0,24.0,26.0,0.264,0.344,0.459,108.0,,,,,,,,,950000.0,2.407,False
2017,biagijo01,Joe Biagini,TOR,P,RP,27.0,44.0,-0.4,3.0,,,,,,,119.67,18.0,1.0,5.34,84.0,4.27,1.396,97.0,543000.0,1.0,False
2017,bibenau01,Austin Bibens-Dirkx,TEX,P,RP,32.0,24.0,1.0,3.0,,,,,,,69.33,6.0,0.0,4.67,103.0,5.68,1.356,38.0,535000,,True
2017,blachty01,Ty Blach,SFG,P,SP,26.0,34.0,1.9,53.0,,,,,,,163.67,24.0,0.0,4.78,89.0,4.42,1.356,73.0,536500.0,0.186,False
2017,blackch02,Charlie Blackmon,COL,H,CF,30.0,159.0,5.5,725.0,37.0,14.0,0.331,0.399,0.601,141.0,,,,,,,,,7300000.0,4.593,False
2017,blackpa01,Paul Blackburn,ATH,P,SP,23.0,10.0,1.5,3.0,,,,,,,58.67,10.0,0.0,3.22,130.0,4.39,1.261,22.0,535000,0.0,True
2017,bleieri01,Richard Bleier,BAL,P,RP,30.0,57.0,1.4,,,,,,,,63.33,0,0.0,1.99,219.0,4.37,1.184,26.0,535000,0.43,True
2017,bogaexa01,Xander Bogaerts,BOS,H,SS,24.0,148.0,2.1,635.0,10.0,15.0,0.273,0.343,0.403,95.0,,,,,,,,,4500000.0,3.244,False
2017,bonifjo01,Jorge Bonifacio,KCR,H,RF,24.0,113.0,0.6,422.0,17.0,1.0,0.255,0.32,0.432,98.0,,,,,,,,,,,False
2017,bourju01,Justin Bour,MIA,H,1B,29.0,108.0,2.7,429.0,25.0,1.0,0.289,0.366,0.536,143.0,,,,,,,,,552500.0,2.372,False
2017,bowmama01,Matt Bowman,STL,P,RP,26.0,75.0,0.2,1.0,,,,,,,58.67,0,2.0,3.99,106.0,3.65,1.193,46.0,546600.0,1.0,False
2017,boydma01,Matthew Boyd,DET,P,SP,26.0,26.0,1.7,3.0,,,,,,,135.0,25.0,0.0,5.27,85.0,4.51,1.556,110.0,544200.0,0.983,False
2017,brachbr01,Brad Brach,BAL,P,RP,31.0,67.0,1.2,,,,,,,,68.0,0,18.0,3.18,137.0,3.58,1.132,70.0,3050000.0,4.366,False
2017,bradlar01,Archie Bradley,ARI,P,RP,24.0,63.0,3.5,4.0,,,,,,,73.0,0,1.0,1.73,273.0,2.61,1.041,79.0,544100.0,1.651,False
2017,bradlja02,Jackie Bradley Jr.,BOS,H,CF,27.0,133.0,3.4,541.0,17.0,8.0,0.245,0.323,0.402,89.0,,,,,,,,,3600000.0,2.872,False
2017,brantmi02,Michael Brantley,CLE,H,LF,30.0,90.0,2.3,375.0,9.0,11.0,0.299,0.357,0.444,108.0,,,,,,,,,8375000.0,6.762,False
2017,braunry02,Ryan Braun,MIL,H,LF,33.0,104.0,0.9,425.0,17.0,12.0,0.268,0.336,0.487,111.0,,,,,,,,,20000000.0,9.75,False
2017,brebbjo01,John Brebbia,STL,P,RP,27.0,50.0,1.1,1.0,,,,,,,51.67,0,0.0,2.44,174.0,4.13,0.929,51.0,535000,0.0,True
2017,bregmal01,Alex Bregman,HOU,H,3B,23.0,155.0,4.3,626.0,19.0,17.0,0.284,0.352,0.475,125.0,,,,,,,,,539400.0,0.407,False
2017,bridwpa01,Parker Bridwell,LAA,P,SP,25.0,21.0,1.9,,,,,,,,121.0,20.0,0.0,3.64,117.0,4.84,1.198,73.0,535000,,True
2017,broxtke01,Keon Broxton,MIL,H,CF,27.0,143.0,0.4,463.0,20.0,21.0,0.22,0.299,0.42,85.0,,,,,,,,,541200.0,0.797,False
2017,bruceja01,Jay Bruce,2TM,H,RF,30.0,146.0,2.7,617.0,36.0,1.0,0.254,0.324,0.508,117.0,,,,,,,,,13000000.0,8.727,False
2017,bryankr01,Kris Bryant,CHC,H,3B,25.0,151.0,5.7,665.0,29.0,7.0,0.295,0.409,0.537,142.0,,,,,,,,,1050000.0,1.994,False
2017,buchtry01,Ryan Buchter,2TM,P,RP,30.0,71.0,1.2,,,,,,,,65.33,0,1.0,2.89,151.0,4.54,1.071,65.0,544700.0,1.058,False
2017,bumgama01,Madison Bumgarner,SFG,P,SP,27.0,17.0,3.6,36.0,,,,,,,111.0,17.0,0.0,3.32,128.0,3.95,1.09,101.0,11500000.0,6.738,False
2017,bundydy01,Dylan Bundy,BAL,P,SP,24.0,28.0,2.6,,,,,,,,169.67,28.0,0.0,4.24,102.0,4.38,1.196,152.0,,1.151,False
2017,bushma01,Matt Bush,TEX,P,RP,31.0,57.0,0.3,,,,,,,,52.33,0,10.0,3.78,128.0,4.0,1.452,58.0,544920.0,0.831,False
2017,butleed01,Eddie Butler,CHC,P,SP,26.0,13.0,0.8,19.0,,,,,,,54.67,11.0,0.0,3.95,112.0,4.66,1.427,30.0,535000,0.82,True
2017,buxtoby01,Byron Buxton,MIN,H,CF,23.0,140.0,5.0,511.0,16.0,29.0,0.253,0.314,0.413,93.0,,,,,,,,,535000.0,1.372,False
2017,cabreas01,Asdrúbal Cabrera,NYM,H,SS,31.0,135.0,1.2,540.0,14.0,3.0,0.28,0.351,0.434,110.0,,,,,,,,,8250000.0,9.157,False
2017,cabreme01,Melky Cabrera,2TM,H,LF,32.0,156.0,0,666.0,17.0,1.0,0.285,0.324,0.423,99.0,,,,,,,,,15000000.0,10.86,False
2017,cabremi01,Miguel Cabrera,DET,H,1B,34.0,130.0,-0.9,529.0,16.0,0.0,0.249,0.329,0.399,93.0,,,,,,,,,28000000.0,13.587,False
2017,cahiltr01,Trevor Cahill,2TM,P,SP,29.0,21.0,0.6,18.0,,,,,,,84.0,14.0,0.0,4.93,88.0,5.28,1.619,87.0,1750000.0,7.57,False
2017,cainlo01,Lorenzo Cain,KCR,H,CF,31.0,155.0,5.5,645.0,15.0,26.0,0.3,0.363,0.44,113.0,,,,,,,,,11000000.0,5.43,False
2017,cainma01,Matt Cain,SFG,P,SP,32.0,27.0,-0.5,34.0,,,,,,,124.33,23.0,0.0,5.43,79.0,5.06,1.657,75.0,21000000.0,11.221,False
2017,calhoko01,Kole Calhoun,LAA,H,RF,29.0,155.0,2.2,654.0,19.0,5.0,0.244,0.333,0.392,96.0,,,,,,,,,6000000.0,3.756,False
2017,canoro01,Robinson Canó,SEA,H,2B,34.0,150.0,3.1,648.0,23.0,1.0,0.28,0.338,0.453,114.0,,,,,,,,,24000000.0,11.89,False
2017,carpema01,Matt Carpenter,STL,H,1B,31.0,145.0,2.8,622.0,23.0,2.0,0.241,0.384,0.451,120.0,,,,,,,,,10000000.0,5.07,False
2017,carraca01,Carlos Carrasco,CLE,P,SP,30.0,32.0,5.2,5.0,,,,,,,200.0,32.0,0.0,3.29,139.0,3.1,1.095,226.0,6500000.0,5.855,False
2017,carreez01,Ezequiel Carrera,TOR,H,LF,30.0,131.0,0,325.0,8.0,10.0,0.282,0.356,0.408,104.0,,,,,,,,,1162500.0,3.227,False
2017,cashnan01,Andrew Cashner,TEX,P,SP,30.0,28.0,4.7,7.0,,,,,,,166.67,28.0,0.0,3.4,142.0,4.61,1.32,86.0,10000000.0,6.733,False
2017,casteni01,Nick Castellanos,DET,H,3B,25.0,157.0,0.1,665.0,26.0,4.0,0.272,0.32,0.49,112.0,,,,,,,,,3000000.0,3.169,False
2017,castilu02,Luis Castillo,CIN,P,SP,24.0,15.0,2.5,33.0,,,,,,,89.33,15.0,0.0,3.12,144.0,3.74,1.075,98.0,535000,0.0,True
2017,castiwe01,Welington Castillo,BAL,H,C,30.0,96.0,2.3,365.0,20.0,0.0,0.282,0.323,0.49,116.0,,,,,,,,,6000000.0,5.052,False
2017,castrja01,Jason Castro,MIN,H,C,30.0,110.0,2.5,407.0,10.0,0.0,0.242,0.333,0.388,93.0,,,,,,,,,8500000.0,6.605,False
2017,castrmi01,Miguel Castro,BAL,P,RP,22.0,39.0,0.9,,,,,,,,66.33,1.0,0.0,3.53,123.0,4.94,1.221,38.0,535000,1.366,True
2017,castrst01,Starlin Castro,NYY,H,2B,27.0,112.0,2.1,473.0,16.0,2.0,0.3,0.338,0.454,106.0,,,,,,,,,9857143.0,6.872,False
2017,cecilbr01,Brett Cecil,STL,P,RP,30.0,73.0,0.5,1.0,,,,,,,67.33,0,1.0,3.88,109.0,3.26,1.233,66.0,7750000.0,6.884,False
2017,cervefr01,Francisco Cervelli,PIT,H,C,31.0,81.0,0.8,304.0,5.0,0.0,0.249,0.342,0.37,90.0,,,,,,,,,9000000.0,6.849,False
2017,cespeyo01,Yoenis Céspedes,NYM,H,LF,31.0,81.0,2.0,321.0,17.0,0.0,0.292,0.352,0.54,135.0,,,,,,,,,22500000.0,5.0,False
2017,chacijh01,Jhoulys Chacín,SDP,P,SP,29.0,32.0,3.0,61.0,,,,,,,180.33,32.0,0.0,3.89,108.0,4.26,1.27,153.0,1750000.0,6.314,False
2017,chafian01,Andrew Chafin,ARI,P,RP,27.0,71.0,1.0,,,,,,,,51.33,0,0.0,3.51,135.0,3.39,1.344,61.0,559300.0,2.116,False
2017,chapmar01,Aroldis Chapman,NYY,P,RP,29.0,52.0,1.0,,,,,,,,50.33,0,22.0,3.22,141.0,2.56,1.132,69.0,17200000.0,6.052,False
2017,chapmma01,Matt Chapman,ATH,H,3B,24.0,84.0,3.3,326.0,14.0,0.0,0.234,0.313,0.472,111.0,,,,,,,,,535000,0.0,True
2017,chatwty01,Tyler Chatwood,COL,P,SP,27.0,33.0,2.2,47.0,,,,,,,147.67,25.0,1.0,4.69,108.0,4.94,1.442,120.0,4400000.0,5.227,False
2017,chaveje01,Jesse Chavez,LAA,P,SP,33.0,38.0,-0.4,6.0,,,,,,,138.0,21.0,0.0,5.35,80.0,5.09,1.399,119.0,5750000.0,6.628,False
2017,chiriro01,Robinson Chirinos,TEX,H,C,33.0,88.0,2.5,309.0,17.0,1.0,0.255,0.36,0.506,120.0,,,,,,,,,1950000.0,4.599,False
2017,choosh01,Shin-Soo Choo,TEX,H,RF,34.0,149.0,0.8,636.0,22.0,12.0,0.261,0.357,0.423,100.0,,,,,,,,,20000000.0,9.692,False
2017,claudal01,Alex Claudio,TEX,P,RP,25.0,70.0,2.9,,,,,,,,82.67,1.0,11.0,2.5,193.0,3.21,1.04,56.0,545050.0,1.663,False
2017,clevimi01,Mike Clevinger,CLE,P,SP,26.0,27.0,3.0,3.0,,,,,,,121.67,21.0,0.0,3.11,147.0,3.85,1.249,137.0,535000,0.238,True
2017,clippty01,Tyler Clippard,3TM,P,RP,32.0,67.0,0.1,,,,,,,,60.33,0,5.0,4.77,93.0,4.57,1.293,72.0,6150000.0,7.86,False
2017,cobbal01,Alex Cobb,TBR,P,SP,29.0,29.0,2.6,6.0,,,,,,,179.33,29.0,0.0,3.66,115.0,4.16,1.221,128.0,4200000.0,5.355,False
2017,coleaj01,A.J. Cole,WSN,P,SP,25.0,11.0,1.1,16.0,,,,,,,52.0,8.0,0.0,3.81,118.0,5.2,1.5,44.0,535000,0.0,True
2017,colege01,Gerrit Cole,PIT,P,SP,26.0,33.0,2.7,68.0,,,,,,,203.0,33.0,0.0,4.26,100.0,4.08,1.251,196.0,3750000.0,3.645,False
2017,colomal01,Alex Colomé,TBR,P,RP,28.0,65.0,0.9,,,,,,,,66.67,0,47.0,3.24,130.0,3.37,1.2,58.0,547900.0,2.686,False
2017,colonba01,Bartolo Colon,2TM,P,SP,44.0,28.0,-2.2,20.0,,,,,,,143.0,28.0,0.0,6.48,68.0,5.21,1.587,89.0,12500000.0,18.355,False
2017,confomi01,Michael Conforto,NYM,H,LF,24.0,109.0,3.7,440.0,27.0,2.0,0.279,0.384,0.555,148.0,,,,,,,,,554904.0,1.25,False
2017,conlead01,Adam Conley,MIA,P,SP,27.0,22.0,-1.4,32.0,,,,,,,102.67,20.0,0.0,6.14,65.0,5.62,1.519,72.0,537500.0,1.407,False
2017,contrwi01,Willson Contreras,CHC,H,C,25.0,117.0,3.8,428.0,21.0,5.0,0.276,0.356,0.499,118.0,,,,,,,,,544500.0,0.628,False
2017,corbipa01,Patrick Corbin,ARI,P,SP,27.0,33.0,2.7,70.0,,,,,,,189.67,32.0,0.0,4.03,116.0,4.08,1.418,178.0,3950000.0,4.61,False
2017,correca01,Carlos Correa,HOU,H,SS,22.0,109.0,6.7,481.0,24.0,2.0,0.315,0.391,0.55,155.0,,,,,,,,,535000.0,1.692,False
2017,cottojh01,Jharel Cotton,ATH,P,SP,25.0,24.0,-0.8,2.0,,,,,,,129.0,24.0,0.0,5.58,75.0,5.68,1.442,105.0,535000.0,0.151,False
2017,couloda01,Danny Coulombe,ATH,P,RP,27.0,72.0,0.8,,,,,,,,51.67,0,0.0,3.48,120.0,4.16,1.316,39.0,537500.0,0.866,False
2017,coveydy01,Dylan Covey,CHW,P,SP,25.0,18.0,-1.3,1.0,,,,,,,70.0,12.0,0.0,7.71,56.0,7.2,1.671,41.0,535000.0,0.0,False
2017,cozarza01,Zack Cozart,CIN,H,SS,31.0,122.0,5.1,507.0,24.0,3.0,0.297,0.385,0.548,140.0,,,,,,,,,5325000.0,5.488,False
2017,crawfbr01,Brandon Crawford,SFG,H,SS,30.0,144.0,1.9,570.0,14.0,3.0,0.253,0.305,0.403,85.0,,,,,,,,,8200000.0,5.547,False
2017,croncj01,C.J. Cron,LAA,H,1B,27.0,100.0,1.1,373.0,16.0,3.0,0.248,0.305,0.437,98.0,,,,,,,,,565000.0,2.64,False
2017,cruzne02,Nelson Cruz,SEA,H,DH,36.0,155.0,4.2,645.0,39.0,1.0,0.288,0.375,0.549,149.0,,,,,,,,,14250000.0,9.477,False
2017,cuetojo01,Johnny Cueto,SFG,P,SP,31.0,25.0,1.8,52.0,,,,,,,147.33,25.0,0.0,4.52,94.0,4.5,1.446,136.0,21833333.0,9.0,False
2017,darnatr01,Travis d'Arnaud,NYM,H,C,28.0,112.0,1.4,376.0,16.0,0.0,0.244,0.293,0.443,94.0,,,,,,,,,1875000.0,3.256,False
2017,darviyu01,Yu Darvish,2TM,P,SP,30.0,31.0,4.0,20.0,,,,,,,186.67,31.0,0.0,3.86,120.0,3.83,1.163,209.0,11000000.0,5.0,False
2017,davidma02,Matt Davidson,CHW,H,DH,26.0,118.0,-0.9,443.0,26.0,0.0,0.22,0.26,0.452,88.0,,,,,,,,,536500.0,0.843,False
2017,davieza02,Zach Davies,MIL,P,SP,24.0,33.0,3.4,69.0,,,,,,,191.33,33.0,0.0,3.9,112.0,4.22,1.354,124.0,546200.0,1.116,False
2017,davisch02,Chris Davis,BAL,H,1B,31.0,128.0,-0.4,524.0,26.0,1.0,0.215,0.309,0.423,96.0,,,,,,,,,23000000.0,7.355,False
2017,daviskh01,Khris Davis,ATH,H,LF,29.0,153.0,2.8,652.0,43.0,4.0,0.247,0.336,0.528,131.0,,,,,,,,,5000000.0,3.605,False
2017,davisra01,Rajai Davis,2TM,H,CF,36.0,117.0,0.3,366.0,5.0,29.0,0.235,0.293,0.348,74.0,,,,,,,,,6000000.0,9.971,False
2017,daviswa01,Wade Davis,CHC,P,RP,31.0,59.0,1.9,,,,,,,,58.67,0,32.0,2.3,192.0,3.38,1.142,79.0,10000000.0,7.186,False
2017,degroja01,Jacob deGrom,NYM,P,SP,29.0,31.0,4.6,77.0,,,,,,,201.33,31.0,0.0,3.53,117.0,3.5,1.187,239.0,4050000.0,2.808,False
2017,dejonpa01,Paul DeJong,STL,H,SS,23.0,108.0,2.7,443.0,25.0,1.0,0.285,0.325,0.532,121.0,,,,,,,,,,0.0,False
2017,delgara01,Randall Delgado,ARI,P,RP,27.0,26.0,0.5,9.0,,,,,,,62.67,5.0,1.0,3.59,131.0,3.16,1.181,60.0,1775000.0,4.581,False
2017,descada01,Daniel Descalso,ARI,H,2B,30.0,130.0,-0.2,398.0,10.0,4.0,0.233,0.332,0.395,84.0,2.0,0,0.0,0.0,,3.16,0.0,0.0,1350000.0,6.093,False
2017,deshide02,Delino DeShields,TEX,H,LF,24.0,120.0,1.6,440.0,6.0,29.0,0.269,0.347,0.367,85.0,,,,,,,,,540300.0,1.674,False
2017,desmoia01,Ian Desmond,COL,H,LF,31.0,95.0,-1.0,373.0,7.0,15.0,0.274,0.326,0.375,72.0,,,,,,,,,8000000.0,7.157,False
2017,despaod01,Odrisamer Despaigne,MIA,P,RP,30.0,18.0,0.0,20.0,,,,,,,58.33,8.0,1.0,4.01,99.0,4.15,1.389,31.0,535000.0,1.965,False
2017,devench02,Chris Devenski,HOU,P,RP,26.0,62.0,1.9,1.0,,,,,,,80.67,0,4.0,2.68,153.0,3.49,0.942,100.0,554500.0,1.0,False
2017,diazal02,Aledmys Díaz,STL,H,SS,26.0,79.0,-0.2,301.0,7.0,4.0,0.259,0.29,0.392,78.0,,,,,,,,,2500000.0,1.0,False
2017,diazed04,Edwin Díaz,SEA,P,RP,23.0,66.0,0.8,1.0,,,,,,,66.0,0,34.0,3.27,128.0,4.02,1.152,89.0,545000.0,0.703,False
2017,dickeco01,Corey Dickerson,TBR,H,LF,28.0,150.0,2.7,629.0,27.0,4.0,0.282,0.325,0.49,118.0,,,,,,,,,3025000.0,3.587,False
2017,dicker.01,R.A. Dickey,ATL,P,SP,42.0,31.0,2.2,68.0,,,,,,,190.0,31.0,0.0,4.26,102.0,4.72,1.368,136.0,7500000.0,11.041,False
2017,dietrde01,Derek Dietrich,MIA,H,3B,27.0,135.0,1.1,464.0,13.0,0.0,0.249,0.334,0.424,106.0,,,,,,,,,1700000.0,2.878,False
2017,difowi01,Wilmer Difo,WSN,H,SS,25.0,124.0,1.7,365.0,5.0,10.0,0.271,0.319,0.37,78.0,,,,,,,,,537800.0,0.64,False
2017,donaljo02,Josh Donaldson,TOR,H,3B,31.0,113.0,4.6,496.0,33.0,2.0,0.27,0.385,0.559,148.0,,,,,,,,,17000000.0,4.919,False
2017,doolise01,Sean Doolittle,2TM,P,RP,30.0,53.0,1.4,,,,,,,,51.33,0,24.0,2.81,157.0,2.59,0.857,62.0,2630000.0,4.709,False
2017,doziebr01,Brian Dozier,MIN,H,2B,30.0,152.0,4.8,705.0,34.0,16.0,0.271,0.359,0.498,126.0,,,,,,,,,6000000.0,4.581,False
2017,drakeol01,Oliver Drake,2TM,P,RP,30.0,64.0,0.1,,,,,,,,56.0,0,1.0,4.66,95.0,3.68,1.571,62.0,538000.0,0.547,False
2017,drurybr01,Brandon Drury,ARI,H,2B,24.0,135.0,1.6,480.0,13.0,1.0,0.267,0.317,0.447,91.0,,,,,,,,,553900.0,1.198,False
2017,dudalu01,Lucas Duda,2TM,H,1B,31.0,127.0,1.6,491.0,30.0,0.0,0.217,0.322,0.496,117.0,,,,,,,,,7250000.0,5.797,False
2017,duensbr01,Brian Duensing,CHC,P,RP,34.0,68.0,1.3,4.0,,,,,,,62.33,0,0.0,2.74,161.0,3.41,1.219,61.0,2000000.0,7.32,False
2017,duffety01,Tyler Duffey,MIN,P,RP,26.0,56.0,-0.3,,,,,,,,71.0,0,1.0,4.94,90.0,3.72,1.366,67.0,542500.0,1.244,False
2017,duffyda01,Danny Duffy,KCR,P,SP,28.0,24.0,3.7,2.0,,,,,,,146.33,24.0,0.0,3.81,117.0,3.46,1.257,130.0,5000000.0,5.494,False
2017,dunnmi01,Mike Dunn,COL,P,RP,32.0,68.0,0.7,,,,,,,,50.33,0,0.0,4.47,113.0,4.63,1.411,57.0,4000000.0,6.459,False
2017,duvalad01,Adam Duvall,CIN,H,LF,28.0,157.0,2.1,647.0,31.0,5.0,0.249,0.301,0.48,99.0,,,,,,,,,577500.0,1.558,False
2017,dysonja01,Jarrod Dyson,SEA,H,CF,32.0,111.0,2.7,390.0,5.0,28.0,0.251,0.324,0.35,85.0,,,,,,,,,2800000.0,5.512,False
2017,dysonsa01,Sam Dyson,2TM,P,RP,29.0,55.0,-1.1,,,,,,,,54.67,0,14.0,6.09,74.0,5.63,1.774,34.0,3520000.0,2.826,False
2017,edwarca01,Carl Edwards Jr.,CHC,P,RP,25.0,73.0,1.6,1.0,,,,,,,66.33,0,0.0,2.98,148.0,3.4,1.01,94.0,556000.0,0.779,False
2017,eflinza01,Zach Eflin,PHI,P,SP,23.0,11.0,-0.3,22.0,,,,,,,64.33,11.0,0.0,6.16,70.0,6.1,1.415,35.0,535000,0.105,True
2017,eickhje01,Jerad Eickhoff,PHI,P,SP,26.0,24.0,0.8,34.0,,,,,,,128.0,24.0,0.0,4.71,91.0,4.3,1.523,118.0,552000.0,1.262,False
2017,ellsbja01,Jacoby Ellsbury,NYY,H,CF,33.0,112.0,1.7,409.0,7.0,22.0,0.264,0.348,0.402,97.0,,,,,,,,,21142857.0,9.215,False
2017,encared01,Edwin Encarnación,CLE,H,DH,34.0,157.0,2.8,669.0,38.0,2.0,0.258,0.377,0.504,128.0,,,,,,,,,14666000.0,11.494,False
2017,engelad01,Adam Engel,CHW,H,CF,25.0,97.0,-0.7,336.0,6.0,8.0,0.166,0.235,0.282,40.0,,,,,,,,,535000,0.0,True
2017,escobal02,Alcides Escobar,KCR,H,SS,30.0,162.0,-0.6,629.0,6.0,4.0,0.25,0.272,0.357,66.0,,,,,,,,,6500000.0,7.477,False
2017,escobed01,Eduardo Escobar,MIN,H,3B,28.0,129.0,1.2,499.0,21.0,5.0,0.254,0.309,0.449,100.0,,,,,,,,,2600000.0,4.744,False
2017,escobyu01,Yunel Escobar,LAA,H,3B,34.0,89.0,0.4,381.0,7.0,1.0,0.274,0.333,0.397,98.0,,,,,,,,,7000000.0,9.703,False
2017,estrama01,Marco Estrada,TOR,P,SP,33.0,33.0,1.6,4.0,,,,,,,186.0,33.0,0.0,4.98,90.0,4.61,1.382,176.0,14500000.0,7.203,False
2017,fariaja01,Jake Faria,TBR,P,SP,23.0,16.0,1.6,,,,,,,,86.67,14.0,0.0,3.43,123.0,4.12,1.177,84.0,535000,,True
2017,feldmsc01,Scott Feldman,CIN,P,SP,34.0,21.0,0.1,38.0,,,,,,,111.33,21.0,0.0,4.77,94.0,5.04,1.356,93.0,2300000.0,10.529,False
2017,fieldjo03,Josh Fields,LAD,P,RP,31.0,57.0,0.9,,,,,,,,57.0,0,2.0,2.84,146.0,4.18,0.965,60.0,1050000.0,3.535,False
2017,fiersmi01,Mike Fiers,HOU,P,SP,32.0,29.0,-0.5,1.0,,,,,,,153.33,28.0,0.0,5.22,78.0,5.43,1.428,146.0,3450000.0,3.494,False
2017,fistedo01,Doug Fister,BOS,P,SP,33.0,18.0,0,2.0,,,,,,,90.33,15.0,0.0,4.88,94.0,3.98,1.384,83.0,1750000.0,7.337,False
2017,florewi01,Wilmer Flores,NYM,H,3B,25.0,110.0,0.2,362.0,18.0,1.0,0.271,0.307,0.488,109.0,,,,,,,,,2200000.0,3.017,False
2017,flowety01,Tyler Flowers,ATL,H,C,31.0,99.0,2.0,370.0,12.0,0.0,0.281,0.378,0.445,115.0,,,,,,,,,3000000.0,5.86,False
2017,foltymi01,Mike Foltynewicz,ATL,P,SP,25.0,29.0,1.0,49.0,,,,,,,154.0,28.0,0.0,4.79,91.0,4.33,1.481,143.0,544000.0,1.948,False
2017,forsylo01,Logan Forsythe,LAD,H,2B,30.0,119.0,1.8,439.0,6.0,3.0,0.224,0.351,0.327,83.0,,,,,,,,,7000000.0,5.657,False
2017,fowlede01,Dexter Fowler,STL,H,CF,31.0,118.0,1.7,491.0,18.0,7.0,0.264,0.363,0.488,122.0,,,,,,,,,16500000.0,7.977,False
2017,francma02,Maikel Franco,PHI,H,3B,24.0,154.0,-0.1,623.0,24.0,0.0,0.23,0.281,0.409,79.0,,,,,,,,,560000.0,1.988,False
2017,fraziad01,Adam Frazier,PIT,H,LF,25.0,121.0,1.1,454.0,6.0,9.0,0.276,0.344,0.399,97.0,,,,,,,,,549500.0,0.587,False
2017,frazito01,Todd Frazier,2TM,H,3B,31.0,147.0,3.0,576.0,27.0,4.0,0.213,0.344,0.428,106.0,,,,,,,,,12000000.0,5.413,False
2017,freelky01,Kyle Freeland,COL,P,SP,24.0,33.0,3.5,56.0,,,,,,,156.0,28.0,0.0,4.1,123.0,4.57,1.487,107.0,,0.0,False
2017,freemfr01,Freddie Freeman,ATL,H,1B,27.0,117.0,4.6,514.0,28.0,8.0,0.307,0.403,0.586,155.0,,,,,,,,,20500000.0,6.192,False
2017,freemsa01,Sam Freeman,ATL,P,RP,30.0,58.0,1.6,2.0,,,,,,,60.0,0,0.0,2.55,171.0,3.34,1.25,59.0,,3.291,False
2017,freesda01,David Freese,PIT,H,3B,34.0,130.0,2.3,503.0,10.0,0.0,0.263,0.368,0.371,98.0,,,,,,,,,6250000.0,7.163,False
2017,fulmemi01,Michael Fulmer,DET,P,SP,24.0,25.0,3.9,5.0,,,,,,,164.67,25.0,0.0,3.83,117.0,3.67,1.154,114.0,551900.0,0.913,False
2017,gallayo01,Yovani Gallardo,SEA,P,SP,31.0,28.0,-0.2,2.0,,,,,,,130.67,22.0,1.0,5.72,73.0,5.53,1.515,94.0,11000000.0,9.628,False
2017,gallojo01,Joey Gallo,TEX,H,3B,23.0,145.0,3.1,532.0,41.0,7.0,0.209,0.333,0.537,118.0,,,,,,,,,537120.0,0.599,False
2017,galvifr01,Freddy Galvis,PHI,H,SS,27.0,162.0,2.0,663.0,12.0,14.0,0.255,0.309,0.382,81.0,,,,,,,,,4350000.0,4.122,False
2017,gamelbe01,Ben Gamel,SEA,H,LF,25.0,134.0,1.1,550.0,11.0,4.0,0.275,0.322,0.413,100.0,,,,,,,,,535000,0.169,True
2017,garciav01,Avisaíl García,CHW,H,RF,26.0,136.0,4.5,561.0,18.0,5.0,0.33,0.38,0.506,138.0,,,,,,,,,3000000.0,3.971,False
2017,garcija01,Santiago Casilla,ATH,P,RP,36.0,63.0,0.5,,,,,,,,59.0,0,16.0,4.27,98.0,4.41,1.356,57.0,5000000.0,9.86,False
2017,garcija02,Jaime García,3TM,P,SP,30.0,27.0,1.4,37.0,,,,,,,157.0,27.0,0.0,4.41,100.0,4.25,1.408,129.0,12000000.0,8.273,False
2017,garcija04,Jarlín García,MIA,P,RP,24.0,68.0,-0.3,,,,,,,,53.33,0,0.0,4.73,84.0,4.23,1.2,42.0,535000,0.023,True
2017,garcile02,Leury García,CHW,H,CF,26.0,87.0,1.1,326.0,9.0,8.0,0.27,0.316,0.423,98.0,,,,,,,,,546500.0,2.145,False
2017,garcilu03,Luis García,PHI,P,RP,30.0,66.0,2.0,,,,,,,,71.33,0,2.0,2.65,163.0,3.12,1.22,60.0,535000,2.035,True
2017,gardnbr01,Brett Gardner,NYY,H,LF,33.0,151.0,4.9,682.0,21.0,23.0,0.264,0.35,0.428,104.0,,,,,,,,,12500000.0,8.419,False
2017,garream01,Amir Garrett,CIN,P,SP,25.0,16.0,-1.9,23.0,,,,,,,70.67,14.0,0.0,7.39,61.0,7.39,1.613,63.0,535000,0.0,True
2017,garzama01,Matt Garza,MIL,P,SP,33.0,24.0,-0.3,37.0,,,,,,,114.67,22.0,0.0,4.94,89.0,4.91,1.448,79.0,12500000.0,9.866,False
2017,gattiev01,Evan Gattis,HOU,H,C,30.0,84.0,1.0,325.0,12.0,0.0,0.263,0.311,0.457,107.0,,,,,,,,,5200000.0,4.0,False
2017,gausmke01,Kevin Gausman,BAL,P,SP,26.0,34.0,2.0,2.0,,,,,,,186.67,34.0,0.0,4.68,93.0,4.48,1.495,179.0,3450000.0,2.878,False
2017,gavigsa01,Sam Gaviglio,2TM,P,SP,27.0,16.0,0.6,5.0,,,,,,,74.33,13.0,0.0,4.36,97.0,5.81,1.372,49.0,535000,0.0,True
2017,gearrco01,Cory Gearrin,SFG,P,RP,31.0,68.0,2.4,2.0,,,,,,,68.0,0,0.0,1.99,215.0,3.89,1.25,64.0,1050000.0,3.791,False
2017,gennesc01,Scooter Gennett,CIN,H,2B,27.0,141.0,1.8,497.0,27.0,3.0,0.295,0.342,0.531,123.0,1.0,0,0.0,18.0,33.0,22.16,3.0,0.0,,3.413,False
2017,gibsoky01,Kyle Gibson,MIN,P,SP,29.0,29.0,0.4,,,,,,,,158.0,29.0,0.0,5.07,87.0,4.85,1.532,121.0,2900000.0,3.326,False
2017,gileske01,Ken Giles,HOU,P,RP,26.0,63.0,2.0,,,,,,,,62.67,0,34.0,2.3,178.0,2.39,1.037,83.0,550100.0,2.657,False
2017,givenmy01,Mychal Givens,BAL,P,RP,27.0,69.0,2.3,,,,,,,,78.67,0,0.0,2.75,158.0,3.72,1.042,88.0,546000.0,1.401,False
2017,glasnty01,Tyler Glasnow,PIT,P,SP,23.0,15.0,-1.5,23.0,,,,,,,62.0,13.0,0.0,7.69,56.0,6.3,2.016,56.0,541000.0,0.384,False
2017,godleza01,Zack Godley,ARI,P,SP,27.0,26.0,3.9,53.0,,,,,,,155.0,25.0,0.0,3.37,139.0,3.41,1.142,165.0,535000,0.651,True
2017,goinsry01,Ryan Goins,TOR,H,SS,29.0,143.0,1.1,459.0,9.0,3.0,0.237,0.286,0.356,70.0,,,,,,,,,548200.0,2.616,False
2017,goldspa01,Paul Goldschmidt,ARI,H,1B,29.0,155.0,6.1,665.0,36.0,18.0,0.297,0.404,0.563,142.0,,,,,,,,,8875000.0,5.343,False
2017,gomesya01,Yan Gomes,CLE,H,C,29.0,105.0,1.3,383.0,14.0,0.0,0.232,0.309,0.399,83.0,,,,,,,,,4500000.0,4.483,False
2017,gomezca01,Carlos Gómez,TEX,H,CF,31.0,105.0,1.4,426.0,17.0,13.0,0.255,0.34,0.462,104.0,,,,,,,,,11500000.0,9.82,False
2017,gonzaca01,Carlos González,COL,H,RF,31.0,136.0,-0.3,534.0,14.0,3.0,0.262,0.339,0.423,86.0,,,,,,,,,20000000.0,8.343,False
2017,gonzagi01,Gio González,WSN,P,SP,31.0,32.0,6.3,75.0,,,,,,,201.0,32.0,0.0,2.96,152.0,3.93,1.179,188.0,12000000.0,7.942,False
2017,gonzama01,Marwin González,HOU,H,LF,28.0,134.0,4.1,515.0,23.0,8.0,0.303,0.377,0.53,146.0,,,,,,,,,3725000.0,4.773,False
2017,gonzami03,Miguel González,2TM,P,SP,33.0,27.0,1.6,8.0,,,,,,,156.0,27.0,0.0,4.62,95.0,4.88,1.423,100.0,5900000.0,5.488,False
2017,goodyni01,Nick Goody,CLE,P,RP,25.0,56.0,0.9,,,,,,,,54.67,0,0.0,2.8,164.0,3.45,1.079,72.0,535000,0.924,True
2017,gordoal01,Alex Gordon,KCR,H,LF,33.0,148.0,-0.1,541.0,9.0,7.0,0.208,0.293,0.315,63.0,,,,,,,,,16000000.0,9.535,False
2017,gordode01,Dee Strange-Gordon,MIA,H,2B,29.0,158.0,3.7,695.0,2.0,60.0,0.308,0.341,0.375,97.0,,,,,,,,,7800000.0,4.895,False
2017,gosseda01,Daniel Gossett,ATH,P,SP,24.0,18.0,-0.7,7.0,,,,,,,91.33,18.0,0.0,6.11,68.0,5.59,1.609,72.0,535000,0.0,True
2017,gourryu01,Yuli Gurriel,HOU,H,1B,33.0,139.0,2.7,564.0,18.0,3.0,0.299,0.332,0.486,121.0,,,,,,,,,14400000.0,0.25,False
2017,gracema02,Matt Grace,WSN,P,RP,28.0,40.0,0.3,5.0,,,,,,,50.0,1.0,2.0,4.32,104.0,3.96,1.36,31.0,535000,0.378,True
2017,grandcu01,Curtis Granderson,2TM,H,CF,36.0,147.0,1.7,527.0,26.0,6.0,0.212,0.323,0.452,105.0,,,,,,,,,15000000.0,11.448,False
2017,grandya01,Yasmani Grandal,LAD,H,C,28.0,129.0,2.3,482.0,22.0,0.0,0.247,0.308,0.459,101.0,,,,,,,,,5500000.0,4.669,False
2017,graveke01,Kendall Graveman,ATH,P,SP,26.0,19.0,1.8,1.0,,,,,,,105.33,19.0,0.0,4.19,100.0,4.34,1.386,70.0,545000.0,2.081,False
2017,grayjo02,Jon Gray,COL,P,SP,25.0,20.0,3.0,43.0,,,,,,,110.33,20.0,0.0,3.67,138.0,3.18,1.296,112.0,540000.0,1.36,False
2017,grayso01,Sonny Gray,2TM,P,SP,27.0,27.0,2.5,,,,,,,,162.33,27.0,0.0,3.55,122.0,3.9,1.207,153.0,3575000.0,3.355,False
2017,greench03,Chad Green,NYY,P,RP,26.0,40.0,2.7,,,,,,,,69.0,1.0,0.0,1.83,248.0,1.75,0.739,103.0,535000,0.291,True
2017,greensh02,Shane Greene,DET,P,RP,28.0,71.0,2.6,,,,,,,,67.67,0,9.0,2.66,169.0,3.84,1.241,73.0,550600.0,2.436,False
2017,gregelu01,Luke Gregerson,HOU,P,RP,33.0,65.0,0,,,,,,,,61.0,0,1.0,4.57,90.0,4.62,1.344,70.0,6250000.0,8.0,False
2017,gregodi01,Didi Gregorius,NYY,H,SS,27.0,136.0,4.2,570.0,25.0,3.0,0.287,0.318,0.478,106.0,,,,,,,,,5100000.0,3.924,False
2017,greinza01,Zack Greinke,ARI,P,SP,33.0,32.0,6.1,70.0,,,,,,,202.33,32.0,0.0,3.2,147.0,3.31,1.072,215.0,34000000.0,12.331,False
2017,grichra01,Randal Grichuk,STL,H,LF,25.0,122.0,0.6,442.0,22.0,6.0,0.238,0.285,0.473,95.0,,,,,,,,,557200.0,2.279,False
2017,griffaj01,A.J. Griffin,TEX,P,SP,29.0,18.0,0,6.0,,,,,,,77.33,15.0,0.0,5.94,81.0,6.26,1.345,61.0,2000000.0,4.198,False
2017,grimmju01,Justin Grimm,CHC,P,RP,28.0,50.0,-0.5,3.0,,,,,,,55.33,0,1.0,5.53,80.0,5.36,1.337,59.0,1825000.0,3.988,False
2017,grossro01,Robbie Grossman,MIN,H,DH,27.0,119.0,0.9,456.0,9.0,3.0,0.246,0.361,0.38,100.0,,,,,,,,,552500.0,2.349,False
2017,gsellro01,Robert Gsellman,NYM,P,SP,23.0,25.0,-0.7,44.0,,,,,,,119.67,22.0,0.0,5.19,80.0,4.89,1.504,82.0,541750.0,0.244,False
2017,guerrju02,Junior Guerra,MIL,P,SP,32.0,21.0,-0.4,21.0,,,,,,,70.33,14.0,0.0,5.12,86.0,6.58,1.479,67.0,546200.0,1.029,False
2017,gyorkje01,Jedd Gyorko,STL,H,3B,28.0,125.0,3.0,481.0,20.0,6.0,0.272,0.341,0.472,112.0,,,,,,,,,6000000.0,3.953,False
2017,hahnje01,Jesse Hahn,ATH,P,SP,27.0,14.0,-0.1,,,,,,,,69.67,13.0,0.0,5.3,79.0,3.62,1.507,55.0,535000,1.39,True
2017,hamelco01,Cole Hamels,TEX,P,SP,33.0,24.0,3.0,3.0,,,,,,,148.0,24.0,0.0,4.2,115.0,4.62,1.203,105.0,23500000.0,10.831,False
2017,hamilbi02,Billy Hamilton,CIN,H,CF,26.0,139.0,1.3,633.0,4.0,59.0,0.247,0.299,0.335,66.0,,,,,,,,,2625000.0,3.163,False
2017,hammeja01,Jason Hammel,KCR,P,SP,34.0,32.0,1.6,9.0,,,,,,,180.33,32.0,0.0,5.29,85.0,4.37,1.425,145.0,5000000.0,9.89,False
2017,handbr01,Brad Hand,SDP,P,RP,27.0,72.0,3.0,2.0,,,,,,,79.33,0,21.0,2.16,196.0,3.03,0.933,104.0,1375000.0,3.535,False
2017,hanigmi01,Mitch Haniger,SEA,H,RF,26.0,96.0,3.2,410.0,16.0,5.0,0.282,0.352,0.491,127.0,,,,,,,,,538000.0,0.279,False
2017,happia01,Ian Happ,CHC,H,CF,22.0,115.0,1.6,413.0,24.0,8.0,0.253,0.328,0.514,113.0,,,,,,,,,535000,0.0,True
2017,happja01,J.A. Happ,TOR,P,SP,34.0,25.0,3.2,2.0,,,,,,,145.33,25.0,0.0,3.53,127.0,3.76,1.314,142.0,13000000.0,8.273,False
2017,harpebr03,Bryce Harper,WSN,H,RF,24.0,111.0,4.7,492.0,29.0,4.0,0.319,0.413,0.595,156.0,,,,,,,,,13625000.0,4.924,False
2017,harrijo05,Josh Harrison,PIT,H,2B,29.0,128.0,3.5,542.0,16.0,12.0,0.272,0.339,0.432,103.0,,,,,,,,,7750000.0,5.192,False
2017,harvema01,Matt Harvey,NYM,P,SP,28.0,19.0,-1.3,36.0,,,,,,,92.67,18.0,0.0,6.7,62.0,6.37,1.694,67.0,5125000.0,4.419,False
2017,hatchch02,Chris Hatcher,2TM,P,RP,32.0,49.0,0.4,,,,,,,,59.67,0,1.0,4.22,99.0,4.28,1.324,63.0,1250000.0,3.849,False
2017,headlch01,Chase Headley,NYY,H,3B,33.0,147.0,2.1,586.0,12.0,9.0,0.273,0.352,0.406,100.0,,,,,,,,,13000000.0,8.715,False
2017,healyry01,Ryon Healy,ATH,H,DH,25.0,149.0,0.9,605.0,25.0,0.0,0.271,0.302,0.451,103.0,,,,,,,,,537500.0,0.465,False
2017,hechaad01,Adeiny Hechavarría,2TM,H,SS,28.0,97.0,0.3,348.0,8.0,4.0,0.261,0.289,0.406,87.0,,,,,,,,,4350000.0,4.349,False
2017,hedgeau01,Austin Hedges,SDP,H,C,24.0,120.0,0.7,417.0,18.0,4.0,0.214,0.262,0.398,73.0,,,,,,,,,537100.0,0.965,False
2017,hellije01,Jeremy Hellickson,2TM,P,SP,30.0,30.0,0.2,39.0,,,,,,,164.0,30.0,0.0,5.43,80.0,5.77,1.262,96.0,17200000.0,6.262,False
2017,hembrhe01,Heath Hembree,BOS,P,RP,28.0,62.0,0.3,,,,,,,,62.0,0,0.0,3.63,126.0,3.92,1.452,70.0,547000.0,1.616,False
2017,hendrky01,Kyle Hendricks,CHC,P,SP,27.0,24.0,3.2,51.0,,,,,,,139.67,24.0,0.0,3.03,145.0,3.88,1.189,123.0,760500.0,2.471,False
2017,hendrli01,Liam Hendriks,ATH,P,RP,28.0,70.0,0.1,,,,,,,,64.0,0,1.0,4.22,99.0,3.22,1.25,78.0,1100000.0,3.221,False
2017,heredgu01,Guillermo Heredia,SEA,H,CF,26.0,123.0,1.4,426.0,6.0,1.0,0.249,0.315,0.337,79.0,,,,,,,,,782000.0,0.314,False
2017,hernace02,César Hernández,PHI,H,2B,27.0,128.0,2.8,577.0,9.0,15.0,0.294,0.373,0.421,110.0,,,,,,,,,2550000.0,2.895,False
2017,hernada01,David Hernández,2TM,P,RP,32.0,64.0,1.0,,,,,,,,55.0,0,2.0,3.11,143.0,2.76,1.036,52.0,535000.0,7.552,False
2017,hernaen02,Kiké Hernández,LAD,H,CF,25.0,140.0,1.1,342.0,11.0,3.0,0.215,0.308,0.421,92.0,,,,,,,,,555000.0,2.314,False
2017,hernafe02,Félix Hernández,SEA,P,SP,31.0,16.0,0.7,,,,,,,,86.67,16.0,0.0,4.36,96.0,5.02,1.292,78.0,26857000.0,11.349,False
2017,hernago01,Gorkys Hernández,SFG,H,LF,29.0,128.0,-0.7,348.0,0.0,12.0,0.255,0.327,0.326,74.0,,,,,,,,,537000.0,1.076,False
2017,herreke01,Kelvin Herrera,KCR,P,RP,27.0,64.0,0.3,,,,,,,,59.33,0,26.0,4.25,106.0,4.3,1.348,56.0,5325000.0,4.913,False
2017,herreod01,Odúbel Herrera,PHI,H,CF,25.0,138.0,2.6,563.0,14.0,8.0,0.281,0.325,0.452,103.0,,,,,,,,,1600000.0,2.0,False
2017,heywaja01,Jason Heyward,CHC,H,RF,27.0,126.0,2.2,481.0,11.0,4.0,0.259,0.326,0.389,84.0,,,,,,,,,28166667.0,7.0,False
2017,hicksaa01,Aaron Hicks,NYY,H,CF,27.0,88.0,3.9,361.0,15.0,10.0,0.266,0.372,0.475,122.0,,,,,,,,,1350000.0,3.238,False
2017,hillri01,Rich Hill,LAD,P,SP,37.0,25.0,2.0,49.0,,,,,,,135.67,25.0,0.0,3.32,125.0,3.72,1.091,166.0,12666667.0,7.738,False
2017,hoffmje02,Jeff Hoffman,COL,P,SP,24.0,23.0,0.2,36.0,,,,,,,99.33,16.0,0.0,5.89,86.0,4.8,1.47,82.0,535000,0.0,True
2017,hollade01,Derek Holland,CHW,P,SP,30.0,29.0,-1.5,1.0,,,,,,,135.0,26.0,0.0,6.2,69.0,6.45,1.711,104.0,6000000.0,7.698,False
2017,hollagr01,Greg Holland,COL,P,RP,31.0,61.0,1.5,,,,,,,,57.33,0,41.0,3.61,140.0,3.72,1.151,70.0,6000000.0,5.163,False
2017,hollima01,Matt Holliday,NYY,H,DH,37.0,105.0,-0.1,427.0,19.0,1.0,0.231,0.316,0.432,95.0,,,,,,,,,13000000.0,13.0,False
2017,holmbda01,David Holmberg,CHW,P,RP,25.0,37.0,0,,,,,,,,57.67,7.0,0.0,4.68,92.0,6.8,1.682,33.0,535000,,True
2017,hosmeer01,Eric Hosmer,KCR,H,1B,27.0,162.0,4.4,671.0,25.0,6.0,0.318,0.385,0.498,133.0,,,,,,,,,12250000.0,5.849,False
2017,hudsoda01,Daniel Hudson,PIT,P,RP,30.0,71.0,-0.1,,,,,,,,61.67,0,0.0,4.38,98.0,4.34,1.459,66.0,5500000.0,6.68,False
2017,hugheja02,Jared Hughes,MIL,P,RP,31.0,67.0,1.2,,,,,,,,59.67,0,1.0,3.02,146.0,3.93,1.223,48.0,950000.0,4.942,False
2017,hugheph01,Phil Hughes,MIN,P,SP,31.0,14.0,-0.5,,,,,,,,53.67,9.0,0.0,5.87,76.0,5.43,1.584,38.0,13200000.0,9.657,False
2017,hundlni01,Nick Hundley,SFG,H,C,33.0,101.0,0.4,303.0,9.0,0.0,0.244,0.272,0.418,79.0,,,,,,,,,2000000.0,8.343,False
2017,hunteto02,Tommy Hunter,TBR,P,RP,30.0,61.0,1.4,,,,,,,,58.67,0,1.0,2.61,162.0,3.07,0.972,64.0,1400000.0,7.384,False
2017,iannech01,Chris Iannetta,ARI,H,C,34.0,89.0,1.8,316.0,17.0,0.0,0.254,0.354,0.511,116.0,,,,,,,,,1500000.0,10.076,False
2017,iglesjo01,Jose Iglesias,DET,H,SS,27.0,130.0,0.4,489.0,6.0,7.0,0.255,0.288,0.369,74.0,,,,,,,,,4100000.0,4.209,False
2017,iglesra01,Raisel Iglesias,CIN,P,RP,27.0,63.0,2.3,1.0,,,,,,,76.0,0,28.0,2.49,181.0,2.7,1.105,92.0,4214286.0,1.895,False
2017,inciaen01,Ender Inciarte,ATL,H,CF,26.0,157.0,2.8,718.0,11.0,22.0,0.304,0.35,0.409,98.0,,,,,,,,,2700000.0,2.913,False
2017,infangr01,Gregory Infante,CHW,P,RP,29.0,52.0,1.1,,,,,,,,54.67,0,0.0,3.13,138.0,3.58,1.189,49.0,535000,0.006,True
2017,jacksau01,Austin Jackson,CLE,H,LF,30.0,85.0,1.9,318.0,7.0,3.0,0.318,0.387,0.482,126.0,,,,,,,,,1500000.0,7.0,False
2017,jacksed01,Edwin Jackson,2TM,P,SP,33.0,16.0,-0.6,21.0,,,,,,,76.0,13.0,0.0,5.21,86.0,6.14,1.513,60.0,,11.372,False
2017,jackslu01,Luke Jackson,ATL,P,RP,25.0,43.0,0.3,3.0,,,,,,,50.67,0,0.0,4.62,95.0,4.24,1.461,33.0,535000,0.11,True
2017,janseke01,Kenley Jansen,LAD,P,RP,29.0,65.0,3.1,4.0,,,,,,,68.33,0,41.0,1.32,315.0,1.31,0.746,109.0,10800000.0,6.424,False
2017,jasojo01,John Jaso,PIT,H,RF,33.0,126.0,-0.4,302.0,10.0,1.0,0.211,0.328,0.402,93.0,,,,,,,,,4000000.0,7.186,False
2017,jayjo02,Jon Jay,CHC,H,LF,32.0,141.0,1.1,433.0,2.0,6.0,0.296,0.374,0.375,96.0,1.0,0,0.0,0.0,,3.16,1.0,0.0,8000000.0,6.779,False
2017,jeffrje01,Jeremy Jeffress,2TM,P,RP,29.0,61.0,0.5,2.0,,,,,,,65.33,1.0,0.0,4.68,100.0,5.24,1.638,51.0,2100000.0,3.605,False
2017,jennida01,Dan Jennings,2TM,P,RP,30.0,77.0,0.9,,,,,,,,62.67,0,0.0,3.45,125.0,4.72,1.34,51.0,1400000.0,3.994,False
2017,jimenub01,Ubaldo Jiménez,BAL,P,SP,33.0,31.0,-1.4,5.0,,,,,,,142.67,25.0,0.0,6.81,64.0,5.54,1.591,139.0,13500000.0,9.506,False
2017,johnsji04,Jim Johnson,ATL,P,RP,34.0,61.0,-1.0,,,,,,,,56.67,0,22.0,5.56,79.0,4.22,1.482,61.0,5000000.0,8.936,False
2017,jonesad01,Adam Jones,BAL,H,CF,31.0,147.0,2.4,635.0,26.0,2.0,0.285,0.322,0.466,110.0,,,,,,,,,16333333.0,9.808,False
2017,josepto01,Tommy Joseph,PHI,H,1B,25.0,142.0,-0.9,533.0,22.0,1.0,0.24,0.289,0.432,87.0,,,,,,,,,543000.0,0.831,False
2017,joycema01,Matt Joyce,ATH,H,RF,32.0,141.0,2.1,544.0,25.0,4.0,0.243,0.335,0.473,118.0,,,,,,,,,5000000.0,7.715,False
2017,judgeaa01,Aaron Judge,NYY,H,RF,25.0,155.0,8.1,678.0,52.0,9.0,0.284,0.422,0.627,171.0,,,,,,,,,544500.0,0.297,False
2017,junisja01,Jakob Junis,KCR,P,SP,24.0,20.0,1.5,3.0,,,,,,,98.33,16.0,0.0,4.3,104.0,4.55,1.281,80.0,535000,0.0,True
2017,kahnlto01,Tommy Kahnle,2TM,P,RP,27.0,69.0,1.7,,,,,,,,62.67,0,0.0,2.59,171.0,1.83,1.117,96.0,535000.0,2.087,False
2017,kellyjo05,Joe Kelly,BOS,P,RP,29.0,54.0,1.2,,,,,,,,58.0,0,0.0,2.79,164.0,3.49,1.19,52.0,2800000.0,4.169,False
2017,kempma01,Matt Kemp,ATL,H,LF,32.0,115.0,-1.3,467.0,19.0,0.0,0.276,0.318,0.463,101.0,,,,,,,,,21750000.0,10.285,False
2017,kendrho01,Howie Kendrick,2TM,H,LF,33.0,91.0,1.2,334.0,9.0,12.0,0.315,0.368,0.475,118.0,,,,,,,,,10000000.0,10.529,False
2017,kenneia01,Ian Kennedy,KCR,P,SP,32.0,30.0,0.8,4.0,,,,,,,154.0,30.0,0.0,5.38,83.0,5.61,1.325,131.0,13500000.0,7.721,False
2017,keplema01,Max Kepler,MIN,H,RF,24.0,147.0,2.0,568.0,19.0,6.0,0.243,0.312,0.425,95.0,,,,,,,,,547500.0,0.884,False
2017,kershcl01,Clayton Kershaw,LAD,P,SP,29.0,27.0,5.4,59.0,,,,,,,175.0,27.0,0.0,2.31,179.0,3.07,0.949,202.0,35571429.0,8.61,False
2017,keuchda01,Dallas Keuchel,HOU,P,SP,29.0,23.0,3.9,3.0,,,,,,,145.67,23.0,0.0,2.9,141.0,3.79,1.119,125.0,9150000.0,4.517,False
2017,kiermke01,Kevin Kiermaier,TBR,H,CF,27.0,98.0,4.8,421.0,15.0,16.0,0.276,0.338,0.45,113.0,,,,,,,,,3166667.0,2.762,False
2017,kimbrcr01,Craig Kimbrel,BOS,P,RP,29.0,67.0,3.6,,,,,,,,69.0,0,35.0,1.43,319.0,1.42,0.681,126.0,13250000.0,6.384,False
2017,kinslia01,Ian Kinsler,DET,H,2B,35.0,139.0,1.9,613.0,22.0,14.0,0.236,0.313,0.412,92.0,,,,,,,,,11000000.0,11.0,False
2017,kintzbr01,Brandon Kintzler,2TM,P,RP,32.0,72.0,1.7,,,,,,,,71.33,0,29.0,3.03,148.0,3.77,1.15,39.0,2925000.0,5.017,False
2017,kipnija01,Jason Kipnis,CLE,H,2B,30.0,90.0,0.4,373.0,12.0,6.0,0.232,0.291,0.414,81.0,,,,,,,,,9166667.0,5.401,False
2017,klubeco01,Corey Kluber,CLE,P,SP,31.0,29.0,8.0,2.0,,,,,,,203.67,29.0,0.0,2.25,202.0,2.5,0.869,265.0,7700000.0,4.43,False
2017,knebeco01,Corey Knebel,MIL,P,RP,25.0,76.0,3.7,,,,,,,,76.0,0,39.0,1.78,248.0,2.53,1.158,126.0,538900.0,1.878,False
2017,koehlto01,Tom Koehler,2TM,P,RP,31.0,27.0,-1.3,21.0,,,,,,,72.67,13.0,0.0,6.69,61.0,6.05,1.624,62.0,5750000.0,4.093,False
2017,kontoge01,George Kontos,2TM,P,RP,32.0,65.0,1.2,2.0,,,,,,,66.33,0,1.0,3.39,127.0,3.72,1.221,70.0,1750000.0,3.994,False
2017,kuhlch01,Chad Kuhl,PIT,P,SP,24.0,31.0,1.4,52.0,,,,,,,157.33,31.0,0.0,4.35,98.0,4.24,1.468,142.0,550000.0,0.459,False
2017,lackejo01,John Lackey,CHC,P,SP,38.0,31.0,1.0,61.0,,,,,,,170.67,30.0,0.0,4.59,96.0,5.3,1.277,149.0,16000000.0,14.552,False
2017,lambja01,Jake Lamb,ARI,H,3B,26.0,149.0,2.1,635.0,30.0,6.0,0.248,0.357,0.487,112.0,,,,,,,,,573300.0,2.308,False
2017,lametdi01,Dinelson Lamet,SDP,P,SP,24.0,21.0,0.5,38.0,,,,,,,114.33,21.0,0.0,4.57,93.0,4.35,1.242,139.0,535000,0.0,True
2017,lawreca01,Casey Lawrence,2TM,P,RP,29.0,27.0,-0.7,3.0,,,,,,,55.33,2.0,0.0,6.34,68.0,5.27,1.843,52.0,,,False
2017,leakemi01,Mike Leake,2TM,P,SP,29.0,31.0,2.0,55.0,,,,,,,186.0,31.0,0.0,3.92,108.0,3.9,1.28,130.0,15000000.0,7.0,False
2017,leblawa01,Wade LeBlanc,PIT,P,RP,32.0,50.0,0.2,5.0,,,,,,,68.0,0,1.0,4.5,95.0,4.28,1.191,54.0,750000.0,3.762,False
2017,leitema02,Mark Leiter Jr.,PHI,P,RP,26.0,27.0,-0.3,26.0,,,,,,,90.67,11.0,0.0,4.96,87.0,5.14,1.335,84.0,535000,0.0,True
2017,lemahdj01,DJ LeMahieu,COL,H,2B,28.0,155.0,3.0,682.0,8.0,6.0,0.31,0.374,0.409,93.0,,,,,,,,,4800000.0,4.744,False
2017,leonedo01,Dominic Leone,TOR,P,RP,25.0,65.0,2.0,,,,,,,,70.33,0,1.0,2.56,175.0,2.94,1.052,81.0,548200.0,1.715,False
2017,leonsa01,Sandy León,BOS,H,C,28.0,85.0,0.6,301.0,7.0,0.0,0.225,0.29,0.354,68.0,,,,,,,,,1300000.0,2.866,False
2017,lestejo01,Jon Lester,CHC,P,SP,33.0,32.0,0.9,65.0,,,,,,,180.67,32.0,0.0,4.33,101.0,4.1,1.323,180.0,25000000.0,10.436,False
2017,lindad01,Adam Lind,WSN,H,1B,33.0,116.0,1.0,301.0,14.0,1.0,0.303,0.362,0.513,122.0,,,,,,,,,1000000.0,9.337,False
2017,lindofr01,Francisco Lindor,CLE,H,SS,23.0,159.0,5.7,723.0,33.0,15.0,0.273,0.337,0.505,116.0,,,,,,,,,579300.0,1.657,False
2017,liriafr01,Francisco Liriano,2TM,P,RP,33.0,38.0,-0.5,,,,,,,,97.0,18.0,0.0,5.66,78.0,4.64,1.629,85.0,13666667.0,10.605,False
2017,livelbe01,Ben Lively,PHI,P,SP,25.0,15.0,1.5,26.0,,,,,,,88.67,15.0,0.0,4.26,101.0,4.97,1.286,52.0,535000,0.0,True
2017,longoev01,Evan Longoria,TBR,H,3B,31.0,156.0,3.3,677.0,20.0,6.0,0.261,0.313,0.424,99.0,,,,,,,,,13000000.0,8.988,False
2017,lorenmi01,Michael Lorenzen,CIN,P,RP,25.0,70.0,0.2,12.0,,,,,,,83.0,0,2.0,4.45,101.0,4.01,1.349,80.0,555000.0,1.924,False
2017,loupaa01,Aaron Loup,TOR,P,RP,29.0,70.0,0.8,,,,,,,,57.67,0,0.0,3.75,120.0,3.66,1.526,64.0,1125000.0,4.233,False
2017,lowrije01,Jed Lowrie,ATH,H,2B,33.0,153.0,3.4,645.0,14.0,0.0,0.277,0.36,0.448,120.0,,,,,,,,,6500000.0,8.645,False
2017,lucrojo01,Jonathan Lucroy,2TM,H,C,31.0,123.0,0.5,481.0,6.0,1.0,0.265,0.345,0.371,82.0,,,,,,,,,5250000.0,6.791,False
2017,lugose01,Seth Lugo,NYM,P,SP,27.0,19.0,0.9,34.0,,,,,,,101.33,18.0,0.0,4.71,88.0,3.95,1.372,85.0,543500.0,0.477,False
2017,lylesjo01,Jordan Lyles,2TM,P,RP,26.0,38.0,-1.1,14.0,,,,,,,69.67,5.0,0.0,7.75,62.0,5.68,1.694,55.0,3175000.0,5.122,False
2017,lynnla01,Lance Lynn,STL,P,SP,30.0,33.0,2.9,61.0,,,,,,,186.33,33.0,0.0,3.43,123.0,4.82,1.229,153.0,7500000.0,5.692,False
2017,lyonsty01,Tyler Lyons,STL,P,RP,29.0,50.0,1.2,2.0,,,,,,,54.0,0,3.0,2.83,150.0,2.86,1.093,68.0,549800.0,2.407,False
2017,machama01,Manny Machado,BAL,H,3B,24.0,156.0,4.1,690.0,33.0,9.0,0.259,0.31,0.471,108.0,,,,,,,,,11500000.0,4.326,False
2017,madsory01,Ryan Madson,2TM,P,RP,36.0,60.0,2.5,,,,,,,,59.0,0,2.0,1.83,236.0,1.99,0.797,67.0,7666667.0,11.901,False
2017,maedake01,Kenta Maeda,LAD,P,SP,29.0,29.0,0.6,44.0,,,,,,,134.33,25.0,1.0,4.22,98.0,4.07,1.154,140.0,3125000.0,1.0,False
2017,mahtomi01,Mikie Mahtook,DET,H,CF,27.0,109.0,0.2,379.0,12.0,6.0,0.276,0.33,0.457,107.0,,,,,,,,,541300.0,1.064,False
2017,maldoma01,Martín Maldonado,LAA,H,C,30.0,138.0,1.7,471.0,14.0,0.0,0.221,0.276,0.368,73.0,,,,,,,,,1725000.0,4.907,False
2017,manaese01,Sean Manaea,ATH,P,SP,25.0,29.0,1.5,5.0,,,,,,,158.67,29.0,0.0,4.37,95.0,4.1,1.399,140.0,537500.0,0.913,False
2017,mancitr01,Trey Mancini,BAL,H,LF,25.0,147.0,2.6,586.0,24.0,1.0,0.293,0.338,0.488,120.0,,,,,,,,,536000.0,0.087,False
2017,margoma01,Manuel Margot,SDP,H,CF,22.0,126.0,2.3,529.0,13.0,17.0,0.263,0.313,0.409,91.0,,,,,,,,,535600.0,0.07,False
2017,marinjh01,Jhan Mariñez,3TM,P,RP,28.0,43.0,0.5,6.0,,,,,,,58.33,0,0.0,3.7,120.0,4.65,1.543,45.0,540200.0,1.552,False
2017,markani01,Nick Markakis,ATL,H,RF,33.0,160.0,0.9,670.0,8.0,0.0,0.275,0.354,0.384,94.0,,,,,,,,,11000000.0,11.0,False
2017,marquge01,Germán Márquez,COL,P,SP,22.0,29.0,3.5,53.0,,,,,,,162.0,29.0,0.0,4.39,115.0,4.4,1.377,147.0,537000.0,0.157,False
2017,martefr01,Francis Martes,HOU,P,RP,21.0,32.0,-0.9,,,,,,,,54.33,4.0,0.0,5.8,71.0,4.45,1.509,69.0,,,False
2017,martest01,Starling Marte,PIT,H,LF,28.0,77.0,1.3,339.0,7.0,21.0,0.275,0.333,0.379,89.0,,,,,,,,,5333333.0,4.407,False
2017,martica04,Carlos Martínez,STL,P,SP,25.0,32.0,3.2,69.0,,,,,,,205.0,32.0,0.0,3.64,116.0,3.91,1.22,217.0,3700000.0,3.424,False
2017,martijd02,J.D. Martinez,2TM,H,RF,29.0,119.0,4.0,489.0,45.0,4.0,0.303,0.376,0.69,168.0,,,,,,,,,11750000.0,5.209,False
2017,martijo08,José Martínez,STL,H,1B,28.0,106.0,1.5,307.0,14.0,4.0,0.309,0.379,0.518,134.0,,,,,,,,,535000.0,0.157,False
2017,martini01,Nick Martinez,TEX,P,SP,26.0,23.0,0.3,2.0,,,,,,,111.33,18.0,0.0,5.66,85.0,5.8,1.365,67.0,535000,2.831,True
2017,martiru01,Russell Martin,TOR,H,C,34.0,91.0,1.8,365.0,13.0,1.0,0.221,0.343,0.388,95.0,,,,,,,,,20000000.0,10.872,False
2017,martivi01,Victor Martinez,DET,H,DH,38.0,107.0,-0.5,435.0,10.0,0.0,0.255,0.324,0.372,86.0,,,,,,,,,18000000.0,13.663,False
2017,matzst01,Steven Matz,NYM,P,SP,26.0,13.0,-0.3,24.0,,,,,,,66.67,13.0,0.0,6.08,68.0,5.05,1.53,48.0,562250.0,1.576,False
2017,mauerjo01,Joe Mauer,MIN,H,1B,34.0,141.0,4.1,597.0,7.0,2.0,0.305,0.384,0.417,115.0,,,,,,,,,23000000.0,13.0,False
2017,maurebr01,Brandon Maurer,2TM,P,RP,26.0,68.0,-1.1,,,,,,,,59.33,0,22.0,6.52,67.0,3.93,1.551,59.0,1900000.0,3.517,False
2017,maybica01,Cameron Maybin,2TM,H,CF,30.0,114.0,1.4,450.0,10.0,33.0,0.228,0.318,0.365,86.0,,,,,,,,,9000000.0,7.424,False
2017,mazarno01,Nomar Mazara,TEX,H,RF,22.0,148.0,-0.4,616.0,20.0,2.0,0.253,0.323,0.422,90.0,,,,,,,,,546450.0,1.0,False
2017,mcallza01,Zach McAllister,CLE,P,RP,29.0,50.0,1.4,,,,,,,,62.0,0,0.0,2.61,175.0,3.77,1.194,66.0,1825000.0,4.448,False
2017,mccanbr01,Brian McCann,HOU,H,C,33.0,97.0,0.8,399.0,18.0,1.0,0.241,0.323,0.436,106.0,,,,,,,,,17000000.0,11.68,False
2017,mccanja02,James McCann,DET,H,C,27.0,106.0,1.3,391.0,13.0,1.0,0.253,0.318,0.415,94.0,,,,,,,,,552100.0,2.163,False
2017,mccarbr01,Brandon McCarthy,LAD,P,SP,33.0,19.0,0.8,28.0,,,,,,,92.67,16.0,0.0,3.98,104.0,3.28,1.252,72.0,11500000.0,10.709,False
2017,mcculla02,Lance McCullers Jr.,HOU,P,SP,23.0,22.0,1.0,3.0,,,,,,,118.67,22.0,0.0,4.25,96.0,3.1,1.298,132.0,548000.0,1.814,False
2017,mccutan01,Andrew McCutchen,PIT,H,CF,30.0,156.0,3.1,650.0,28.0,11.0,0.279,0.363,0.486,123.0,,,,,,,,,14000000.0,7.715,False
2017,mcfartj01,T.J. McFarland,ARI,P,RP,28.0,43.0,-0.9,5.0,,,,,,,54.0,1.0,0.0,5.33,88.0,4.1,1.519,29.0,685000.0,3.035,False
2017,mcgeeja01,Jake McGee,COL,P,RP,30.0,62.0,1.4,,,,,,,,57.33,0,3.0,3.61,140.0,2.93,1.099,58.0,5900000.0,5.738,False
2017,mcgowdu01,Dustin McGowan,MIA,P,RP,35.0,63.0,-0.4,7.0,,,,,,,77.67,0,0.0,4.75,84.0,4.81,1.339,64.0,1750000.0,9.936,False
2017,mchugco01,Collin McHugh,HOU,P,SP,30.0,12.0,1.2,2.0,,,,,,,63.33,12.0,0.0,3.55,115.0,3.82,1.295,62.0,3850000.0,3.494,False
2017,mejiaad01,Adalberto Mejía,MIN,P,SP,24.0,21.0,0.9,,,,,,,,98.0,21.0,0.0,4.5,99.0,4.65,1.571,85.0,535000.0,0.006,False
2017,mercejo03,Jordy Mercer,PIT,H,SS,30.0,145.0,0.2,558.0,14.0,0.0,0.255,0.326,0.406,93.0,,,,,,,,,4325000.0,4.552,False
2017,merriwh01,Whit Merrifield,KCR,H,2B,28.0,145.0,3.0,630.0,19.0,34.0,0.288,0.324,0.46,106.0,,,,,,,,,535000,0.587,True
2017,meyeral01,Alex Meyer,LAA,P,SP,27.0,13.0,1.1,2.0,,,,,,,67.33,13.0,0.0,3.74,114.0,4.14,1.337,75.0,535000,0.076,True
2017,middlke01,Keynan Middleton,LAA,P,RP,23.0,64.0,0.6,,,,,,,,58.33,0,3.0,3.86,111.0,4.38,1.337,63.0,535000,0.0,True
2017,mileywa01,Wade Miley,BAL,P,SP,30.0,32.0,-0.2,4.0,,,,,,,157.33,32.0,0.0,5.61,77.0,5.27,1.729,142.0,8917000.0,5.256,False
2017,millean01,Andrew Miller,CLE,P,RP,32.0,57.0,3.0,1.0,,,,,,,62.67,0,2.0,1.44,319.0,1.99,0.83,95.0,9000000.0,8.36,False
2017,millebr02,Brad Miller,TBR,H,2B,27.0,110.0,0.6,407.0,9.0,5.0,0.201,0.327,0.337,82.0,,,,,,,,,3575000.0,3.547,False
2017,minormi01,Mike Minor,KCR,P,RP,29.0,65.0,3.0,,,,,,,,77.67,0,6.0,2.55,176.0,2.62,1.017,88.0,4000000.0,5.802,False
2017,miranar01,Aríel Miranda,SEA,P,SP,28.0,31.0,0.6,6.0,,,,,,,160.0,29.0,0.0,5.12,81.0,5.73,1.269,137.0,540500.0,0.355,False
2017,molinya01,Yadier Molina,STL,H,C,34.0,136.0,1.6,543.0,18.0,9.0,0.273,0.312,0.439,96.0,,,,,,,,,14000000.0,12.715,False
2017,montera01,Rafael Montero,NYM,P,SP,26.0,34.0,-0.2,28.0,,,,,,,119.0,18.0,0.0,5.52,75.0,4.37,1.748,114.0,541400.0,1.523,False
2017,montgjo01,Jordan Montgomery,NYY,P,SP,24.0,29.0,2.8,5.0,,,,,,,155.33,29.0,0.0,3.88,116.0,4.07,1.23,144.0,535000.0,0.0,False
2017,montgmi01,Mike Montgomery,CHC,P,RP,27.0,44.0,2.4,30.0,,,,,,,130.67,14.0,3.0,3.38,130.0,4.07,1.209,100.0,535000,1.517,True
2017,moorean02,Andrew Moore,SEA,P,SP,23.0,11.0,-0.1,,,,,,,,59.0,9.0,0.0,5.34,78.0,5.65,1.153,31.0,535000,,True
2017,moorema02,Matt Moore,SFG,P,SP,28.0,32.0,-0.3,53.0,,,,,,,174.33,31.0,0.0,5.52,77.0,4.75,1.532,148.0,7000000.0,5.0,False
2017,moralke01,Kendrys Morales,TOR,H,DH,34.0,150.0,-0.1,608.0,28.0,0.0,0.25,0.308,0.445,98.0,,,,,,,,,10000000.0,8.988,False
2017,morelmi01,Mitch Moreland,BOS,H,1B,31.0,149.0,1.8,576.0,22.0,0.0,0.246,0.326,0.443,99.0,1.0,0,0.0,0.0,,1.16,2.0,1.0,5500000.0,6.39,False
2017,morgaad01,Adam Morgan,PHI,P,RP,27.0,37.0,0.7,3.0,,,,,,,54.67,0,0.0,4.12,105.0,4.22,1.262,63.0,539000.0,1.314,False
2017,morrilo01,Logan Morrison,TBR,H,1B,29.0,149.0,3.0,601.0,38.0,2.0,0.246,0.353,0.516,133.0,,,,,,,,,2500000.0,6.401,False
2017,mortoch02,Charlie Morton,HOU,P,SP,33.0,25.0,1.9,3.0,,,,,,,146.67,25.0,0.0,3.62,113.0,3.46,1.193,163.0,7000000.0,8.058,False
2017,mossbr01,Brandon Moss,KCR,H,DH,33.0,118.0,-0.8,401.0,22.0,2.0,0.207,0.279,0.428,85.0,,,,,,,,,3750000.0,6.93,False
2017,moustmi01,Mike Moustakas,KCR,H,3B,28.0,148.0,1.3,598.0,38.0,0.0,0.272,0.314,0.521,117.0,,,,,,,,,8700000.0,5.645,False
2017,moylape01,Peter Moylan,KCR,P,RP,38.0,79.0,1.2,,,,,,,,59.33,0,0.0,3.49,129.0,4.0,1.096,46.0,1000000.0,7.017,False
2017,murphda08,Daniel Murphy,WSN,H,2B,32.0,144.0,3.2,593.0,23.0,2.0,0.322,0.384,0.543,136.0,,,,,,,,,12000000.0,7.634,False
2017,musgrjo01,Joe Musgrove,HOU,P,RP,24.0,38.0,0.0,5.0,,,,,,,109.33,15.0,2.0,4.77,86.0,4.38,1.326,98.0,543400.0,0.366,False
2017,myerswi01,Wil Myers,SDP,H,1B,26.0,155.0,2.1,649.0,30.0,20.0,0.243,0.328,0.464,109.0,,,,,,,,,4500000.0,3.605,False
2017,napolmi01,Mike Napoli,TEX,H,1B,35.0,124.0,-0.3,485.0,29.0,1.0,0.193,0.285,0.428,80.0,,,,,,,,,6000000.0,10.878,False
2017,nelsoji02,Jimmy Nelson,MIL,P,SP,28.0,29.0,3.1,60.0,,,,,,,175.33,29.0,0.0,3.49,126.0,3.05,1.249,199.0,547000.0,2.622,False
2017,nerishe01,Hector Neris,PHI,P,RP,28.0,74.0,2.0,,,,,,,,74.67,0,26.0,3.01,143.0,3.71,1.259,86.0,557500.0,1.605,False
2017,neshepa01,Pat Neshek,2TM,P,RP,36.0,71.0,2.8,,,,,,,,62.33,0,1.0,1.59,290.0,1.86,0.866,69.0,6500000.0,8.924,False
2017,newcose01,Sean Newcomb,ATL,P,SP,24.0,19.0,1.1,35.0,,,,,,,100.0,19.0,0.0,4.32,101.0,4.19,1.57,108.0,535000,0.0,True
2017,nicasju01,Juan Nicasio,3TM,P,RP,30.0,76.0,2.0,1.0,,,,,,,72.33,0,6.0,2.61,165.0,2.98,1.078,72.0,3650000.0,5.488,False
2017,nolaaa01,Aaron Nola,PHI,P,SP,24.0,27.0,4.2,54.0,,,,,,,168.0,27.0,0.0,3.54,122.0,3.27,1.208,184.0,544000.0,1.442,False
2017,nolasri01,Ricky Nolasco,LAA,P,SP,34.0,33.0,0.5,7.0,,,,,,,181.0,33.0,0.0,4.92,86.0,5.1,1.453,143.0,12000000.0,10.826,False
2017,norribu01,Bud Norris,LAA,P,RP,32.0,60.0,0.3,,,,,,,,62.0,3.0,19.0,4.21,101.0,3.9,1.339,74.0,1750000.0,7.395,False
2017,norrida01,Daniel Norris,DET,P,SP,24.0,22.0,0.8,,,,,,,,101.67,18.0,0.0,5.31,84.0,4.39,1.613,86.0,545500.0,1.424,False
2017,novaiv01,Iván Nova,PIT,P,SP,30.0,31.0,1.4,60.0,,,,,,,187.0,31.0,0.0,4.14,103.0,4.46,1.278,131.0,7666000.0,6.14,False
2017,nunezed02,Eduardo Núñez,2TM,H,3B,30.0,114.0,1.2,491.0,12.0,24.0,0.313,0.341,0.46,109.0,,,,,,,,,4200000.0,5.523,False
2017,obergsc01,Scott Oberg,COL,P,RP,27.0,66.0,0.3,,,,,,,,58.33,0,0.0,4.94,103.0,3.5,1.611,55.0,540000.0,1.471,False
2017,odayda01,Darren O'Day,BAL,P,RP,34.0,64.0,1.0,,,,,,,,60.33,0,2.0,3.43,127.0,3.7,1.077,76.0,7000000.0,8.599,False
2017,odorija01,Jake Odorizzi,TBR,P,SP,27.0,28.0,0.2,4.0,,,,,,,143.33,28.0,0.0,4.14,102.0,5.43,1.242,127.0,4100000.0,3.244,False
2017,odorro01,Rougned Odor,TEX,H,2B,23.0,162.0,-0.7,651.0,30.0,15.0,0.204,0.252,0.397,63.0,,,,,,,,,1333334.0,2.703,False
2017,ohse01,Seunghwan Oh,STL,P,RP,34.0,62.0,-0.1,,,,,,,,59.33,0,20.0,4.1,103.0,4.44,1.399,54.0,2750000.0,1.0,False
2017,osunaro01,Roberto Osuna,TOR,P,RP,22.0,66.0,1.3,,,,,,,,64.0,0,39.0,3.38,133.0,1.74,0.859,83.0,552400.0,2.0,False
2017,oteroda01,Dan Otero,CLE,P,RP,32.0,52.0,0.8,,,,,,,,60.0,0,0.0,2.85,161.0,3.64,1.2,38.0,1050000.0,3.721,False
2017,ottavad01,Adam Ottavino,COL,P,RP,31.0,63.0,0.3,,,,,,,,53.33,0,0.0,5.06,100.0,5.16,1.631,63.0,2100000.0,5.506,False
2017,owingch01,Chris Owings,ARI,H,SS,25.0,97.0,0.9,386.0,12.0,12.0,0.268,0.299,0.442,85.0,,,,,,,,,2300000.0,3.157,False
2017,ozunama01,Marcell Ozuna,MIA,H,LF,26.0,159.0,5.7,679.0,37.0,1.0,0.312,0.376,0.548,149.0,,,,,,,,,3500000.0,3.721,False
2017,paganem01,Emilio Pagán,SEA,P,RP,26.0,34.0,0.7,2.0,,,,,,,50.33,0,0.0,3.22,130.0,3.28,0.934,56.0,535000,0.0,True
2017,panikjo01,Joe Panik,SFG,H,2B,26.0,138.0,1.5,573.0,10.0,4.0,0.288,0.347,0.421,102.0,,,,,,,,,600000.0,2.581,False
2017,parkebl01,Blake Parker,LAA,P,RP,32.0,71.0,1.7,,,,,,,,67.33,0,8.0,2.54,168.0,2.71,0.832,86.0,560000.0,2.209,False
2017,parrage01,Gerardo Parra,COL,H,LF,30.0,115.0,0.6,425.0,10.0,2.0,0.309,0.341,0.452,93.0,,,,,,,,,8000000.0,7.843,False
2017,paxtoja01,James Paxton,SEA,P,SP,28.0,24.0,3.6,,,,,,,,136.0,24.0,0.0,2.98,140.0,2.61,1.103,156.0,2350000.0,2.878,False
2017,pazosja01,James Pazos,SEA,P,RP,26.0,59.0,-0.1,,,,,,,,53.67,0,0.0,3.86,109.0,4.05,1.398,65.0,536500.0,0.39,False
2017,peacobr01,Brad Peacock,HOU,P,SP,29.0,34.0,3.2,8.0,,,,,,,132.0,21.0,0.0,3.0,136.0,3.07,1.189,161.0,541500.0,2.959,False
2017,pearcst01,Steve Pearce,TOR,H,LF,34.0,92.0,0.4,348.0,13.0,0.0,0.252,0.319,0.438,99.0,,,,,,,,,6250000.0,7.674,False
2017,pederjo01,Joc Pederson,LAD,H,CF,25.0,102.0,-0.4,323.0,11.0,4.0,0.212,0.331,0.407,96.0,,,,,,,,,555000.0,2.163,False
2017,pedrodu01,Dustin Pedroia,BOS,H,2B,33.0,105.0,2.6,463.0,7.0,4.0,0.293,0.369,0.392,101.0,,,,,,,,,15000000.0,10.238,False
2017,pelfrmi01,Mike Pelfrey,CHW,P,SP,33.0,34.0,-1.1,,,,,,,,120.0,21.0,0.0,5.93,73.0,6.35,1.575,79.0,8000000.0,9.709,False
2017,pencehu01,Hunter Pence,SFG,H,RF,34.0,134.0,0.2,539.0,13.0,2.0,0.26,0.315,0.385,84.0,,,,,,,,,18500000.0,9.907,False
2017,peralda01,David Peralta,ARI,H,RF,29.0,140.0,2.3,577.0,14.0,8.0,0.293,0.352,0.444,100.0,,,,,,,,,572200.0,2.698,False
2017,peralwa01,Wandy Peralta,CIN,P,RP,25.0,69.0,0.7,,,,,,,,64.67,0,0.0,3.76,120.0,4.16,1.191,57.0,535000.0,0.18,False
2017,peralwi01,Wily Peralta,MIL,P,RP,28.0,19.0,-1.4,15.0,,,,,,,57.33,8.0,0.0,7.85,56.0,5.34,1.831,52.0,4275000.0,3.93,False
2017,perazjo01,José Peraza,CIN,H,2B,23.0,143.0,-0.6,518.0,5.0,23.0,0.259,0.297,0.324,63.0,,,,,,,,,540000.0,0.82,False
2017,perdolu02,Luis Perdomo,SDP,P,SP,24.0,29.0,0.4,53.0,,,,,,,163.67,29.0,0.0,4.67,90.0,4.4,1.509,118.0,544300.0,1.0,False
2017,perezhe01,Hernán Pérez,MIL,H,LF,26.0,136.0,0.9,458.0,14.0,13.0,0.259,0.289,0.414,81.0,1.0,0,0.0,0.0,,6.16,2.0,0.0,545700.0,2.459,False
2017,perezma02,Martín Pérez,TEX,P,SP,26.0,32.0,2.2,6.0,,,,,,,185.0,32.0,0.0,4.82,100.0,4.65,1.535,115.0,4400000.0,4.221,False
2017,perezsa02,Salvador Perez,KCR,H,C,27.0,129.0,2.5,499.0,27.0,1.0,0.268,0.297,0.495,106.0,,,,,,,,,4200000.0,5.291,False
2017,petityu01,Yusmeiro Petit,LAA,P,RP,32.0,60.0,1.6,,,,,,,,91.33,1.0,4.0,2.76,154.0,2.85,0.953,101.0,2250000.0,6.093,False
2017,phamth01,Tommy Pham,STL,H,LF,29.0,128.0,6.3,530.0,23.0,25.0,0.306,0.411,0.52,144.0,,,,,,,,,535000,1.866,True
2017,phelpda01,David Phelps,2TM,P,RP,30.0,54.0,0.5,1.0,,,,,,,55.67,0,0.0,3.4,119.0,3.55,1.383,62.0,4600000.0,4.907,False
2017,phillbr01,Brandon Phillips,2TM,H,2B,36.0,144.0,0.9,604.0,13.0,11.0,0.285,0.319,0.416,92.0,,,,,,,,,14500000.0,12.128,False
2017,pillake01,Kevin Pillar,TOR,H,CF,28.0,154.0,2.8,632.0,16.0,15.0,0.256,0.3,0.404,86.0,,,,,,,,,555000.0,2.657,False
2017,pinama01,Manny Piña,MIL,H,C,30.0,107.0,2.6,359.0,9.0,2.0,0.279,0.327,0.424,94.0,,,,,,,,,538200.0,1.267,False
2017,pindech01,Chad Pinder,ATH,H,RF,25.0,87.0,1.0,309.0,15.0,2.0,0.238,0.292,0.457,101.0,,,,,,,,,535000,0.256,True
2017,pinedmi01,Michael Pineda,NYY,P,SP,28.0,17.0,0.6,4.0,,,,,,,96.33,17.0,0.0,4.39,103.0,4.66,1.287,92.0,7400000.0,5.576,False
2017,pireljo01,José Pirela,SDP,H,LF,27.0,83.0,2.1,344.0,10.0,4.0,0.288,0.347,0.49,121.0,,,,,,,,,535000,0.558,True
2017,piscost01,Stephen Piscotty,STL,H,RF,26.0,107.0,0.5,401.0,9.0,3.0,0.235,0.342,0.367,88.0,,,,,,,,,1333333.0,1.442,False
2017,pivetni01,Nick Pivetta,PHI,P,SP,24.0,26.0,-0.7,48.0,,,,,,,133.0,26.0,0.0,6.02,72.0,4.87,1.511,140.0,535000,0.0,True
2017,plouftr01,Trevor Plouffe,2TM,H,3B,31.0,100.0,-0.8,313.0,9.0,1.0,0.198,0.272,0.318,61.0,,,,,,,,,5250000.0,5.942,False
2017,polangr01,Gregory Polanco,PIT,H,RF,25.0,108.0,0.2,411.0,11.0,8.0,0.251,0.305,0.391,83.0,,,,,,,,,1600000.0,2.599,False
2017,polanjo01,Jorge Polanco,MIN,H,SS,23.0,133.0,1.4,544.0,13.0,13.0,0.256,0.313,0.41,92.0,,,,,,,,,540000.0,0.61,False
2017,polloaj01,AJ Pollock,ARI,H,CF,29.0,112.0,2.9,466.0,14.0,20.0,0.266,0.33,0.471,100.0,,,,,,,,,6750000.0,4.302,False
2017,pomerdr01,Drew Pomeranz,BOS,P,SP,28.0,32.0,3.8,1.0,,,,,,,173.67,32.0,0.0,3.32,137.0,3.84,1.353,174.0,4450000.0,4.076,False
2017,porceri01,Rick Porcello,BOS,P,SP,28.0,33.0,-0.5,4.0,,,,,,,203.33,33.0,0.0,4.65,98.0,4.6,1.397,181.0,20125000.0,7.988,False
2017,poseybu01,Buster Posey,SFG,H,C,30.0,140.0,4.1,568.0,12.0,6.0,0.32,0.4,0.462,127.0,,,,,,,,,21400000.0,6.936,False
2017,pressry01,Ryan Pressly,MIN,P,RP,28.0,57.0,0,,,,,,,,61.33,0,0.0,4.7,95.0,4.36,1.158,61.0,1175000.0,3.308,False
2017,priceda01,David Price,BOS,P,SP,31.0,16.0,1.6,1.0,,,,,,,74.67,11.0,0.0,3.38,135.0,3.64,1.192,76.0,30000000.0,7.953,False
2017,pruitau01,Austin Pruitt,TBR,P,RP,27.0,30.0,-0.7,,,,,,,,83.0,8.0,1.0,5.31,79.0,4.27,1.506,66.0,535000.0,,False
2017,puigya01,Yasiel Puig,LAD,H,RF,26.0,152.0,3.4,570.0,28.0,15.0,0.263,0.346,0.487,119.0,,,,,,,,,8214000.0,3.593,False
2017,pujolal01,Albert Pujols,LAA,H,DH,37.0,149.0,-2.0,636.0,23.0,3.0,0.241,0.286,0.386,80.0,,,,,,,,,26000000.0,16.0,False
2017,quintjo01,Jose Quintana,2TM,P,SP,28.0,32.0,2.3,33.0,,,,,,,188.67,32.0,0.0,4.15,105.0,3.68,1.224,207.0,7000000.0,4.773,False
2017,ramirer02,Erasmo Ramírez,2TM,P,SP,27.0,37.0,0.7,3.0,,,,,,,131.33,19.0,1.0,4.39,96.0,4.43,1.173,109.0,3125000.0,3.919,False
2017,ramirha01,Hanley Ramírez,BOS,H,DH,33.0,133.0,-0.4,553.0,23.0,1.0,0.242,0.32,0.429,95.0,,,,,,,,,22750000.0,11.081,False
2017,ramirjc01,JC Ramírez,LAA,P,SP,28.0,27.0,1.5,3.0,,,,,,,147.33,24.0,0.0,4.15,102.0,4.71,1.344,105.0,550000.0,1.808,False
2017,ramirjo01,José Ramírez,CLE,H,3B,24.0,152.0,6.9,645.0,29.0,17.0,0.318,0.374,0.583,145.0,,,,,,,,,971400.0,2.43,False
2017,ramirjo02,José Ramírez,ATL,P,RP,27.0,68.0,1.1,,,,,,,,62.0,0,0.0,3.19,137.0,4.88,1.194,56.0,536250.0,0.89,False
2017,ramosaj01,AJ Ramos,2TM,P,RP,30.0,61.0,0.4,,,,,,,,58.67,0,27.0,3.99,102.0,4.1,1.415,72.0,6550000.0,4.174,False
2017,ramosed02,Edubray Ramos,PHI,P,RP,24.0,59.0,0.5,1.0,,,,,,,57.67,0,0.0,4.21,103.0,2.92,1.474,75.0,540000.0,0.587,False
2017,rayro02,Robbie Ray,ARI,P,SP,25.0,28.0,5.3,61.0,,,,,,,162.0,28.0,0.0,2.89,163.0,3.72,1.154,218.0,570400.0,2.041,False
2017,realmjt01,J.T. Realmuto,MIA,H,C,26.0,141.0,4.5,579.0,17.0,8.0,0.278,0.332,0.451,112.0,,,,,,,,,562500.0,2.221,False
2017,reddijo01,Josh Reddick,HOU,H,RF,30.0,134.0,4.6,540.0,13.0,7.0,0.314,0.363,0.484,130.0,,,,,,,,,13000000.0,6.291,False
2017,reedad01,Addison Reed,2TM,P,RP,28.0,77.0,2.2,,,,,,,,76.0,0,19.0,2.84,152.0,3.67,1.053,76.0,7750000.0,5.006,False
2017,rendoan01,Anthony Rendon,WSN,H,3B,27.0,147.0,6.1,605.0,25.0,7.0,0.301,0.403,0.533,139.0,,,,,,,,,5800000.0,3.756,False
2017,renfrhu01,Hunter Renfroe,SDP,H,RF,25.0,122.0,0.7,479.0,26.0,3.0,0.231,0.284,0.467,96.0,,,,,,,,,535900.0,0.07,False
2017,reverbe01,Ben Revere,LAA,H,LF,29.0,109.0,0,308.0,1.0,21.0,0.275,0.308,0.344,77.0,,,,,,,,,4000000.0,5.866,False
2017,reyesjo01,José Reyes,NYM,H,SS,34.0,145.0,-0.1,561.0,15.0,24.0,0.246,0.315,0.413,94.0,,,,,,,,,22000000.0,13.302,False
2017,reynoma01,Mark Reynolds,COL,H,1B,33.0,148.0,0.7,593.0,30.0,2.0,0.267,0.352,0.487,103.0,,,,,,,,,1500000.0,9.802,False
2017,richacl01,Clayton Richard,SDP,P,SP,33.0,32.0,0.8,68.0,,,,,,,197.33,32.0,0.0,4.79,88.0,4.23,1.515,151.0,1750000.0,6.948,False
2017,riverfe01,Felipe Vázquez,PIT,P,RP,25.0,73.0,2.6,,,,,,,,75.33,0,21.0,1.67,256.0,2.47,0.889,88.0,564500.0,1.942,False
2017,rizzoan01,Anthony Rizzo,CHC,H,1B,27.0,157.0,4.7,691.0,32.0,10.0,0.273,0.392,0.507,131.0,,,,,,,,,7000000.0,4.977,False
2017,roarkta01,Tanner Roark,WSN,P,SP,30.0,32.0,1.0,63.0,,,,,,,181.33,30.0,0.0,4.67,96.0,4.13,1.335,166.0,4315000.0,3.32,False
2017,roberda08,David Robertson,2TM,P,RP,32.0,61.0,2.9,,,,,,,,68.33,0,14.0,1.84,241.0,2.57,0.849,98.0,12000000.0,8.407,False
2017,robleha01,Hansel Robles,NYM,P,RP,26.0,46.0,0.1,1.0,,,,,,,56.67,0,0.0,4.92,84.0,5.13,1.341,60.0,553125.0,2.0,False
2017,rodnefe01,Fernando Rodney,ARI,P,RP,40.0,61.0,0.3,,,,,,,,55.33,0,39.0,4.23,112.0,3.03,1.193,65.0,2750000.0,13.797,False
2017,rodonca01,Carlos Rodón,CHW,P,SP,24.0,12.0,1.3,7.0,,,,,,,69.33,12.0,0.0,4.15,104.0,4.69,1.37,76.0,600000.0,1.977,False
2017,rodried05,Eduardo Rodríguez,BOS,P,SP,24.0,25.0,1.6,7.0,,,,,,,137.33,24.0,0.0,4.19,109.0,3.97,1.282,150.0,584500.0,1.756,False
2017,rogerta01,Taylor Rogers,MIN,P,RP,26.0,69.0,1.2,,,,,,,,55.67,0,0.0,3.07,145.0,4.09,1.311,49.0,542500.0,0.843,False
2017,rojasmi02,Miguel Rojas,MIA,H,SS,28.0,90.0,2.0,306.0,1.0,2.0,0.29,0.361,0.375,103.0,,,,,,,,,535000.0,2.25,False
2017,romansa01,Sal Romano,CIN,P,SP,23.0,16.0,0.2,30.0,,,,,,,87.0,16.0,0.0,4.45,101.0,4.24,1.471,73.0,535000,0.0,True
2017,romeren01,Enny Romero,WSN,P,RP,26.0,53.0,0.6,1.0,,,,,,,55.67,0,2.0,3.56,126.0,3.86,1.401,65.0,551000.0,1.419,False
2017,rominan01,Andrew Romine,DET,H,2B,31.0,124.0,-1.1,348.0,4.0,6.0,0.233,0.289,0.336,67.0,1.0,0,0.0,0.0,,9.16,2.0,0.0,1300000.0,4.285,False
2017,romose01,Sergio Romo,2TM,P,RP,34.0,55.0,0.6,,,,,,,,55.67,0,0.0,3.56,119.0,4.22,1.096,59.0,3000000.0,8.564,False
2017,rondohe01,Héctor Rondón,CHC,P,RP,29.0,61.0,0.1,2.0,,,,,,,57.33,0,0.0,4.24,104.0,4.12,1.221,69.0,5800000.0,4.0,False
2017,rosajo01,Jorge De La Rosa,ARI,P,RP,36.0,65.0,0.6,2.0,,,,,,,51.33,0,0.0,4.21,112.0,4.58,1.305,45.0,2250000.0,12.087,False
2017,rosalad01,Adam Rosales,2TM,H,SS,34.0,105.0,-0.7,312.0,7.0,1.0,0.225,0.26,0.353,62.0,,,,,,,,,1250000.0,6.948,False
2017,rosared01,Eddie Rosario,MIN,H,LF,25.0,151.0,1.7,589.0,27.0,9.0,0.29,0.328,0.507,119.0,,,,,,,,,552500.0,1.698,False
2017,rossjo01,Joe Ross,WSN,P,SP,24.0,13.0,0.4,37.0,,,,,,,73.67,13.0,0.0,5.01,90.0,4.99,1.466,68.0,535000,1.547,True
2017,ruppca01,Cameron Rupp,PHI,H,C,28.0,88.0,0.9,331.0,14.0,1.0,0.217,0.299,0.417,87.0,,,,,,,,,535000,2.517,True
2017,rusinch01,Chris Rusin,COL,P,RP,30.0,60.0,2.5,10.0,,,,,,,85.0,0,2.0,2.65,191.0,3.64,1.106,71.0,545000.0,2.535,False
2017,russead02,Addison Russell,CHC,H,SS,23.0,110.0,2.1,385.0,12.0,2.0,0.239,0.304,0.418,84.0,,,,,,,,,644000.0,1.971,False
2017,ryuhy01,Hyun Jin Ryu,LAD,P,SP,30.0,25.0,1.6,38.0,,,,,,,126.67,24.0,1.0,3.77,110.0,4.74,1.366,116.0,7833000.0,4.0,False
2017,sabatc.01,CC Sabathia,NYY,P,SP,36.0,27.0,2.8,4.0,,,,,,,148.67,27.0,0.0,3.69,122.0,4.49,1.271,120.0,25000000.0,16.0,False
2017,salasfe01,Fernando Salas,2TM,P,RP,32.0,61.0,-0.6,2.0,,,,,,,58.67,0,0.0,5.22,81.0,3.93,1.517,56.0,3000000.0,6.279,False
2017,salazda01,Danny Salazar,CLE,P,SP,27.0,23.0,1.2,,,,,,,,103.0,19.0,0.0,4.28,107.0,3.48,1.34,145.0,3400000.0,2.942,False
2017,salech01,Chris Sale,BOS,P,SP,28.0,32.0,6.0,3.0,,,,,,,214.33,32.0,0.0,2.9,157.0,2.45,0.97,308.0,12000000.0,6.355,False
2017,samarje01,Jeff Samardzija,SFG,P,SP,32.0,32.0,2.4,67.0,,,,,,,207.67,32.0,0.0,4.42,96.0,3.61,1.136,205.0,19800000.0,7.163,False
2017,sanchan01,Aníbal Sánchez,DET,P,SP,33.0,28.0,-0.5,2.0,,,,,,,105.33,17.0,0.0,6.41,70.0,5.33,1.595,104.0,16800000.0,10.576,False
2017,sanchca01,Yolmer Sánchez,CHW,H,2B,25.0,141.0,3.5,534.0,12.0,8.0,0.267,0.319,0.413,97.0,,,,,,,,,546000.0,1.779,False
2017,sanchga02,Gary Sánchez,NYY,H,C,24.0,122.0,4.0,525.0,33.0,2.0,0.278,0.345,0.531,126.0,,,,,,,,,557900.0,0.5,False
2017,sanomi01,Miguel Sanó,MIN,H,3B,24.0,114.0,3.0,483.0,28.0,0.0,0.264,0.352,0.507,126.0,,,,,,,,,572500.0,1.552,False
2017,santaca01,Carlos Santana,CLE,H,1B,31.0,154.0,3.3,667.0,23.0,5.0,0.259,0.363,0.455,112.0,,,,,,,,,12000000.0,6.669,False
2017,santado01,Domingo Santana,MIL,H,RF,24.0,151.0,2.6,607.0,30.0,15.0,0.278,0.371,0.505,126.0,,,,,,,,,542200.0,1.459,False
2017,santaer01,Ervin Santana,MIN,P,SP,34.0,33.0,5.1,10.0,,,,,,,211.33,33.0,0.0,3.28,135.0,4.46,1.126,167.0,13500000.0,11.605,False
2017,santihe01,Héctor Santiago,MIN,P,SP,29.0,15.0,0,,,,,,,,70.33,14.0,0.0,5.63,79.0,6.02,1.436,51.0,8000000.0,5.093,False
2017,saupowa01,Warwick Saupold,DET,P,RP,27.0,45.0,0.4,,,,,,,,62.67,0,0.0,4.88,92.0,5.39,1.516,44.0,535000,0.203,True
2017,schebsc01,Scott Schebler,CIN,H,RF,26.0,141.0,1.3,531.0,30.0,5.0,0.233,0.307,0.484,102.0,,,,,,,,,540000.0,0.767,False
2017,scherma01,Max Scherzer,WSN,P,SP,32.0,31.0,7.5,72.0,,,,,,,200.67,31.0,0.0,2.51,178.0,2.9,0.902,268.0,22143000.0,8.459,False
2017,schoojo01,Jonathan Schoop,BAL,H,2B,25.0,160.0,6.1,675.0,32.0,1.0,0.293,0.338,0.503,124.0,,,,,,,,,3475000.0,3.157,False
2017,schwaky01,Kyle Schwarber,CHC,H,LF,24.0,129.0,0,486.0,30.0,1.0,0.211,0.315,0.467,99.0,,,,,,,,,565500.0,1.5,False
2017,seageco01,Corey Seager,LAD,H,SS,23.0,145.0,5.2,613.0,22.0,4.0,0.295,0.375,0.479,126.0,,,,,,,,,575000.0,1.186,False
2017,seageky01,Kyle Seager,SEA,H,3B,29.0,154.0,3.6,650.0,27.0,2.0,0.249,0.323,0.45,109.0,,,,,,,,,11000000.0,5.494,False
2017,segurje01,Jean Segura,SEA,H,SS,27.0,125.0,3.6,566.0,11.0,22.0,0.3,0.349,0.427,111.0,,,,,,,,,6200000.0,4.378,False
2017,semiema01,Marcus Semien,ATH,H,SS,26.0,85.0,1.7,386.0,10.0,12.0,0.249,0.325,0.398,97.0,,,,,,,,,545000.0,2.686,False
2017,senzaan01,Antonio Senzatela,COL,P,SP,22.0,36.0,2.1,39.0,,,,,,,134.67,20.0,0.0,4.68,108.0,4.52,1.3,102.0,535000.0,0.0,False
2017,severlu01,Luis Severino,NYY,P,SP,23.0,31.0,5.2,5.0,,,,,,,193.33,31.0,0.0,2.98,152.0,3.08,1.04,230.0,550975.0,0.988,False
2017,sewalpa01,Paul Sewald,NYM,P,RP,27.0,57.0,0.1,2.0,,,,,,,65.33,0,0.0,4.55,91.0,3.74,1.209,69.0,535000,0.0,True
2017,shawbr01,Bryan Shaw,CLE,P,RP,29.0,79.0,0.5,,,,,,,,76.67,0,3.0,3.52,130.0,2.96,1.213,73.0,4600000.0,5.471,False
2017,shawtr01,Travis Shaw,MIL,H,3B,27.0,144.0,3.7,606.0,31.0,10.0,0.273,0.349,0.513,121.0,,,,,,,,,544400.0,1.512,False
2017,shielja02,James Shields,CHW,P,SP,35.0,21.0,0.3,,,,,,,,117.0,21.0,0.0,5.23,82.0,5.83,1.444,103.0,21000000.0,10.727,False
2017,shoemma01,Matt Shoemaker,LAA,P,SP,30.0,14.0,0.6,2.0,,,,,,,77.67,14.0,0.0,4.52,94.0,5.13,1.3,69.0,3325000.0,2.965,False
2017,simmoan01,Andrelton Simmons,LAA,H,SS,27.0,158.0,8.0,647.0,14.0,19.0,0.278,0.331,0.421,102.0,,,,,,,,,8000000.0,4.727,False
2017,simslu01,Lucas Sims,ATL,P,SP,23.0,14.0,0.0,18.0,,,,,,,57.67,10.0,0.0,5.62,78.0,5.07,1.509,44.0,535000,0.0,True
2017,skaggty01,Tyler Skaggs,LAA,P,SP,25.0,16.0,0.5,1.0,,,,,,,85.0,16.0,0.0,4.55,94.0,4.56,1.388,76.0,555000.0,2.785,False
2017,smithch08,Chris Smith,ATH,P,SP,36.0,14.0,-0.9,1.0,,,,,,,55.67,9.0,0.0,6.79,62.0,7.02,1.473,31.0,535000,,True
2017,smithjo05,Joe Smith,2TM,P,RP,33.0,59.0,1.1,,,,,,,,54.0,0,1.0,3.33,136.0,2.1,1.037,71.0,3000000.0,9.529,False
2017,smithse01,Seth Smith,BAL,H,RF,34.0,111.0,0.5,373.0,13.0,2.0,0.258,0.34,0.433,108.0,,,,,,,,,7000000.0,8.692,False
2017,smoakju01,Justin Smoak,TOR,H,1B,30.0,158.0,3.1,637.0,38.0,0.0,0.27,0.355,0.529,131.0,,,,,,,,,4125000.0,6.448,False
2017,smokejo01,Josh Smoker,NYM,P,RP,28.0,54.0,-0.1,3.0,,,,,,,56.33,0,0.0,5.11,81.0,4.92,1.704,68.0,536625.0,0.267,False
2017,snellbl01,Blake Snell,TBR,P,SP,24.0,24.0,1.2,7.0,,,,,,,129.33,24.0,0.0,4.04,104.0,4.19,1.33,119.0,545000.0,0.64,False
2017,solarya01,Yangervis Solarte,SDP,H,2B,29.0,128.0,1.0,512.0,18.0,3.0,0.255,0.314,0.416,94.0,,,,,,,,,2625000.0,3.0,False
2017,soriajo01,Joakim Soria,KCR,P,RP,33.0,59.0,1.1,,,,,,,,56.0,0,1.0,3.7,121.0,2.23,1.232,64.0,8000000.0,10.0,False
2017,souzast01,Steven Souza Jr.,TBR,H,RF,28.0,148.0,3.9,617.0,30.0,16.0,0.239,0.351,0.459,119.0,,,,,,,,,546700.0,2.419,False
2017,spande01,Denard Span,SFG,H,CF,33.0,129.0,-1.3,542.0,12.0,12.0,0.272,0.329,0.427,98.0,,,,,,,,,11000000.0,8.645,False
2017,spangco01,Cory Spangenberg,SDP,H,3B,26.0,129.0,0.2,486.0,13.0,11.0,0.264,0.322,0.401,92.0,,,,,,,,,535000,2.163,True
2017,springe01,George Springer,HOU,H,CF,27.0,140.0,5.1,629.0,34.0,5.0,0.283,0.367,0.522,141.0,,,,,,,,,3900000.0,2.965,False
2017,stammcr01,Craig Stammen,SDP,P,RP,33.0,60.0,1.9,8.0,,,,,,,80.33,0,0.0,3.14,135.0,4.38,1.195,74.0,900000.0,5.93,False
2017,stantmi03,Giancarlo Stanton,MIA,H,RF,27.0,159.0,8.1,692.0,59.0,2.0,0.281,0.376,0.631,169.0,,,,,,,,,14500000.0,6.686,False
2017,stephro01,Robert Stephenson,CIN,P,RP,24.0,25.0,-0.5,25.0,,,,,,,84.67,11.0,1.0,4.68,96.0,4.92,1.583,86.0,535000.0,0.209,False
2017,storedr01,Drew Storen,CIN,P,RP,29.0,58.0,-0.2,1.0,,,,,,,54.67,0,1.0,4.45,101.0,4.88,1.463,48.0,3000000.0,6.814,False
2017,storytr01,Trevor Story,COL,H,SS,24.0,145.0,2.8,555.0,24.0,7.0,0.239,0.308,0.457,84.0,,,,,,,,,540000.0,1.0,False
2017,straida01,Dan Straily,MIA,P,SP,28.0,33.0,0.8,64.0,,,,,,,181.67,33.0,0.0,4.26,93.0,4.58,1.299,170.0,552100.0,2.733,False
2017,strasst01,Stephen Strasburg,WSN,P,SP,28.0,28.0,6.5,60.0,,,,,,,175.33,28.0,0.0,2.52,178.0,2.72,1.015,204.0,18333334.0,6.686,False
2017,stratch01,Chris Stratton,SFG,P,SP,26.0,13.0,1.3,16.0,,,,,,,58.67,10.0,1.0,3.68,116.0,4.01,1.483,51.0,535000,0.0,True
2017,strichu01,Hunter Strickland,SFG,P,RP,28.0,68.0,1.8,,,,,,,,61.33,0,1.0,2.64,162.0,3.63,1.435,58.0,555000.0,1.948,False
2017,stripro01,Ross Stripling,LAD,P,RP,27.0,49.0,0.5,9.0,,,,,,,74.33,2.0,2.0,3.75,110.0,3.68,1.184,74.0,540000.0,0.669,False
2017,stromma01,Marcus Stroman,TOR,P,SP,26.0,33.0,5.3,7.0,,,,,,,201.0,33.0,0.0,3.09,145.0,3.9,1.308,164.0,3400000.0,2.86,False
2017,stroppe01,Pedro Strop,CHC,P,RP,32.0,69.0,1.1,1.0,,,,,,,60.33,0,0.0,2.83,156.0,3.31,1.177,65.0,5500000.0,5.907,False
2017,suareeu01,Eugenio Suárez,CIN,H,3B,25.0,156.0,3.5,632.0,26.0,4.0,0.26,0.367,0.461,115.0,,,,,,,,,595000.0,2.355,False
2017,suterbr01,Brent Suter,MIL,P,SP,27.0,22.0,1.8,21.0,,,,,,,81.67,14.0,0.0,3.42,129.0,3.75,1.286,64.0,535000,0.0,True
2017,suzukku01,Kurt Suzuki,ATL,H,C,33.0,81.0,2.7,309.0,19.0,0.0,0.283,0.351,0.536,128.0,,,,,,,,,1500000.0,9.657,False
2017,swansda01,Dansby Swanson,ATL,H,SS,23.0,144.0,-0.2,551.0,6.0,3.0,0.232,0.312,0.324,68.0,,,,,,,,,540000.0,0.273,False
2017,swarzan01,Anthony Swarzak,2TM,P,RP,31.0,70.0,2.8,,,,,,,,77.33,0,2.0,2.33,187.0,2.74,1.034,91.0,900000.0,5.14,False
2017,taillja01,Jameson Taillon,PIT,P,SP,25.0,25.0,1.1,43.0,,,,,,,133.67,25.0,0.0,4.44,96.0,3.48,1.481,125.0,555000.0,0.64,False
2017,tanakma01,Masahiro Tanaka,NYY,P,SP,28.0,30.0,1.1,3.0,,,,,,,178.33,30.0,0.0,4.74,95.0,4.34,1.239,194.0,22000000.0,3.0,False
2017,tayloch03,Chris Taylor,LAD,H,CF,26.0,140.0,4.5,568.0,21.0,17.0,0.288,0.354,0.496,123.0,,,,,,,,,535000,1.18,True
2017,taylomi02,Michael A. Taylor,WSN,H,CF,26.0,118.0,2.7,432.0,19.0,17.0,0.271,0.32,0.486,104.0,,,,,,,,,557900.0,2.058,False
2017,tazawju01,Junichi Tazawa,MIA,P,RP,31.0,55.0,-0.7,1.0,,,,,,,55.33,0,0.0,5.69,70.0,4.97,1.392,38.0,5000000.0,6.5,False
2017,teherju01,Julio Teheran,ATL,P,SP,26.0,32.0,1.7,72.0,,,,,,,188.33,32.0,0.0,4.49,97.0,4.95,1.37,151.0,6300000.0,4.36,False
2017,teperry01,Ryan Tepera,TOR,P,RP,29.0,73.0,0.9,1.0,,,,,,,77.67,0,2.0,3.59,125.0,3.75,1.133,81.0,542700.0,1.047,False
2017,thameer01,Eric Thames,MIL,H,1B,30.0,138.0,1.1,551.0,31.0,4.0,0.247,0.359,0.518,125.0,,,,,,,,,4000000.0,1.366,False
2017,tillmch01,Chris Tillman,BAL,P,SP,29.0,24.0,-2.2,,,,,,,,93.0,19.0,0.0,7.84,55.0,6.93,1.892,63.0,10050000.0,5.657,False
2017,tomlijo01,Josh Tomlin,CLE,P,SP,32.0,26.0,0.7,7.0,,,,,,,141.0,26.0,0.0,4.98,92.0,4.12,1.277,109.0,2500000.0,6.192,False
2017,torreca01,Carlos Torres,MIL,P,RP,34.0,67.0,0.3,,,,,,,,72.67,0,1.0,4.21,105.0,4.89,1.528,56.0,2175000.0,4.663,False
2017,torrejo02,José Torres,SDP,P,RP,23.0,62.0,0.5,1.0,,,,,,,68.33,0,1.0,4.21,100.0,4.67,1.156,63.0,535400.0,0.07,False
2017,torrero01,Ronald Torreyes,NYY,H,2B,24.0,108.0,0.8,336.0,3.0,2.0,0.292,0.314,0.375,81.0,,,,,,,,,561900.0,1.128,False
2017,treinbl01,Blake Treinen,2TM,P,RP,29.0,72.0,1.2,,,,,,,,75.67,0,16.0,3.93,111.0,3.42,1.388,74.0,563700.0,2.378,False
2017,triggan01,Andrew Triggs,ATH,P,SP,28.0,12.0,-0.1,,,,,,,,65.33,12.0,0.0,4.27,98.0,4.47,1.332,50.0,537500.0,0.715,False
2017,troutmi01,Mike Trout,LAA,H,CF,25.0,114.0,6.9,507.0,33.0,22.0,0.306,0.442,0.629,186.0,,,,,,,,,20083000.0,5.407,False
2017,trumbma01,Mark Trumbo,BAL,H,DH,31.0,146.0,-0.5,603.0,23.0,1.0,0.234,0.289,0.397,84.0,,,,,,,,,11500000.0,6.157,False
2017,turneju01,Justin Turner,LAD,H,3B,32.0,130.0,5.8,543.0,21.0,7.0,0.322,0.415,0.53,150.0,,,,,,,,,13000000.0,6.262,False
2017,turnetr01,Trea Turner,WSN,H,SS,24.0,98.0,2.9,447.0,11.0,46.0,0.284,0.338,0.451,101.0,,,,,,,,,554900.0,0.785,False
2017,uptonju01,Justin Upton,2TM,H,LF,29.0,152.0,5.6,635.0,35.0,14.0,0.273,0.361,0.54,137.0,,,,,,,,,22125000.0,9.349,False
2017,urenajo01,José Ureña,MIA,P,SP,25.0,34.0,1.7,56.0,,,,,,,169.67,28.0,0.0,3.82,104.0,5.2,1.273,113.0,535000.0,1.233,False
2017,utleych01,Chase Utley,LAD,H,2B,38.0,127.0,0.8,353.0,8.0,6.0,0.236,0.324,0.405,93.0,,,,,,,,,2000000.0,13.157,False
2017,valbulu01,Luis Valbuena,LAA,H,3B,31.0,117.0,0.2,401.0,22.0,0.0,0.199,0.294,0.432,94.0,,,,,,,,,6500000.0,6.86,False
2017,valenda01,Danny Valencia,SEA,H,1B,32.0,130.0,1.2,500.0,15.0,2.0,0.256,0.314,0.411,97.0,,,,,,,,,5500000.0,5.686,False
2017,vargaja01,Jason Vargas,KCR,P,SP,34.0,32.0,4.1,4.0,,,,,,,179.67,32.0,0.0,4.16,108.0,4.67,1.33,134.0,8000000.0,9.663,False
2017,vazquch01,Christian Vázquez,BOS,H,C,26.0,99.0,0.8,345.0,5.0,7.0,0.29,0.33,0.404,92.0,,,,,,,,,561000.0,2.18,False
2017,velasvi01,Vince Velasquez,PHI,P,SP,25.0,15.0,0.5,25.0,,,,,,,72.0,15.0,0.0,5.13,84.0,5.52,1.5,68.0,547000.0,1.5,False
2017,verlaju01,Justin Verlander,2TM,P,SP,34.0,33.0,6.9,6.0,,,,,,,206.0,33.0,0.0,3.36,131.0,3.84,1.175,219.0,28000000.0,11.012,False
2017,villajo01,Jonathan Villar,MIL,H,2B,26.0,122.0,-0.1,436.0,11.0,23.0,0.241,0.293,0.372,72.0,,,,,,,,,554500.0,2.657,False
2017,vinceni01,Nick Vincent,SEA,P,RP,30.0,69.0,1.4,,,,,,,,64.67,0,0.0,3.2,131.0,2.82,1.16,50.0,1325000.0,3.39,False
2017,vizcaar01,Arodys Vizcaíno,ATL,P,RP,26.0,62.0,1.7,,,,,,,,57.33,0,14.0,2.83,155.0,3.72,1.099,64.0,1550000.0,3.977,False
2017,vogtst01,Stephen Vogt,2TM,H,C,32.0,99.0,-0.4,303.0,12.0,0.0,0.233,0.285,0.423,86.0,,,,,,,,,2965000.0,3.488,False
2017,volqued01,Edinson Vólquez,MIA,P,SP,33.0,17.0,0.8,30.0,,,,,,,92.33,17.0,0.0,4.19,95.0,4.35,1.419,81.0,9000000.0,9.343,False
2017,vottojo01,Joey Votto,CIN,H,1B,33.0,162.0,7.9,707.0,36.0,5.0,0.32,0.454,0.578,167.0,,,,,,,,,22000000.0,9.157,False
2017,wachami01,Michael Wacha,STL,P,SP,25.0,30.0,1.2,55.0,,,,,,,165.67,30.0,0.0,4.13,102.0,3.63,1.358,158.0,2775000.0,3.36,False
2017,wainwad01,Adam Wainwright,STL,P,SP,35.0,24.0,0.9,50.0,,,,,,,123.33,23.0,0.0,5.11,83.0,4.29,1.5,96.0,19500000.0,11.157,False
2017,walkene01,Neil Walker,2TM,H,2B,31.0,111.0,1.8,448.0,14.0,0.0,0.265,0.362,0.439,112.0,,,,,,,,,17200000.0,6.965,False
2017,walketa01,Taijuan Walker,ARI,P,SP,24.0,28.0,3.0,54.0,,,,,,,157.33,28.0,0.0,3.49,135.0,4.04,1.328,146.0,2250000.0,2.826,False
2017,warread01,Adam Warren,NYY,P,RP,29.0,46.0,1.4,,,,,,,,57.33,0,1.0,2.35,193.0,3.02,0.872,54.0,2290000.0,4.209,False
2017,watsoto01,Tony Watson,2TM,P,RP,32.0,71.0,0.9,1.0,,,,,,,66.67,0,10.0,3.38,126.0,4.45,1.38,53.0,5600000.0,5.587,False
2017,weavelu01,Luke Weaver,STL,P,SP,23.0,13.0,0.8,23.0,,,,,,,60.33,10.0,0.0,3.88,109.0,3.17,1.26,72.0,535000,0.0,True
2017,wheelza01,Zack Wheeler,NYM,P,SP,27.0,17.0,0.2,29.0,,,,,,,86.33,17.0,0.0,5.21,79.0,5.03,1.587,81.0,800000.0,3.57,False
2017,whitlch01,Chase Whitley,TBR,P,RP,28.0,41.0,0.1,,,,,,,,57.33,0,2.0,4.08,104.0,3.56,1.116,43.0,535000,2.727,True
2017,wietema01,Matt Wieters,WSN,H,C,31.0,123.0,-0.8,465.0,10.0,1.0,0.225,0.288,0.344,62.0,,,,,,,,,10500000.0,7.75,False
2017,willini01,Nick Williams,PHI,H,RF,23.0,83.0,0.2,343.0,12.0,1.0,0.288,0.338,0.473,111.0,,,,,,,,,535000,0.0,True
2017,willitr01,Trevor Williams,PIT,P,SP,25.0,31.0,1.6,47.0,,,,,,,150.33,25.0,0.0,4.07,105.0,4.03,1.31,117.0,544000.0,0.157,False
2017,wilsoal01,Alex Wilson,DET,P,RP,30.0,66.0,0.5,,,,,,,,60.0,0,2.0,4.5,100.0,4.17,1.367,42.0,1175000.0,3.221,False
2017,wilsoju10,Justin Wilson,2TM,P,RP,29.0,65.0,1.6,,,,,,,,58.0,0,13.0,3.41,132.0,3.38,1.293,80.0,2700000.0,4.203,False
2017,wojcias01,Asher Wojciechowski,CIN,P,RP,28.0,25.0,-1.1,14.0,,,,,,,62.33,8.0,0.0,6.5,69.0,5.18,1.444,64.0,535000,0.0,True
2017,wongko01,Kolten Wong,STL,H,2B,26.0,108.0,1.8,411.0,4.0,8.0,0.285,0.376,0.412,109.0,,,,,,,,,2500000.0,3.262,False
2017,woodal02,Alex Wood,LAD,P,SP,26.0,27.0,3.1,58.0,,,,,,,152.33,25.0,0.0,2.72,152.0,3.32,1.057,151.0,2800000.0,3.715,False
2017,woodbl01,Blake Wood,2TM,P,RP,31.0,72.0,-0.7,1.0,,,,,,,74.33,0,0.0,5.45,82.0,3.67,1.574,84.0,1275000.0,4.762,False
2017,woodtr01,Travis Wood,2TM,P,RP,30.0,39.0,-1.4,18.0,,,,,,,94.0,14.0,0.0,6.8,64.0,5.9,1.734,65.0,4000000.0,6.023,False
2017,worleva01,Vance Worley,MIA,P,SP,29.0,24.0,-1.5,27.0,,,,,,,71.67,12.0,1.0,6.91,57.0,4.9,1.8,50.0,,4.651,False
2017,yateski01,Kirby Yates,2TM,P,RP,30.0,62.0,0.3,,,,,,,,56.67,0,1.0,3.97,107.0,3.92,1.112,88.0,535000,2.384,True
2017,yelicch01,Christian Yelich,MIA,H,CF,25.0,156.0,3.7,695.0,18.0,16.0,0.282,0.369,0.439,120.0,,,,,,,,,3500000.0,3.401,False
2017,zimmebr01,Bradley Zimmer,CLE,H,CF,24.0,101.0,1.6,332.0,8.0,18.0,0.241,0.307,0.385,80.0,,,,,,,,,535000,0.0,True
2017,zimmejo02,Jordan Zimmermann,DET,P,SP,31.0,29.0,0.8,6.0,,,,,,,160.0,29.0,0.0,6.08,74.0,5.18,1.55,103.0,18000000.0,7.895,False
2017,zimmery01,Ryan Zimmerman,WSN,H,1B,32.0,144.0,2.7,576.0,36.0,1.0,0.303,0.358,0.573,134.0,,,,,,,,,14000000.0,11.186,False
2017,zobribe01,Ben Zobrist,CHC,H,2B,36.0,128.0,0.3,496.0,12.0,2.0,0.232,0.318,0.375,79.0,,,,,,,,,16500000.0,9.779,False
2017,zuninmi01,Mike Zunino,SEA,H,C,26.0,124.0,3.4,435.0,25.0,1.0,0.251,0.331,0.509,125.0,,,,,,,,,570000.0,2.959,False
2018,abreujo02,José Abreu,CHW,H,1B,31.0,128.0,2.1,553.0,22.0,2.0,0.265,0.325,0.473,117.0,,,,,,,,,13000000.0,4.0,False
2018,acunaro01,Ronald Acuña Jr.,ATL,H,LF,20.0,111.0,3.9,487.0,26.0,16.0,0.293,0.366,0.552,143.0,,,,,,,,,545000.0,0.0,False
2018,adamewi01,Willy Adames,TBR,H,SS,22.0,85.0,1.0,323.0,10.0,6.0,0.278,0.348,0.406,109.0,,,,,,,,,545000,0.0,True
2018,adamsma01,Matt Adams,2TM,H,1B,29.0,121.0,1.1,337.0,21.0,0.0,0.239,0.309,0.477,105.0,,,,,,,,,4000000.0,5.192,False
2018,adriaeh01,Ehire Adrianza,MIN,H,SS,28.0,114.0,0,366.0,6.0,5.0,0.251,0.301,0.379,85.0,,,,,,,,,1000000.0,3.762,False
2018,aguilje01,Jesús Aguilar,MIL,H,1B,28.0,149.0,3.3,566.0,35.0,0.0,0.274,0.352,0.539,135.0,,,,,,,,,557200.0,1.477,False
2018,ahmedni01,Nick Ahmed,ARI,H,SS,28.0,153.0,3.8,564.0,16.0,5.0,0.234,0.29,0.411,83.0,,,,,,,,,1275000.0,3.314,False
2018,albieoz01,Ozzie Albies,ATL,H,2B,21.0,158.0,4.1,684.0,24.0,14.0,0.261,0.305,0.452,101.0,,,,,,,,,555000.0,0.36,False
2018,alexasc02,Scott Alexander,LAD,P,RP,28.0,73.0,0.2,6.0,,,,,,,66.0,1.0,3.0,3.68,106.0,3.57,1.273,56.0,555000.0,1.564,False
2018,alfarjo01,Jorge Alfaro,PHI,H,C,25.0,108.0,1.6,377.0,10.0,3.0,0.262,0.324,0.407,95.0,,,,,,,,,547000.0,0.483,False
2018,allenco01,Cody Allen,CLE,P,RP,29.0,70.0,0.1,,,,,,,,67.0,0,27.0,4.7,92.0,4.56,1.358,80.0,10575000.0,5.442,False
2018,almoral01,Albert Almora,CHC,H,CF,24.0,152.0,2.2,479.0,5.0,1.0,0.286,0.323,0.378,86.0,,,,,,,,,584500.0,1.424,False
2018,alonsyo01,Yonder Alonso,CLE,H,1B,31.0,145.0,1.5,574.0,23.0,0.0,0.25,0.317,0.421,98.0,,,,,,,,,7000000.0,6.674,False
2018,altuvjo01,Jose Altuve,HOU,H,2B,28.0,137.0,5.1,599.0,13.0,17.0,0.316,0.386,0.451,130.0,,,,,,,,,9000000.0,6.419,False
2018,alvarjo02,José Álvarez,LAA,P,RP,29.0,76.0,1.8,,,,,,,,63.0,0,1.0,2.71,155.0,3.05,1.159,59.0,1050000.0,3.203,False
2018,alvarjo03,José Alvarado,TBR,P,RP,23.0,70.0,1.5,,,,,,,,64.0,0,8.0,2.39,172.0,2.27,1.109,80.0,545000,0.541,True
2018,anderbr04,Brett Anderson,ATH,P,SP,30.0,17.0,0.6,4.0,,,,,,,80.33,17.0,0.0,4.48,93.0,4.17,1.282,47.0,100000.0,8.901,False
2018,anderbr06,Brian Anderson,MIA,H,RF,25.0,156.0,3.1,670.0,11.0,2.0,0.273,0.357,0.4,110.0,,,,,,,,,545000.0,0.18,False
2018,anderch01,Chase Anderson,MIL,P,SP,30.0,30.0,0.8,49.0,,,,,,,158.0,30.0,0.0,3.93,104.0,5.22,1.19,128.0,4750000.0,3.849,False
2018,anderju01,Justin Anderson,LAA,P,RP,25.0,57.0,0.5,,,,,,,,55.33,0,4.0,4.07,104.0,3.83,1.482,67.0,545000,0.0,True
2018,anderti01,Tim Anderson,CHW,H,SS,25.0,153.0,3.9,606.0,20.0,26.0,0.24,0.281,0.406,87.0,,,,,,,,,1000000.0,1.669,False
2018,anderty01,Tyler Anderson,COL,P,SP,28.0,32.0,2.4,60.0,,,,,,,176.0,32.0,0.0,4.55,104.0,4.57,1.273,164.0,555000.0,2.378,False
2018,andrima01,Matt Andriese,2TM,P,RP,28.0,41.0,-1.0,1.0,,,,,,,78.67,5.0,0.0,5.26,79.0,4.69,1.386,78.0,545000,2.413,True
2018,andruel01,Elvis Andrus,TEX,H,SS,29.0,97.0,1.6,428.0,6.0,5.0,0.256,0.308,0.367,78.0,,,,,,,,,15250000.0,9.0,False
2018,andujmi01,Miguel Andujar,NYY,H,3B,23.0,149.0,2.8,606.0,27.0,2.0,0.297,0.328,0.527,130.0,,,,,,,,,545000,0.116,True
2018,aranovi01,Víctor Arano,PHI,P,RP,23.0,60.0,1.9,,,,,,,,59.33,0,3.0,2.73,151.0,3.36,1.197,60.0,545000.0,0.116,False
2018,archech01,Chris Archer,2TM,P,SP,29.0,27.0,0.7,17.0,,,,,,,148.33,27.0,0.0,4.31,94.0,3.75,1.375,162.0,6416667.0,4.907,False
2018,arciaor01,Orlando Arcia,MIL,H,SS,23.0,119.0,0.4,366.0,3.0,7.0,0.236,0.268,0.307,55.0,,,,,,,,,559600.0,1.36,False
2018,arenano01,Nolan Arenado,COL,H,3B,27.0,156.0,6.3,673.0,38.0,2.0,0.297,0.374,0.561,133.0,,,,,,,,,17750000.0,4.901,False
2018,arrieja01,Jake Arrieta,PHI,P,SP,32.0,31.0,2.5,50.0,,,,,,,172.67,31.0,0.0,3.96,104.0,4.25,1.286,138.0,30000000.0,6.843,False
2018,axforjo01,John Axford,2TM,P,RP,35.0,50.0,-0.1,,,,,,,,54.67,1.0,0.0,5.27,81.0,3.98,1.354,54.0,1500000.0,7.686,False
2018,baderha01,Harrison Bader,STL,H,CF,24.0,138.0,3.2,427.0,12.0,15.0,0.264,0.334,0.422,106.0,,,,,,,,,545000,0.221,True
2018,baezja01,Javier Báez,CHC,H,2B,25.0,160.0,6.8,645.0,34.0,21.0,0.29,0.326,0.554,129.0,,,,,,,,,657000.0,2.517,False
2018,baezpe01,Pedro Báez,LAD,P,RP,30.0,55.0,0.7,4.0,,,,,,,56.33,0,0.0,2.88,135.0,3.16,1.225,62.0,1500000.0,3.343,False
2018,baileho02,Homer Bailey,CIN,P,SP,32.0,20.0,-1.5,34.0,,,,,,,106.33,20.0,0.0,6.09,68.0,5.55,1.636,75.0,21000000.0,9.099,False
2018,barnema01,Matt Barnes,BOS,P,RP,28.0,62.0,1.0,,,,,,,,61.67,0,0.0,3.65,121.0,2.71,1.265,96.0,605000.0,2.64,False
2018,barnhtu01,Tucker Barnhart,CIN,H,C,27.0,138.0,0.8,522.0,10.0,0.0,0.248,0.328,0.372,88.0,,,,,,,,,4437500.0,3.436,False
2018,barraky01,Kyle Barraclough,MIA,P,RP,28.0,61.0,0.1,,,,,,,,55.67,0,10.0,4.2,92.0,4.97,1.329,60.0,1113000.0,2.343,False
2018,barrija01,Jaime Barria,LAA,P,SP,21.0,26.0,3.0,5.0,,,,,,,129.33,26.0,0.0,3.41,123.0,4.58,1.268,98.0,,0.0,False
2018,bauerja01,Jake Bauers,TBR,H,1B,22.0,96.0,0.5,388.0,11.0,6.0,0.201,0.316,0.384,94.0,,,,,,,,,545000,0.0,True
2018,bauertr01,Trevor Bauer,CLE,P,SP,27.0,28.0,6.0,3.0,,,,,,,175.33,27.0,1.0,2.21,196.0,2.44,1.089,221.0,6525000.0,3.919,False
2018,bautijo02,José Bautista,3TM,H,RF,37.0,122.0,1.2,399.0,13.0,4.0,0.203,0.348,0.378,102.0,,,,,,,,,1045000.0,12.959,False
2018,beckhti01,Tim Beckham,BAL,H,SS,28.0,96.0,0.2,402.0,12.0,1.0,0.23,0.287,0.374,81.0,,,,,,,,,3350000.0,3.779,False
2018,bedroca01,Cam Bedrosian,LAA,P,RP,26.0,71.0,0.5,,,,,,,,64.0,0,1.0,3.8,111.0,4.11,1.391,57.0,1100000.0,2.89,False
2018,beeksja02,Jalen Beeks,2TM,P,RP,24.0,14.0,-0.1,2.0,,,,,,,50.67,1.0,0.0,5.51,76.0,4.64,1.5,42.0,545000,0.0,True
2018,bellico01,Cody Bellinger,LAD,H,1B,22.0,162.0,4.5,632.0,25.0,14.0,0.26,0.343,0.47,120.0,,,,,,,,,585000.0,0.93,False
2018,belljo02,Josh Bell,PIT,H,1B,25.0,148.0,0.7,583.0,12.0,2.0,0.261,0.357,0.411,111.0,,,,,,,,,572500.0,1.308,False
2018,beltbr01,Brandon Belt,SFG,H,1B,30.0,112.0,2.5,456.0,14.0,4.0,0.253,0.342,0.414,110.0,,,,,,,,,17200000.0,6.744,False
2018,beltrad01,Adrian Beltré,TEX,H,3B,39.0,119.0,1.5,481.0,15.0,1.0,0.273,0.328,0.434,99.0,,,,,,,,,18000000.0,19.558,False
2018,beninan01,Andrew Benintendi,BOS,H,LF,23.0,148.0,4.8,661.0,16.0,21.0,0.29,0.366,0.465,123.0,,,,,,,,,620500.0,1.36,False
2018,berrijo01,José Berríos,MIN,P,SP,24.0,32.0,3.4,4.0,,,,,,,192.33,32.0,0.0,3.84,111.0,3.9,1.144,202.0,570000.0,1.256,False
2018,betande01,Dellin Betances,NYY,P,RP,30.0,66.0,1.4,1.0,,,,,,,66.67,0,4.0,2.7,156.0,2.47,1.05,115.0,5100000.0,4.453,False
2018,bettich01,Chad Bettis,COL,P,SP,29.0,27.0,0.5,39.0,,,,,,,120.33,20.0,0.0,5.01,94.0,5.07,1.396,80.0,2000000.0,3.558,False
2018,bettsmo01,Mookie Betts,BOS,H,RF,25.0,136.0,10.7,614.0,32.0,30.0,0.346,0.438,0.64,186.0,,,,,,,,,10500000.0,3.407,False
2018,biagijo01,Joe Biagini,TOR,P,RP,28.0,50.0,-0.5,,,,,,,,72.0,4.0,0.0,6.0,71.0,5.47,1.667,53.0,545000,2.0,True
2018,biddlje01,Jesse Biddle,ATL,P,RP,26.0,60.0,0.7,2.0,,,,,,,63.67,0,1.0,3.11,132.0,3.88,1.272,67.0,545000,0.965,True
2018,biebesh01,Shane Bieber,CLE,P,SP,23.0,20.0,1.2,5.0,,,,,,,114.67,19.0,0.0,4.55,95.0,3.23,1.334,118.0,545000,0.0,True
2018,birdgr01,Greg Bird,NYY,H,1B,25.0,82.0,0.1,311.0,11.0,0.0,0.199,0.286,0.386,82.0,,,,,,,,,582000.0,2.308,False
2018,blachty01,Ty Blach,SFG,P,RP,27.0,47.0,0.2,34.0,,,,,,,118.67,13.0,0.0,4.25,89.0,3.83,1.466,75.0,565000.0,1.186,False
2018,blackch02,Charlie Blackmon,COL,H,CF,31.0,156.0,1.0,696.0,29.0,12.0,0.291,0.358,0.502,115.0,,,,,,,,,12500000.0,5.593,False
2018,bogaexa01,Xander Bogaerts,BOS,H,SS,25.0,136.0,4.9,580.0,23.0,8.0,0.288,0.36,0.522,135.0,,,,,,,,,7050000.0,4.244,False
2018,borucry01,Ryan Borucki,TOR,P,SP,24.0,17.0,1.5,,,,,,,,97.67,17.0,0.0,3.87,110.0,3.79,1.321,67.0,545000,0.0,True
2018,bourju01,Justin Bour,2TM,H,1B,30.0,141.0,0.1,501.0,20.0,2.0,0.227,0.341,0.404,106.0,,,,,,,,,3400000.0,3.372,False
2018,boxbebr01,Brad Boxberger,ARI,P,RP,30.0,60.0,-0.8,,,,,,,,53.33,0,32.0,4.39,96.0,4.55,1.425,71.0,1850000.0,4.634,False
2018,boydma01,Matthew Boyd,DET,P,SP,27.0,31.0,2.5,2.0,,,,,,,170.33,31.0,0.0,4.39,102.0,4.45,1.157,159.0,562000.0,1.791,False
2018,brachbr01,Brad Brach,2TM,P,RP,32.0,69.0,0.3,,,,,,,,62.67,0,12.0,3.59,118.0,3.67,1.596,60.0,5165000.0,5.366,False
2018,bradfch02,Chasen Bradford,SEA,P,RP,28.0,46.0,0.6,,,,,,,,53.67,0,0.0,3.69,111.0,4.99,1.286,38.0,545000,0.488,True
2018,bradlar01,Archie Bradley,ARI,P,RP,25.0,76.0,0.3,,,,,,,,71.67,0,3.0,3.64,116.0,3.7,1.144,75.0,581900.0,2.651,False
2018,bradlja02,Jackie Bradley Jr.,BOS,H,CF,28.0,144.0,2.5,535.0,13.0,17.0,0.234,0.314,0.403,92.0,,,,,,,,,6100000.0,3.872,False
2018,brantmi02,Michael Brantley,CLE,H,LF,31.0,143.0,3.8,631.0,17.0,12.0,0.309,0.364,0.468,124.0,,,,,,,,,11500000.0,7.762,False
2018,braulst01,Steven Brault,PIT,P,RP,26.0,45.0,-0.1,21.0,,,,,,,91.67,5.0,0.0,4.61,85.0,4.92,1.538,82.0,557000.0,0.494,False
2018,braunry02,Ryan Braun,MIL,H,LF,34.0,125.0,0.9,447.0,20.0,11.0,0.254,0.313,0.469,107.0,,,,,,,,,20000000.0,10.75,False
2018,brebbjo01,John Brebbia,STL,P,RP,28.0,45.0,0.7,2.0,,,,,,,50.67,0,2.0,3.2,122.0,3.02,1.164,60.0,545000,0.541,True
2018,bregmal01,Alex Bregman,HOU,H,3B,24.0,157.0,7.6,705.0,31.0,10.0,0.286,0.394,0.532,152.0,,,,,,,,,599000.0,1.407,False
2018,brinsle01,Lewis Brinson,MIA,H,CF,24.0,109.0,-1.0,406.0,11.0,2.0,0.199,0.24,0.338,58.0,,,,,,,,,545000.0,0.145,False
2018,bruceja01,Jay Bruce,NYM,H,RF,31.0,94.0,-0.8,361.0,9.0,2.0,0.223,0.31,0.37,90.0,,,,,,,,,11000000.0,9.727,False
2018,bryankr01,Kris Bryant,CHC,H,3B,26.0,102.0,2.5,457.0,13.0,2.0,0.272,0.374,0.46,121.0,,,,,,,,,10850000.0,2.994,False
2018,buchhcl01,Clay Buchholz,ARI,P,SP,33.0,16.0,2.6,37.0,,,,,,,98.33,16.0,0.0,2.01,209.0,3.47,1.037,81.0,,9.343,False
2018,buehlwa01,Walker Buehler,LAD,P,SP,23.0,24.0,3.7,47.0,,,,,,,137.33,23.0,0.0,2.62,148.0,3.04,0.961,151.0,,0.0,False
2018,bumgama01,Madison Bumgarner,SFG,P,SP,28.0,21.0,2.9,46.0,,,,,,,129.67,21.0,0.0,3.26,116.0,3.99,1.242,109.0,12000000.0,7.738,False
2018,bundydy01,Dylan Bundy,BAL,P,SP,25.0,31.0,-0.1,5.0,,,,,,,171.67,31.0,0.0,5.45,78.0,5.17,1.41,184.0,1640000.0,2.151,False
2018,cabreas01,Asdrúbal Cabrera,2TM,H,2B,32.0,147.0,1.4,592.0,23.0,0.0,0.262,0.316,0.458,111.0,,,,,,,,,8250000.0,10.157,False
2018,cahiltr01,Trevor Cahill,ATH,P,SP,30.0,21.0,1.4,,,,,,,,110.0,20.0,0.0,3.76,110.0,3.54,1.191,100.0,1500000.0,8.57,False
2018,cainlo01,Lorenzo Cain,MIL,H,CF,32.0,141.0,6.8,620.0,10.0,30.0,0.308,0.395,0.417,119.0,,,,,,,,,14000000.0,6.43,False
2018,calhoko01,Kole Calhoun,LAA,H,RF,30.0,137.0,0.1,552.0,19.0,6.0,0.208,0.283,0.369,79.0,,,,,,,,,8500000.0,4.756,False
2018,camarjo01,Johan Camargo,ATL,H,3B,24.0,134.0,3.3,524.0,19.0,1.0,0.272,0.349,0.457,115.0,,,,,,,,,555000.0,0.797,False
2018,candeje01,Jeimer Candelario,DET,H,3B,24.0,144.0,1.1,619.0,19.0,3.0,0.224,0.317,0.393,91.0,,,,,,,,,548300.0,0.326,False
2018,canhama01,Mark Canha,ATH,H,CF,29.0,122.0,1.7,411.0,17.0,1.0,0.249,0.328,0.449,114.0,,,,,,,,,,3.0,False
2018,canoro01,Robinson Canó,SEA,H,2B,35.0,80.0,3.3,348.0,10.0,0.0,0.303,0.374,0.471,136.0,,,,,,,,,12258065.0,12.89,False
2018,carlesh01,Shane Carle,ATL,P,RP,26.0,53.0,1.0,5.0,,,,,,,63.0,0,1.0,2.86,143.0,3.54,1.222,43.0,555000.0,0.186,False
2018,carpema01,Matt Carpenter,STL,H,1B,32.0,156.0,4.6,677.0,36.0,4.0,0.257,0.374,0.523,143.0,,,,,,,,,13750000.0,6.07,False
2018,carraca01,Carlos Carrasco,CLE,P,SP,31.0,32.0,4.0,4.0,,,,,,,192.0,30.0,0.0,3.38,128.0,2.94,1.125,231.0,8000000.0,6.855,False
2018,cashnan01,Andrew Cashner,BAL,P,SP,31.0,28.0,0.4,3.0,,,,,,,153.0,28.0,0.0,5.29,81.0,5.32,1.582,99.0,6500000.0,7.733,False
2018,casteni01,Nick Castellanos,DET,H,RF,26.0,157.0,2.9,678.0,23.0,2.0,0.298,0.354,0.5,128.0,,,,,,,,,6050000.0,4.169,False
2018,castidi01,Diego Castillo,TBR,P,RP,24.0,43.0,1.0,1.0,,,,,,,56.67,11.0,0.0,3.18,130.0,3.3,0.953,65.0,545000,0.0,True
2018,castilu02,Luis Castillo,CIN,P,SP,25.0,31.0,1.8,65.0,,,,,,,169.67,31.0,0.0,4.3,97.0,4.32,1.22,165.0,555000.0,0.587,False
2018,castrmi01,Miguel Castro,BAL,P,RP,23.0,63.0,1.2,,,,,,,,86.33,1.0,0.0,3.96,108.0,5.11,1.448,57.0,553000.0,1.459,False
2018,castrst01,Starlin Castro,MIA,H,2B,28.0,154.0,1.8,647.0,12.0,6.0,0.278,0.329,0.4,102.0,,,,,,,,,10857143.0,7.872,False
2018,caveja01,Jake Cave,MIN,H,CF,25.0,91.0,1.5,309.0,13.0,2.0,0.265,0.313,0.473,111.0,,,,,,,,,545000.0,0.0,False
2018,cervefr01,Francisco Cervelli,PIT,H,C,32.0,104.0,2.8,404.0,12.0,2.0,0.259,0.378,0.431,123.0,,,,,,,,,10500000.0,7.849,False
2018,chacijh01,Jhoulys Chacín,MIL,P,SP,30.0,35.0,1.9,68.0,,,,,,,192.67,35.0,0.0,3.5,116.0,4.03,1.163,156.0,8750000.0,7.314,False
2018,chapmar01,Aroldis Chapman,NYY,P,RP,30.0,55.0,1.5,,,,,,,,51.33,0,32.0,2.45,172.0,2.09,1.052,93.0,17200000.0,7.052,False
2018,chapmma01,Matt Chapman,ATH,H,3B,25.0,145.0,7.4,616.0,24.0,1.0,0.278,0.356,0.508,137.0,,,,,,,,,547500.0,0.634,False
2018,chatwty01,Tyler Chatwood,CHC,P,SP,28.0,24.0,-0.4,32.0,,,,,,,103.67,20.0,0.0,5.3,79.0,5.6,1.804,85.0,12500000.0,6.227,False
2018,chaveje01,Jesse Chavez,2TM,P,RP,34.0,62.0,3.1,1.0,,,,,,,95.33,0,5.0,2.55,178.0,3.54,1.059,92.0,1000000.0,7.628,False
2018,chenwe02,Wei-Yin Chen,MIA,P,SP,32.0,26.0,0.2,42.0,,,,,,,133.33,26.0,0.0,4.79,80.0,4.43,1.335,111.0,10000000.0,6.0,False
2018,chiriro01,Robinson Chirinos,TEX,H,C,34.0,113.0,1.8,426.0,18.0,2.0,0.222,0.338,0.419,99.0,,,,,,,,,2250000.0,5.599,False
2018,chiriyo01,Yonny Chirinos,TBR,P,RP,24.0,18.0,1.1,1.0,,,,,,,89.67,7.0,0.0,3.51,117.0,3.51,1.216,75.0,545000.0,0.0,False
2018,choosh01,Shin-Soo Choo,TEX,H,DH,35.0,146.0,2.8,665.0,21.0,6.0,0.264,0.377,0.434,114.0,,,,,,,,,20000000.0,10.692,False
2018,cimbead01,Adam Cimber,2TM,P,RP,27.0,70.0,0.8,4.0,,,,,,,68.33,0,0.0,3.42,117.0,3.42,1.244,58.0,545000.0,0.0,False
2018,cishest01,Steve Cishek,CHC,P,RP,32.0,80.0,2.0,6.0,,,,,,,70.33,0,4.0,2.18,192.0,3.44,1.038,78.0,6500000.0,6.831,False
2018,claudal01,Alex Claudio,TEX,P,RP,26.0,66.0,1.0,,,,,,,,68.33,1.0,1.0,4.48,106.0,3.42,1.522,41.0,568450.0,2.663,False
2018,clevimi01,Mike Clevinger,CLE,P,SP,27.0,32.0,5.3,4.0,,,,,,,200.0,32.0,0.0,3.02,143.0,3.52,1.155,207.0,558500.0,1.238,False
2018,clippty01,Tyler Clippard,TOR,P,RP,33.0,73.0,1.3,,,,,,,,68.67,1.0,7.0,3.67,116.0,4.24,1.165,85.0,1500000.0,8.86,False
2018,cobbal01,Alex Cobb,BAL,P,SP,30.0,28.0,0.8,7.0,,,,,,,152.33,28.0,0.0,4.9,87.0,4.79,1.411,102.0,14000000.0,6.355,False
2018,colege01,Gerrit Cole,HOU,P,SP,27.0,32.0,5.1,9.0,,,,,,,200.33,32.0,0.0,2.88,144.0,2.7,1.033,276.0,6750000.0,4.645,False
2018,colemlo01,Louis Coleman,DET,P,RP,32.0,51.0,1.0,,,,,,,,51.33,0,0.0,3.51,129.0,4.58,1.305,41.0,,5.105,False
2018,colomal01,Alex Colomé,2TM,P,RP,29.0,70.0,1.1,,,,,,,,68.0,0,12.0,3.04,135.0,3.44,1.176,72.0,5300000.0,3.686,False
2018,colonba01,Bartolo Colon,TEX,P,SP,45.0,28.0,0.7,4.0,,,,,,,146.33,24.0,0.0,5.78,82.0,5.47,1.346,81.0,1750000.0,19.343,False
2018,confomi01,Michael Conforto,NYM,H,LF,25.0,153.0,2.8,638.0,28.0,3.0,0.243,0.35,0.448,122.0,,,,,,,,,605094.0,2.25,False
2018,conlead01,Adam Conley,MIA,P,RP,28.0,52.0,0,,,,,,,,50.67,0,3.0,4.09,94.0,3.59,1.086,50.0,545000,2.407,True
2018,contrwi01,Willson Contreras,CHC,H,C,26.0,138.0,3.0,544.0,10.0,4.0,0.249,0.339,0.39,94.0,,,,,,,,,604500.0,1.628,False
2018,corbipa01,Patrick Corbin,ARI,P,SP,28.0,33.0,4.6,67.0,,,,,,,200.0,33.0,0.0,3.15,133.0,2.47,1.05,246.0,7500000.0,5.61,False
2018,correca01,Carlos Correa,HOU,H,SS,23.0,110.0,2.9,468.0,15.0,3.0,0.239,0.323,0.405,99.0,,,,,,,,,1000000.0,2.692,False
2018,coveydy01,Dylan Covey,CHW,P,SP,26.0,27.0,-0.2,1.0,,,,,,,121.67,21.0,0.0,5.18,82.0,4.38,1.488,91.0,545000,0.791,True
2018,crawfbr01,Brandon Crawford,SFG,H,SS,31.0,151.0,1.5,594.0,14.0,4.0,0.254,0.325,0.394,100.0,,,,,,,,,15200000.0,6.547,False
2018,crickky01,Kyle Crick,PIT,P,RP,25.0,64.0,1.5,,,,,,,,60.33,0,2.0,2.39,165.0,3.14,1.127,65.0,545000,0.605,True
2018,croncj01,C.J. Cron,TBR,H,DH,28.0,140.0,2.2,560.0,30.0,1.0,0.253,0.323,0.493,123.0,,,,,,,,,2300000.0,3.564,False
2018,cruzne02,Nelson Cruz,SEA,H,DH,37.0,144.0,2.9,591.0,37.0,1.0,0.256,0.342,0.509,135.0,,,,,,,,,14250000.0,10.477,False
2018,cuetojo01,Johnny Cueto,SFG,P,SP,32.0,9.0,1.2,13.0,,,,,,,53.0,9.0,0.0,3.23,118.0,4.71,1.113,38.0,21833333.0,10.0,False
2018,culbech01,Charlie Culberson,ATL,H,LF,29.0,113.0,0.7,322.0,12.0,4.0,0.27,0.326,0.466,111.0,1.0,0,0.0,9.0,62.0,3.16,2.0,0.0,575000.0,2.488,False
2018,davidma02,Matt Davidson,CHW,H,DH,27.0,123.0,0.7,496.0,20.0,0.0,0.228,0.319,0.419,102.0,3.0,0,0.0,0.0,,2.83,0.667,2.0,570000.0,1.843,False
2018,davieza02,Zach Davies,MIL,P,SP,25.0,13.0,-0.4,19.0,,,,,,,66.0,13.0,0.0,4.77,86.0,4.39,1.333,49.0,572000.0,2.116,False
2018,davisch02,Chris Davis,BAL,H,1B,32.0,128.0,-3.3,522.0,16.0,2.0,0.168,0.243,0.296,49.0,,,,,,,,,23000000.0,8.355,False
2018,daviskh01,Khris Davis,ATH,H,DH,30.0,151.0,2.8,654.0,48.0,0.0,0.247,0.326,0.549,137.0,,,,,,,,,10500000.0,4.605,False
2018,daviswa01,Wade Davis,COL,P,RP,32.0,69.0,0.9,,,,,,,,65.33,0,43.0,4.13,115.0,3.65,1.056,78.0,16000000.0,8.186,False
2018,degroja01,Jacob deGrom,NYM,P,SP,30.0,32.0,9.9,74.0,,,,,,,217.0,32.0,0.0,1.7,218.0,1.98,0.912,269.0,7400000.0,3.808,False
2018,dejonpa01,Paul DeJong,STL,H,SS,24.0,115.0,2.9,490.0,19.0,1.0,0.241,0.313,0.433,102.0,,,,,,,,,1166667.0,0.721,False
2018,delmoni01,Nicky Delmonico,CHW,H,LF,25.0,88.0,-0.8,318.0,8.0,1.0,0.215,0.296,0.373,84.0,,,,,,,,,553000.0,0.36,False
2018,descada01,Daniel Descalso,ARI,H,2B,31.0,138.0,0.7,423.0,13.0,0.0,0.238,0.353,0.436,108.0,3.33,0,0.0,8.1,57.0,10.66,1.5,2.0,2000000.0,7.093,False
2018,desclan01,Anthony DeSclafani,CIN,P,SP,28.0,21.0,0.6,46.0,,,,,,,115.0,21.0,0.0,4.93,84.0,4.83,1.287,108.0,860000.0,3.36,False
2018,deshide02,Delino DeShields,TEX,H,CF,25.0,106.0,1.3,393.0,2.0,20.0,0.216,0.31,0.281,58.0,,,,,,,,,561500.0,2.674,False
2018,desmoia01,Ian Desmond,COL,H,1B,32.0,160.0,-0.3,619.0,22.0,20.0,0.236,0.307,0.422,83.0,,,,,,,,,22000000.0,8.157,False
2018,deverra01,Rafael Devers,BOS,H,3B,21.0,121.0,0.4,490.0,21.0,5.0,0.24,0.298,0.433,94.0,,,,,,,,,564500.0,0.407,False
2018,diazal02,Aledmys Díaz,TOR,H,SS,27.0,130.0,2.1,452.0,18.0,3.0,0.263,0.303,0.453,105.0,,,,,,,,,2000000.0,1.581,False
2018,diazed04,Edwin Díaz,SEA,P,RP,24.0,73.0,3.1,,,,,,,,73.33,0,57.0,1.96,208.0,1.61,0.791,124.0,545000,1.703,True
2018,dickeco01,Corey Dickerson,PIT,H,LF,29.0,135.0,3.7,533.0,13.0,8.0,0.3,0.33,0.474,119.0,,,,,,,,,5950000.0,4.587,False
2018,diekmja01,Jake Diekman,2TM,P,RP,31.0,71.0,0,,,,,,,,53.33,0,2.0,4.73,98.0,3.74,1.5,66.0,2712500.0,5.291,False
2018,dietrde01,Derek Dietrich,MIA,H,LF,28.0,149.0,-0.3,551.0,16.0,2.0,0.265,0.33,0.421,107.0,,,,,,,,,2900000.0,3.878,False
2018,difowi01,Wilmer Difo,WSN,H,2B,26.0,148.0,-0.2,456.0,7.0,10.0,0.23,0.298,0.35,71.0,,,,,,,,,557900.0,1.64,False
2018,dominse01,Seranthony Domínguez,PHI,P,RP,23.0,53.0,2.1,2.0,,,,,,,58.0,0,16.0,2.95,140.0,2.85,0.931,74.0,545000,0.0,True
2018,doziebr01,Brian Dozier,2TM,H,2B,31.0,151.0,1.2,632.0,21.0,12.0,0.215,0.305,0.391,89.0,,,,,,,,,9000000.0,5.581,False
2018,doziehu01,Hunter Dozier,KCR,H,1B,26.0,102.0,-2.1,388.0,11.0,2.0,0.229,0.278,0.395,82.0,,,,,,,,,545000,0.349,True
2018,dudalu01,Lucas Duda,2TM,H,1B,32.0,107.0,0.6,367.0,14.0,1.0,0.241,0.313,0.418,98.0,,,,,,,,,3500000.0,6.797,False
2018,duffyda01,Danny Duffy,KCR,P,SP,29.0,28.0,1.4,2.0,,,,,,,155.0,28.0,0.0,4.88,89.0,4.7,1.49,141.0,14000000.0,6.494,False
2018,duffyma01,Matt Duffy,TBR,H,3B,27.0,132.0,3.2,560.0,4.0,12.0,0.294,0.361,0.366,104.0,,,,,,,,,930000.0,3.343,False
2018,dukeza01,Zach Duke,2TM,P,RP,35.0,72.0,0.1,1.0,,,,,,,52.0,0,0.0,4.15,103.0,3.01,1.5,51.0,2150000.0,11.314,False
2018,duvalad01,Adam Duvall,2TM,H,LF,29.0,138.0,0.9,427.0,15.0,2.0,0.195,0.274,0.365,70.0,,,,,,,,,645000.0,2.558,False
2018,dysonsa01,Sam Dyson,SFG,P,RP,30.0,74.0,1.5,,,,,,,,70.33,0,3.0,2.69,142.0,3.47,1.081,56.0,4425000.0,3.826,False
2018,eatonad02,Adam Eaton,WSN,H,RF,29.0,95.0,1.3,370.0,5.0,9.0,0.301,0.394,0.411,114.0,,,,,,,,,6000000.0,5.174,False
2018,edwarca01,Carl Edwards Jr.,CHC,P,RP,26.0,58.0,1.1,,,,,,,,52.0,0,0.0,2.6,161.0,2.93,1.308,67.0,594000.0,1.779,False
2018,eflinza01,Zach Eflin,PHI,P,SP,24.0,24.0,1.5,50.0,,,,,,,128.0,24.0,0.0,4.36,95.0,3.8,1.305,123.0,545000,1.105,True
2018,eliasro01,Roenis Elías,SEA,P,RP,29.0,23.0,1.1,2.0,,,,,,,51.0,4.0,0.0,2.65,154.0,3.08,1.216,34.0,545000,2.692,True
2018,encared01,Edwin Encarnación,CLE,H,DH,35.0,137.0,1.9,579.0,32.0,3.0,0.246,0.336,0.474,116.0,,,,,,,,,18667000.0,12.494,False
2018,engelad01,Adam Engel,CHW,H,CF,26.0,143.0,1.2,463.0,6.0,16.0,0.235,0.279,0.336,69.0,,,,,,,,,552000.0,0.686,False
2018,eovalna01,Nathan Eovaldi,2TM,P,SP,28.0,22.0,1.2,10.0,,,,,,,111.0,21.0,0.0,3.81,112.0,3.6,1.126,101.0,2000000.0,6.076,False
2018,erlinro01,Robbie Erlin,SDP,P,RP,27.0,39.0,0.3,27.0,,,,,,,109.0,12.0,0.0,4.21,91.0,3.31,1.138,88.0,650000.0,3.453,False
2018,escobal02,Alcides Escobar,KCR,H,SS,31.0,140.0,-2.1,531.0,4.0,8.0,0.231,0.279,0.313,63.0,,,,,,,,,2500000.0,8.477,False
2018,escobed01,Eduardo Escobar,2TM,H,3B,29.0,151.0,3.0,631.0,23.0,2.0,0.272,0.334,0.489,119.0,,,,,,,,,4850000.0,5.744,False
2018,estrama01,Marco Estrada,TOR,P,SP,34.0,28.0,0.4,1.0,,,,,,,143.67,28.0,0.0,5.64,75.0,5.44,1.427,103.0,13000000.0,8.203,False
2018,familje01,Jeurys Familia,2TM,P,RP,28.0,70.0,1.5,,,,,,,,72.0,0,18.0,3.13,126.0,2.65,1.222,83.0,7925000.0,5.134,False
2018,fariaja01,Jake Faria,TBR,P,SP,24.0,17.0,-0.3,,,,,,,,65.0,12.0,0.0,5.4,76.0,5.08,1.431,50.0,545000,,True
2018,farmebu01,Buck Farmer,DET,P,RP,27.0,66.0,0.8,,,,,,,,69.33,1.0,0.0,4.15,108.0,4.46,1.558,57.0,554800.0,1.483,False
2018,feddeer01,Erick Fedde,WSN,P,SP,25.0,11.0,0.0,17.0,,,,,,,50.33,11.0,0.0,5.54,77.0,4.71,1.53,46.0,545000,0.0,True
2018,fiersmi01,Mike Fiers,2TM,P,SP,33.0,31.0,4.4,,,,,,,,172.0,30.0,0.0,3.56,124.0,4.75,1.18,139.0,6000000.0,4.494,False
2018,fillmhe01,Heath Fillmyer,KCR,P,SP,24.0,17.0,1.2,5.0,,,,,,,82.33,13.0,0.0,4.26,102.0,4.75,1.336,57.0,545000,0.0,True
2018,fistedo01,Doug Fister,TEX,P,SP,34.0,12.0,0.9,,,,,,,,66.0,12.0,0.0,4.5,106.0,5.25,1.394,40.0,3500000.0,7.919,False
2018,flaheja01,Jack Flaherty,STL,P,SP,22.0,28.0,3.2,52.0,,,,,,,151.0,28.0,0.0,3.34,116.0,3.86,1.106,182.0,545000.0,0.18,False
2018,fletcda02,David Fletcher,LAA,H,2B,24.0,80.0,1.9,307.0,1.0,3.0,0.275,0.316,0.363,88.0,,,,,,,,,,0.0,False
2018,florewi01,Wilmer Flores,NYM,H,1B,26.0,126.0,0.9,429.0,11.0,0.0,0.267,0.319,0.417,105.0,,,,,,,,,3400000.0,4.017,False
2018,florody01,Dylan Floro,2TM,P,RP,27.0,54.0,1.8,5.0,,,,,,,64.0,0,0.0,2.25,181.0,3.08,1.25,58.0,545000,0.314,True
2018,flynnbr01,Brian Flynn,KCR,P,RP,28.0,48.0,0.7,1.0,,,,,,,75.67,0,1.0,4.04,107.0,4.28,1.612,47.0,573500.0,2.5,False
2018,foltymi01,Mike Foltynewicz,ATL,P,SP,26.0,31.0,3.8,66.0,,,,,,,183.0,31.0,0.0,2.85,143.0,3.37,1.082,202.0,2200000.0,2.948,False
2018,forsylo01,Logan Forsythe,2TM,H,2B,31.0,120.0,-0.3,416.0,2.0,3.0,0.232,0.313,0.291,67.0,,,,,,,,,9000000.0,6.657,False
2018,fowlede01,Dexter Fowler,STL,H,RF,32.0,90.0,-1.4,334.0,8.0,5.0,0.18,0.278,0.298,59.0,,,,,,,,,16500000.0,8.977,False
2018,francma02,Maikel Franco,PHI,H,3B,25.0,131.0,0.3,465.0,22.0,1.0,0.27,0.314,0.467,106.0,,,,,,,,,2950000.0,2.988,False
2018,fraziad01,Adam Frazier,PIT,H,2B,26.0,113.0,2.6,352.0,10.0,1.0,0.277,0.342,0.456,118.0,,,,,,,,,571000.0,1.587,False
2018,frazito01,Todd Frazier,NYM,H,3B,32.0,115.0,2.7,472.0,18.0,9.0,0.213,0.303,0.39,93.0,,,,,,,,,8000000.0,6.413,False
2018,freelky01,Kyle Freeland,COL,P,SP,25.0,33.0,7.6,71.0,,,,,,,202.33,33.0,0.0,2.85,166.0,3.67,1.245,173.0,550000.0,1.0,False
2018,freemfr01,Freddie Freeman,ATL,H,1B,28.0,162.0,5.5,707.0,23.0,10.0,0.309,0.388,0.505,139.0,,,,,,,,,21000000.0,7.192,False
2018,freemsa01,Sam Freeman,ATL,P,RP,31.0,63.0,0,1.0,,,,,,,50.33,0,0.0,4.29,96.0,3.66,1.45,58.0,1075000.0,3.384,False
2018,freesda01,David Freese,2TM,H,3B,35.0,113.0,2.1,312.0,11.0,0.0,0.296,0.359,0.471,126.0,,,,,,,,,4250000.0,8.163,False
2018,fryja01,Jace Fry,CHW,P,RP,24.0,59.0,0.2,,,,,,,,51.33,1.0,4.0,4.38,97.0,2.67,1.11,70.0,545000,0.029,True
2018,fulmemi01,Michael Fulmer,DET,P,SP,25.0,24.0,1.2,7.0,,,,,,,132.33,24.0,0.0,4.69,96.0,4.52,1.315,110.0,575200.0,1.913,False
2018,gallayo01,Yovani Gallardo,2TM,P,SP,32.0,21.0,0,2.0,,,,,,,94.33,18.0,0.0,6.39,74.0,5.42,1.633,58.0,3233871.0,10.628,False
2018,gallojo01,Joey Gallo,TEX,H,LF,24.0,148.0,2.3,577.0,40.0,3.0,0.206,0.312,0.498,109.0,,,,,,,,,560000.0,1.599,False
2018,galvifr01,Freddy Galvis,SDP,H,SS,28.0,162.0,1.7,656.0,13.0,8.0,0.248,0.299,0.38,88.0,,,,,,,,,6825000.0,5.122,False
2018,gantjo01,John Gant,STL,P,SP,25.0,26.0,1.1,34.0,,,,,,,114.0,19.0,0.0,3.47,112.0,4.07,1.298,95.0,545000,1.779,True
2018,garciav01,Avisaíl García,CHW,H,RF,27.0,93.0,0.6,385.0,19.0,3.0,0.236,0.281,0.438,95.0,,,,,,,,,6700000.0,4.971,False
2018,garcija02,Jaime García,2TM,P,RP,31.0,33.0,-0.7,4.0,,,,,,,82.0,14.0,0.0,5.82,73.0,5.16,1.537,73.0,8000000.0,9.273,False
2018,garcija04,Jarlín García,MIA,P,RP,25.0,29.0,-0.2,11.0,,,,,,,66.0,7.0,0.0,4.91,78.0,6.37,1.318,40.0,555000.0,1.023,False
2018,gardnbr01,Brett Gardner,NYY,H,LF,34.0,140.0,3.3,609.0,12.0,16.0,0.236,0.322,0.368,89.0,,,,,,,,,11500000.0,9.419,False
2018,garream01,Amir Garrett,CIN,P,RP,26.0,66.0,0.6,2.0,,,,,,,63.0,0,0.0,4.29,97.0,3.89,1.286,71.0,547500.0,0.576,False
2018,garvemi01,Mitch Garver,MIN,H,C,27.0,102.0,1.1,335.0,7.0,0.0,0.268,0.335,0.414,104.0,1.0,0,0.0,0.0,,3.16,1.0,0.0,547500.0,0.262,False
2018,gattiev01,Evan Gattis,HOU,H,DH,31.0,128.0,0.2,451.0,25.0,1.0,0.226,0.284,0.452,98.0,,,,,,,,,6700000.0,5.0,False
2018,gausmke01,Kevin Gausman,2TM,P,SP,27.0,31.0,3.1,25.0,,,,,,,183.67,31.0,0.0,3.92,108.0,4.32,1.301,148.0,5600000.0,3.878,False
2018,gavigsa01,Sam Gaviglio,TOR,P,SP,28.0,26.0,0.5,3.0,,,,,,,123.67,24.0,0.0,5.31,80.0,4.69,1.439,105.0,545000,0.39,True
2018,gearrco01,Cory Gearrin,3TM,P,RP,32.0,62.0,0.9,,,,,,,,57.33,0,1.0,3.77,113.0,4.31,1.343,53.0,1675000.0,4.791,False
2018,gennesc01,Scooter Gennett,CIN,H,2B,28.0,154.0,3.0,638.0,23.0,4.0,0.31,0.357,0.49,125.0,,,,,,,,,5700000.0,4.413,False
2018,germado01,Domingo Germán,NYY,P,SP,25.0,21.0,-0.4,2.0,,,,,,,85.67,14.0,0.0,5.57,75.0,4.39,1.331,102.0,545000,0.099,True
2018,gibsoky01,Kyle Gibson,MIN,P,SP,30.0,32.0,3.6,2.0,,,,,,,196.67,32.0,0.0,3.62,118.0,4.13,1.302,179.0,4200000.0,4.227,False
2018,gileske01,Ken Giles,2TM,P,RP,27.0,55.0,-0.2,,,,,,,,50.33,0,26.0,4.65,91.0,3.08,1.212,53.0,4600000.0,3.657,False
2018,giolilu01,Lucas Giolito,CHW,P,SP,23.0,32.0,-1.4,6.0,,,,,,,173.33,32.0,0.0,6.13,69.0,5.56,1.477,125.0,555000.0,0.465,False
2018,givenmy01,Mychal Givens,BAL,P,RP,28.0,69.0,0.9,,,,,,,,76.67,0,9.0,3.99,107.0,3.07,1.187,79.0,566500.0,2.401,False
2018,glasnty01,Tyler Glasnow,2TM,P,RP,24.0,45.0,0.7,3.0,,,,,,,111.67,11.0,0.0,4.27,94.0,4.0,1.272,136.0,556500.0,0.919,False
2018,godleza01,Zack Godley,ARI,P,SP,28.0,33.0,-1.1,65.0,,,,,,,178.33,32.0,0.0,4.74,89.0,3.82,1.447,185.0,579200.0,1.651,False
2018,goldspa01,Paul Goldschmidt,ARI,H,1B,30.0,158.0,5.8,690.0,33.0,7.0,0.29,0.389,0.533,142.0,,,,,,,,,11100000.0,6.343,False
2018,gombeau01,Austin Gomber,STL,P,RP,24.0,29.0,0.5,21.0,,,,,,,75.0,11.0,0.0,4.44,88.0,4.03,1.507,67.0,545000,0.0,True
2018,gomesya01,Yan Gomes,CLE,H,C,30.0,112.0,2.6,435.0,16.0,0.0,0.266,0.313,0.449,103.0,,,,,,,,,6033333.0,5.483,False
2018,gomezca01,Carlos Gómez,TBR,H,RF,32.0,118.0,0.7,408.0,9.0,12.0,0.208,0.298,0.336,76.0,0.33,0,0.0,81.0,11.0,39.16,12.0,0.0,4000000.0,10.82,False
2018,gonzaca01,Carlos González,COL,H,RF,32.0,132.0,0.9,504.0,16.0,5.0,0.276,0.329,0.467,99.0,,,,,,,,,5000000.0,9.343,False
2018,gonzagi01,Gio González,2TM,P,SP,32.0,32.0,1.2,55.0,,,,,,,171.0,32.0,0.0,4.21,100.0,4.16,1.444,148.0,12000000.0,8.942,False
2018,gonzama01,Marwin González,HOU,H,LF,29.0,145.0,2.5,552.0,16.0,2.0,0.247,0.324,0.409,101.0,,,,,,,,,5125000.0,5.773,False
2018,gonzama02,Marco Gonzales,SEA,P,SP,26.0,29.0,2.3,3.0,,,,,,,166.67,29.0,0.0,4.0,102.0,3.43,1.224,145.0,545000,0.593,True
2018,goodrni01,Niko Goodrum,DET,H,2B,26.0,131.0,0.9,492.0,16.0,12.0,0.245,0.315,0.432,100.0,,,,,,,,,545000,0.18,True
2018,gordoal01,Alex Gordon,KCR,H,LF,34.0,141.0,2.0,568.0,13.0,12.0,0.245,0.324,0.37,90.0,,,,,,,,,20000000.0,10.535,False
2018,gordode01,Dee Strange-Gordon,SEA,H,2B,30.0,141.0,1.1,588.0,4.0,30.0,0.268,0.288,0.349,79.0,,,,,,,,,10800000.0,5.895,False
2018,gourryu01,Yuli Gurriel,HOU,H,1B,34.0,136.0,2.7,573.0,13.0,5.0,0.291,0.323,0.428,105.0,,,,,,,,,12400000.0,1.25,False
2018,gracema02,Matt Grace,WSN,P,RP,29.0,56.0,1.1,3.0,,,,,,,59.67,0,0.0,2.87,149.0,3.39,1.14,48.0,557000.0,1.378,False
2018,grandcu01,Curtis Granderson,2TM,H,RF,37.0,123.0,0.8,403.0,13.0,2.0,0.242,0.351,0.431,115.0,,,,,,,,,5000000.0,12.448,False
2018,grandya01,Yasmani Grandal,LAD,H,C,29.0,140.0,3.5,518.0,24.0,2.0,0.241,0.349,0.466,121.0,,,,,,,,,7900000.0,5.669,False
2018,grayjo02,Jon Gray,COL,P,SP,26.0,31.0,1.2,61.0,,,,,,,172.33,31.0,0.0,5.12,92.0,4.08,1.346,183.0,555000.0,2.36,False
2018,grayso01,Sonny Gray,NYY,P,SP,28.0,30.0,0.1,2.0,,,,,,,130.33,23.0,0.0,4.9,86.0,4.17,1.496,123.0,6500000.0,4.355,False
2018,greench03,Chad Green,NYY,P,RP,27.0,63.0,2.0,,,,,,,,75.67,0,0.0,2.5,168.0,2.86,1.044,94.0,570800.0,1.291,False
2018,greensh02,Shane Greene,DET,P,RP,29.0,66.0,-0.3,,,,,,,,63.33,0,32.0,5.12,88.0,4.61,1.374,65.0,1950000.0,3.436,False
2018,gregodi01,Didi Gregorius,NYY,H,SS,28.0,134.0,5.1,569.0,27.0,10.0,0.268,0.335,0.494,124.0,,,,,,,,,8250000.0,4.924,False
2018,greinza01,Zack Greinke,ARI,P,SP,34.0,33.0,4.7,71.0,,,,,,,207.67,33.0,0.0,3.21,131.0,3.7,1.079,199.0,34000000.0,13.331,False
2018,grichra01,Randal Grichuk,TOR,H,RF,26.0,124.0,2.5,462.0,25.0,3.0,0.245,0.301,0.502,117.0,,,,,,,,,,3.192,False
2018,grossro01,Robbie Grossman,MIN,H,RF,28.0,129.0,1.6,465.0,5.0,0.0,0.273,0.367,0.384,106.0,,,,,,,,,2000000.0,3.349,False
2018,gsellro01,Robert Gsellman,NYM,P,RP,24.0,68.0,-0.4,4.0,,,,,,,80.0,0,13.0,4.28,87.0,3.95,1.3,70.0,562375.0,1.244,False
2018,guerrju02,Junior Guerra,MIL,P,SP,33.0,31.0,-0.1,37.0,,,,,,,141.0,26.0,0.0,4.09,100.0,4.24,1.404,136.0,,2.029,False
2018,guerrta01,Tyron Guerrero,MIA,P,RP,27.0,60.0,-1.0,,,,,,,,58.0,0,0.0,5.43,71.0,4.32,1.621,68.0,545000.0,0.023,False
2018,guzmaro01,Ronald Guzmán,TEX,H,1B,23.0,123.0,0.6,428.0,16.0,1.0,0.235,0.306,0.416,88.0,,,,,,,,,545000,0.0,True
2018,gyorkje01,Jedd Gyorko,STL,H,3B,29.0,125.0,0.8,402.0,11.0,2.0,0.262,0.346,0.416,108.0,1.0,0,0.0,9.0,60.0,19.16,2.0,0.0,9000000.0,4.953,False
2018,haderjo01,Josh Hader,MIL,P,RP,24.0,55.0,2.2,2.0,,,,,,,81.33,0,12.0,2.43,168.0,2.23,0.811,143.0,556500.0,0.669,False
2018,hamelco01,Cole Hamels,2TM,P,SP,34.0,32.0,3.7,27.0,,,,,,,190.67,32.0,0.0,3.78,120.0,4.49,1.264,188.0,23500000.0,11.831,False
2018,hamilbi02,Billy Hamilton,CIN,H,CF,27.0,153.0,0.6,556.0,4.0,34.0,0.236,0.299,0.327,69.0,,,,,,,,,4600000.0,4.163,False
2018,hammeja01,Jason Hammel,KCR,P,RP,35.0,39.0,-1.0,3.0,,,,,,,127.0,18.0,0.0,6.02,72.0,4.55,1.63,92.0,9000000.0,10.89,False
2018,handbr01,Brad Hand,2TM,P,RP,28.0,69.0,1.0,1.0,,,,,,,72.0,0,32.0,2.75,148.0,3.2,1.111,106.0,4083333.0,4.535,False
2018,hanigmi01,Mitch Haniger,SEA,H,RF,27.0,157.0,6.5,683.0,26.0,8.0,0.285,0.366,0.493,139.0,,,,,,,,,545000,1.279,True
2018,hansoal01,Alen Hanson,SFG,H,2B,25.0,110.0,0.5,310.0,8.0,7.0,0.252,0.274,0.425,91.0,,,,,,,,,545000,1.221,True
2018,happia01,Ian Happ,CHC,H,CF,23.0,142.0,0.8,462.0,15.0,8.0,0.233,0.353,0.408,102.0,1.0,0,0.0,0.0,,3.16,1.0,0.0,570000.0,0.826,False
2018,happja01,J.A. Happ,2TM,P,SP,35.0,31.0,3.0,7.0,,,,,,,177.67,31.0,0.0,3.65,116.0,3.98,1.131,193.0,13000000.0,9.273,False
2018,hardybl01,Blaine Hardy,DET,P,RP,31.0,30.0,2.1,,,,,,,,86.0,13.0,1.0,3.56,127.0,3.97,1.174,66.0,795000.0,2.756,False
2018,harpebr03,Bryce Harper,WSN,H,RF,25.0,159.0,1.7,695.0,34.0,13.0,0.249,0.393,0.496,133.0,,,,,,,,,21625000.0,5.924,False
2018,harrijo05,Josh Harrison,PIT,H,2B,30.0,97.0,0.3,374.0,8.0,3.0,0.25,0.293,0.363,80.0,,,,,,,,,10250000.0,6.192,False
2018,harriwi10,Will Harris,HOU,P,RP,33.0,61.0,0.7,,,,,,,,56.67,0,0.0,3.49,119.0,2.44,1.094,64.0,2800000.0,4.593,False
2018,harvema01,Matt Harvey,2TM,P,SP,29.0,32.0,0.8,57.0,,,,,,,155.0,28.0,0.0,4.94,83.0,4.57,1.303,131.0,5625000.0,5.419,False
2018,healyry01,Ryon Healy,SEA,H,1B,26.0,133.0,-0.5,524.0,24.0,0.0,0.235,0.277,0.412,91.0,,,,,,,,,545000,1.465,True
2018,heanean01,Andrew Heaney,LAA,P,SP,27.0,30.0,2.0,8.0,,,,,,,180.0,30.0,0.0,4.15,101.0,3.99,1.2,180.0,800000.0,2.872,False
2018,hechaad01,Adeiny Hechavarría,3TM,H,SS,29.0,94.0,0.5,321.0,6.0,2.0,0.247,0.279,0.345,72.0,,,,,,,,,5900000.0,5.349,False
2018,hedgeau01,Austin Hedges,SDP,H,C,25.0,91.0,1.2,326.0,14.0,3.0,0.231,0.282,0.429,95.0,,,,,,,,,553100.0,1.965,False
2018,hellije01,Jeremy Hellickson,WSN,P,SP,31.0,19.0,1.0,35.0,,,,,,,91.33,19.0,0.0,3.45,123.0,4.22,1.073,65.0,100000.0,7.262,False
2018,hembrhe01,Heath Hembree,BOS,P,RP,29.0,67.0,0.3,1.0,,,,,,,60.0,0,0.0,4.2,105.0,4.19,1.333,76.0,581500.0,2.616,False
2018,hendrky01,Kyle Hendricks,CHC,P,SP,28.0,33.0,2.4,66.0,,,,,,,199.0,33.0,0.0,3.44,121.0,3.78,1.146,161.0,4175000.0,3.471,False
2018,heredgu01,Guillermo Heredia,SEA,H,CF,27.0,125.0,0.5,337.0,5.0,2.0,0.236,0.318,0.342,87.0,,,,,,,,,545000,1.314,True
2018,hernace02,César Hernández,PHI,H,2B,28.0,161.0,2.1,708.0,15.0,19.0,0.253,0.356,0.362,94.0,,,,,,,,,5100000.0,3.895,False
2018,hernada01,David Hernández,CIN,P,RP,33.0,57.0,1.9,1.0,,,,,,,64.0,0,0.0,2.53,165.0,3.38,0.984,65.0,2500000.0,8.488,False
2018,hernael01,Elieser Hernández,MIA,P,RP,23.0,32.0,-0.5,11.0,,,,,,,65.67,6.0,0.0,5.21,74.0,5.29,1.447,45.0,1090000.0,0.0,False
2018,hernaen02,Kiké Hernández,LAD,H,CF,26.0,145.0,3.0,462.0,21.0,3.0,0.256,0.336,0.47,117.0,0.33,0,0.0,81.0,10.0,60.16,9.0,0.0,1600000.0,3.314,False
2018,hernafe02,Félix Hernández,SEA,P,SP,32.0,29.0,-1.4,4.0,,,,,,,155.67,28.0,0.0,5.55,73.0,5.18,1.4,125.0,26857000.0,12.349,False
2018,hernago01,Gorkys Hernández,SFG,H,CF,30.0,142.0,0.2,451.0,15.0,8.0,0.234,0.285,0.391,87.0,,,,,,,,,561500.0,2.076,False
2018,hernate01,Teoscar Hernández,TOR,H,LF,25.0,134.0,0.5,523.0,22.0,5.0,0.239,0.302,0.468,109.0,,,,,,,,,545000,0.599,True
2018,herreod01,Odúbel Herrera,PHI,H,CF,26.0,148.0,0.5,597.0,22.0,5.0,0.255,0.31,0.42,94.0,,,,,,,,,3350000.0,3.0,False
2018,herrero02,Rosell Herrera,2TM,H,RF,25.0,86.0,0.4,302.0,1.0,3.0,0.234,0.286,0.317,65.0,,,,,,,,,545000,0.0,True
2018,hessda01,David Hess,BAL,P,SP,24.0,21.0,0.5,3.0,,,,,,,103.33,19.0,0.0,4.88,88.0,5.8,1.384,74.0,545000,0.0,True
2018,heywaja01,Jason Heyward,CHC,H,RF,28.0,127.0,2.2,489.0,8.0,1.0,0.27,0.335,0.395,94.0,,,,,,,,,28166667.0,8.0,False
2018,hicksaa01,Aaron Hicks,NYY,H,CF,28.0,137.0,4.3,581.0,27.0,11.0,0.248,0.366,0.467,127.0,,,,,,,,,2825000.0,4.238,False
2018,hicksjo02,John Hicks,DET,H,1B,28.0,81.0,0,312.0,9.0,0.0,0.26,0.312,0.403,92.0,,,,,,,,,551300.0,1.006,False
2018,hicksjo03,Jordan Hicks,STL,P,RP,21.0,73.0,0.7,1.0,,,,,,,77.67,0,6.0,3.59,108.0,3.74,1.339,70.0,545000.0,0.0,False
2018,hildetr01,Trevor Hildenberger,MIN,P,RP,27.0,73.0,-0.8,,,,,,,,73.0,0,7.0,5.42,79.0,4.53,1.384,70.0,555000.0,0.587,False
2018,hillri01,Rich Hill,LAD,P,SP,38.0,25.0,1.3,45.0,,,,,,,132.67,24.0,0.0,3.66,106.0,3.97,1.123,150.0,16666667.0,8.738,False
2018,hiranyo01,Yoshihisa Hirano,ARI,P,RP,34.0,75.0,1.2,1.0,,,,,,,66.33,0,3.0,2.44,173.0,3.69,1.085,59.0,3000000.0,0.0,False
2018,holdejo02,Jonathan Holder,NYY,P,RP,25.0,60.0,0.8,,,,,,,,66.0,1.0,0.0,3.14,134.0,3.04,1.091,60.0,553850.0,0.837,False
2018,hollade01,Derek Holland,SFG,P,SP,31.0,36.0,2.1,56.0,,,,,,,171.33,30.0,0.0,3.57,106.0,3.87,1.29,169.0,1750000.0,8.61,False
2018,holtbr01,Brock Holt,BOS,H,2B,30.0,109.0,1.3,367.0,7.0,7.0,0.277,0.362,0.411,109.0,,,,,,,,,2225000.0,4.302,False
2018,hoskirh01,Rhys Hoskins,PHI,H,LF,25.0,153.0,1.2,660.0,34.0,5.0,0.246,0.354,0.496,125.0,,,,,,,,,552500.0,0.308,False
2018,hosmeer01,Eric Hosmer,SDP,H,1B,28.0,157.0,1.1,677.0,18.0,7.0,0.253,0.322,0.398,100.0,,,,,,,,,21000000.0,6.849,False
2018,hugheja02,Jared Hughes,CIN,P,RP,32.0,72.0,3.4,,,,,,,,78.67,0,7.0,1.94,214.0,3.27,1.017,59.0,2125000.0,5.942,False
2018,hundlni01,Nick Hundley,SFG,H,C,34.0,96.0,0.2,305.0,10.0,2.0,0.241,0.298,0.408,95.0,,,,,,,,,2500000.0,9.343,False
2018,hunteto02,Tommy Hunter,PHI,P,RP,31.0,65.0,1.3,1.0,,,,,,,64.0,0,4.0,3.8,109.0,3.63,1.25,51.0,9000000.0,8.384,False
2018,iannech01,Chris Iannetta,COL,H,C,35.0,110.0,-0.6,360.0,11.0,0.0,0.224,0.345,0.385,85.0,,,,,,,,,3600000.0,11.076,False
2018,iglesjo01,Jose Iglesias,DET,H,SS,28.0,125.0,2.0,464.0,5.0,15.0,0.269,0.31,0.389,88.0,,,,,,,,,6275000.0,5.209,False
2018,iglesra01,Raisel Iglesias,CIN,P,RP,28.0,66.0,2.1,3.0,,,,,,,72.0,0,30.0,2.38,176.0,4.23,1.069,80.0,5214286.0,2.895,False
2018,inciaen01,Ender Inciarte,ATL,H,CF,27.0,156.0,3.1,660.0,10.0,28.0,0.265,0.325,0.38,90.0,,,,,,,,,4700000.0,3.913,False
2018,jacksau01,Austin Jackson,2TM,H,CF,31.0,116.0,-1.4,375.0,3.0,3.0,0.245,0.299,0.326,75.0,,,,,,,,,3000000.0,8.0,False
2018,jacksed01,Edwin Jackson,ATH,P,SP,34.0,17.0,1.7,2.0,,,,,,,92.0,17.0,0.0,3.33,125.0,4.65,1.217,68.0,1500000.0,11.663,False
2018,jankotr01,Travis Jankowski,SDP,H,RF,27.0,117.0,1.2,387.0,4.0,24.0,0.259,0.332,0.346,90.0,,,,,,,,,545000,2.273,True
2018,janseke01,Kenley Jansen,LAD,P,RP,30.0,69.0,0.6,,,,,,,,71.67,0,38.0,3.01,129.0,4.03,0.991,82.0,11333333.0,7.424,False
2018,jayjo02,Jon Jay,2TM,H,RF,33.0,143.0,0.5,586.0,3.0,4.0,0.268,0.33,0.347,83.0,,,,,,,,,3000000.0,7.779,False
2018,jeffrje01,Jeremy Jeffress,MIL,P,RP,30.0,73.0,3.3,,,,,,,,76.67,0,15.0,1.29,317.0,2.78,0.991,89.0,1700000.0,4.605,False
2018,jennida01,Dan Jennings,MIL,P,RP,31.0,72.0,0.4,3.0,,,,,,,64.33,1.0,1.0,3.22,127.0,4.09,1.383,45.0,,4.994,False
2018,jimenjo02,Joe Jiménez,DET,P,RP,23.0,68.0,0.2,,,,,,,,62.67,0,3.0,4.31,105.0,2.9,1.197,78.0,547200.0,0.448,False
2018,johnsbr02,Brian Johnson,BOS,P,RP,27.0,38.0,1.2,4.0,,,,,,,99.33,13.0,0.0,4.17,106.0,4.68,1.43,87.0,548000.0,0.25,False
2018,johnsji04,Jim Johnson,LAA,P,RP,35.0,62.0,-0.4,,,,,,,,63.33,1.0,2.0,3.84,110.0,4.68,1.358,45.0,5000000.0,9.936,False
2018,jonesad01,Adam Jones,BAL,H,CF,32.0,145.0,0.7,613.0,15.0,7.0,0.281,0.313,0.419,101.0,,,,,,,,,17333333.0,10.808,False
2018,jonesja07,JaCoby Jones,DET,H,CF,26.0,129.0,1.7,467.0,11.0,13.0,0.207,0.266,0.364,69.0,,,,,,,,,549400.0,0.727,False
2018,judgeaa01,Aaron Judge,NYY,H,RF,26.0,112.0,6.0,498.0,27.0,6.0,0.278,0.392,0.528,150.0,,,,,,,,,622300.0,1.297,False
2018,junisja01,Jakob Junis,KCR,P,SP,25.0,30.0,2.1,2.0,,,,,,,177.0,30.0,0.0,4.37,99.0,4.64,1.271,164.0,554250.0,0.506,False
2018,juradar01,Ariel Jurado,TEX,P,SP,22.0,12.0,0.2,1.0,,,,,,,54.67,8.0,0.0,5.93,80.0,5.01,1.537,22.0,,,False
2018,kelake01,Keone Kela,2TM,P,RP,25.0,54.0,1.5,,,,,,,,52.0,0,24.0,3.29,138.0,2.97,1.096,66.0,1200000.0,3.0,False
2018,kellebr01,Brad Keller,KCR,P,RP,22.0,41.0,4.2,3.0,,,,,,,140.33,20.0,0.0,3.08,140.0,3.55,1.304,96.0,545000.0,0.0,False
2018,kellyjo05,Joe Kelly,BOS,P,RP,30.0,73.0,0.2,,,,,,,,65.67,0,2.0,4.39,101.0,3.57,1.355,68.0,3825000.0,5.169,False
2018,kempma01,Matt Kemp,LAD,H,LF,33.0,146.0,1.2,506.0,21.0,0.0,0.29,0.338,0.481,121.0,,,,,,,,,21750000.0,11.285,False
2018,kenneia01,Ian Kennedy,KCR,P,SP,33.0,22.0,1.1,2.0,,,,,,,119.67,22.0,0.0,4.66,93.0,4.61,1.379,105.0,16000000.0,8.721,False
2018,keplema01,Max Kepler,MIN,H,RF,25.0,156.0,3.5,611.0,20.0,4.0,0.224,0.319,0.408,97.0,,,,,,,,,587500.0,1.884,False
2018,kershcl01,Clayton Kershaw,LAD,P,SP,30.0,26.0,4.0,57.0,,,,,,,161.33,26.0,0.0,2.73,142.0,3.18,1.041,155.0,35571429.0,9.61,False
2018,keuchda01,Dallas Keuchel,HOU,P,SP,30.0,34.0,2.3,2.0,,,,,,,204.67,34.0,0.0,3.74,111.0,3.69,1.314,153.0,13200000.0,5.517,False
2018,kiermke01,Kevin Kiermaier,TBR,H,CF,28.0,88.0,2.3,367.0,7.0,10.0,0.217,0.282,0.37,80.0,,,,,,,,,5666667.0,3.762,False
2018,kimbrcr01,Craig Kimbrel,BOS,P,RP,30.0,63.0,2.1,,,,,,,,62.33,0,42.0,2.74,161.0,3.13,0.995,96.0,13000000.0,7.384,False
2018,kineris01,Isiah Kiner-Falefa,TEX,H,3B,23.0,111.0,1.9,396.0,4.0,7.0,0.261,0.325,0.357,80.0,,,,,,,,,545000,0.0,True
2018,kingesc01,Scott Kingery,PHI,H,SS,24.0,147.0,-0.9,484.0,8.0,10.0,0.226,0.267,0.338,61.0,1.33,0,0.0,13.5,39.0,3.16,3.0,0.0,1000000.0,0.0,False
2018,kinghni01,Nick Kingham,PIT,P,SP,26.0,18.0,-0.5,25.0,,,,,,,76.0,15.0,0.0,5.21,75.0,5.65,1.382,69.0,545000,0.0,True
2018,kinslia01,Ian Kinsler,2TM,H,2B,36.0,128.0,2.0,534.0,14.0,16.0,0.24,0.301,0.38,86.0,,,,,,,,,11000000.0,12.0,False
2018,kintzbr01,Brandon Kintzler,2TM,P,RP,33.0,70.0,0,1.0,,,,,,,60.67,0,2.0,4.6,93.0,4.1,1.467,43.0,5000000.0,6.017,False
2018,kipnija01,Jason Kipnis,CLE,H,2B,31.0,147.0,1.2,601.0,18.0,7.0,0.23,0.315,0.389,90.0,,,,,,,,,13666667.0,6.401,False
2018,klubeco01,Corey Kluber,CLE,P,SP,32.0,33.0,5.9,6.0,,,,,,,215.0,33.0,0.0,2.89,150.0,3.12,0.991,222.0,10700000.0,5.43,False
2018,knebeco01,Corey Knebel,MIL,P,RP,26.0,57.0,0.3,,,,,,,,55.33,0,16.0,3.58,115.0,3.03,1.084,88.0,3650000.0,2.878,False
2018,kochma01,Matt Koch,ARI,P,SP,27.0,19.0,0.6,23.0,,,,,,,86.67,14.0,0.0,4.15,101.0,5.83,1.269,50.0,545000,0.0,True
2018,kuhlch01,Chad Kuhl,PIT,P,SP,25.0,16.0,0.1,27.0,,,,,,,85.0,16.0,0.0,4.55,86.0,4.7,1.435,81.0,570500.0,1.459,False
2018,lauerer01,Eric Lauer,SDP,P,SP,23.0,23.0,0.0,37.0,,,,,,,112.0,23.0,0.0,4.34,89.0,4.51,1.545,100.0,545000,0.0,True
2018,leakemi01,Mike Leake,SEA,P,SP,30.0,31.0,1.5,4.0,,,,,,,185.67,31.0,0.0,4.36,93.0,4.13,1.298,119.0,17000000.0,8.0,False
2018,leblawa01,Wade LeBlanc,SEA,P,SP,33.0,32.0,2.3,4.0,,,,,,,162.0,27.0,0.0,3.72,109.0,4.28,1.179,130.0,700000.0,4.762,False
2018,leclejo01,José Leclerc,TEX,P,RP,24.0,59.0,2.5,,,,,,,,57.67,0,12.0,1.56,305.0,1.89,0.85,85.0,545000,1.238,True
2018,lemahdj01,DJ LeMahieu,COL,H,2B,29.0,128.0,2.9,581.0,15.0,6.0,0.276,0.321,0.428,88.0,,,,,,,,,8500000.0,5.744,False
2018,lestejo01,Jon Lester,CHC,P,SP,34.0,32.0,2.7,65.0,,,,,,,181.67,32.0,0.0,3.32,125.0,4.39,1.31,149.0,27500000.0,11.436,False
2018,lindofr01,Francisco Lindor,CLE,H,SS,24.0,158.0,7.3,745.0,38.0,25.0,0.277,0.352,0.519,132.0,,,,,,,,,623200.0,2.657,False
2018,liriafr01,Francisco Liriano,DET,P,SP,34.0,27.0,0.3,2.0,,,,,,,133.67,26.0,0.0,4.58,98.0,5.11,1.496,110.0,4000000.0,11.605,False
2018,longoev01,Evan Longoria,SFG,H,3B,32.0,125.0,1.6,512.0,16.0,3.0,0.244,0.281,0.413,91.0,,,,,,,,,13666666.0,9.988,False
2018,lopezjo02,Jorge López,2TM,P,RP,25.0,17.0,0.1,2.0,,,,,,,53.67,7.0,0.0,5.03,85.0,4.48,1.472,38.0,545000,0.0,True
2018,lopezpa01,Pablo López,MIA,P,SP,22.0,10.0,0.8,18.0,,,,,,,58.67,10.0,0.0,4.14,93.0,4.49,1.261,46.0,545000,0.0,True
2018,lopezre01,Reynaldo López,CHW,P,SP,24.0,32.0,3.1,1.0,,,,,,,188.67,32.0,0.0,3.91,108.0,4.63,1.272,151.0,555000.0,0.558,False
2018,lorenmi01,Michael Lorenzen,CIN,P,RP,26.0,45.0,2.2,34.0,,,,,,,81.0,3.0,1.0,3.11,134.0,4.16,1.383,54.0,1312500.0,2.924,False
2018,lowrije01,Jed Lowrie,ATH,H,2B,34.0,157.0,4.0,680.0,23.0,0.0,0.267,0.353,0.448,121.0,,,,,,,,,6000000.0,9.645,False
2018,lucchjo01,Joey Lucchesi,SDP,P,SP,25.0,26.0,1.0,39.0,,,,,,,130.0,26.0,0.0,4.08,94.0,4.31,1.292,145.0,545000,0.0,True
2018,lucrojo01,Jonathan Lucroy,ATH,H,C,32.0,126.0,-0.7,454.0,4.0,0.0,0.241,0.291,0.325,72.0,,,,,,,,,6500000.0,7.791,False
2018,lugose01,Seth Lugo,NYM,P,RP,28.0,54.0,2.1,13.0,,,,,,,101.33,5.0,3.0,2.66,140.0,3.17,1.076,103.0,564000.0,1.477,False
2018,lylesjo01,Jordan Lyles,2TM,P,RP,27.0,35.0,0.3,20.0,,,,,,,87.67,8.0,0.0,4.11,95.0,4.08,1.266,84.0,750000.0,6.012,False
2018,lynnla01,Lance Lynn,2TM,P,SP,31.0,31.0,0.4,4.0,,,,,,,156.67,29.0,0.0,4.77,89.0,3.84,1.526,161.0,12000000.0,6.692,False
2018,machama01,Manny Machado,2TM,H,SS,25.0,162.0,6.2,709.0,37.0,14.0,0.297,0.367,0.538,145.0,,,,,,,,,16000000.0,5.326,False
2018,madsory01,Ryan Madson,2TM,P,RP,37.0,58.0,-0.8,,,,,,,,52.67,0,4.0,5.47,77.0,3.98,1.405,54.0,7666666.0,12.901,False
2018,maedake01,Kenta Maeda,LAD,P,SP,30.0,39.0,0.4,40.0,,,,,,,125.33,20.0,2.0,3.81,102.0,3.22,1.261,153.0,3125000.0,2.0,False
2018,magilma01,Matt Magill,MIN,P,RP,28.0,40.0,0.7,1.0,,,,,,,56.67,0,0.0,3.81,113.0,5.08,1.429,56.0,545000,0.18,True
2018,mahlety01,Tyler Mahle,CIN,P,SP,23.0,23.0,0.2,34.0,,,,,,,112.0,23.0,0.0,4.98,84.0,5.25,1.589,110.0,545000.0,0.209,False
2018,maldoma01,Martín Maldonado,2TM,H,C,31.0,119.0,0.3,404.0,9.0,0.0,0.225,0.276,0.351,72.0,,,,,,,,,3900000.0,5.907,False
2018,manaese01,Sean Manaea,ATH,P,SP,26.0,27.0,2.9,5.0,,,,,,,160.67,27.0,0.0,3.59,116.0,4.26,1.077,108.0,550000.0,1.913,False
2018,mancitr01,Trey Mancini,BAL,H,LF,26.0,156.0,0.7,636.0,24.0,0.0,0.242,0.299,0.416,95.0,,,,,,,,,556500.0,1.087,False
2018,margoma01,Manuel Margot,SDP,H,CF,23.0,141.0,1.3,519.0,8.0,11.0,0.245,0.292,0.384,87.0,,,,,,,,,556900.0,1.07,False
2018,markani01,Nick Markakis,ATL,H,RF,34.0,162.0,2.6,705.0,14.0,1.0,0.297,0.366,0.44,116.0,,,,,,,,,11000000.0,12.0,False
2018,marquge01,Germán Márquez,COL,P,SP,23.0,33.0,4.9,65.0,,,,,,,196.0,33.0,0.0,3.77,125.0,3.4,1.204,230.0,550000.0,1.134,False
2018,marteke01,Ketel Marte,ARI,H,2B,24.0,153.0,3.9,580.0,14.0,6.0,0.26,0.332,0.437,102.0,,,,,,,,,1400000.0,1.942,False
2018,martest01,Starling Marte,PIT,H,CF,29.0,145.0,3.9,606.0,20.0,33.0,0.277,0.327,0.46,114.0,,,,,,,,,7833333.0,4.948,False
2018,martica04,Carlos Martínez,STL,P,SP,26.0,33.0,2.3,36.0,,,,,,,118.67,18.0,5.0,3.11,125.0,3.53,1.348,117.0,11700000.0,4.424,False
2018,martijd02,J.D. Martinez,BOS,H,DH,30.0,150.0,6.7,649.0,43.0,6.0,0.33,0.402,0.629,173.0,,,,,,,,,23750000.0,6.209,False
2018,martijo08,José Martínez,STL,H,1B,29.0,152.0,1.6,590.0,17.0,0.0,0.305,0.364,0.457,124.0,,,,,,,,,560400.0,1.157,False
2018,martile01,Leonys Martín,2TM,H,CF,30.0,84.0,1.6,353.0,11.0,7.0,0.255,0.323,0.425,101.0,,,,,,,,,1750000.0,4.936,False
2018,martiru01,Russell Martin,TOR,H,C,35.0,90.0,1.3,352.0,10.0,0.0,0.194,0.338,0.325,86.0,,,,,,,,,20000000.0,11.872,False
2018,martivi01,Victor Martinez,DET,H,DH,39.0,133.0,-1.3,508.0,9.0,0.0,0.251,0.297,0.353,76.0,,,,,,,,,18000000.0,14.663,False
2018,matzst01,Steven Matz,NYM,P,SP,27.0,30.0,1.6,53.0,,,,,,,154.0,30.0,0.0,3.97,94.0,4.62,1.247,152.0,577000.0,2.576,False
2018,mauerjo01,Joe Mauer,MIN,H,1B,35.0,127.0,1.4,543.0,6.0,0.0,0.282,0.351,0.379,100.0,,,,,,,,,23000000.0,14.0,False
2018,maybica01,Cameron Maybin,2TM,H,LF,31.0,129.0,0.6,384.0,4.0,10.0,0.249,0.326,0.336,86.0,,,,,,,,,3250000.0,8.424,False
2018,mayermi01,Mike Mayers,STL,P,RP,26.0,50.0,-0.1,2.0,,,,,,,51.67,0,1.0,4.7,83.0,3.95,1.432,49.0,545000.0,0.221,False
2018,mazarno01,Nomar Mazara,TEX,H,RF,23.0,128.0,0.6,536.0,20.0,1.0,0.258,0.317,0.436,96.0,,,,,,,,,563560.0,2.0,False
2018,mccanja02,James McCann,DET,H,C,28.0,118.0,-0.7,457.0,8.0,0.0,0.22,0.267,0.314,57.0,,,,,,,,,2375000.0,3.163,False
2018,mccarbr01,Brandon McCarthy,ATL,P,SP,34.0,15.0,-0.1,31.0,,,,,,,78.67,15.0,0.0,4.92,83.0,4.79,1.462,65.0,11500000.0,11.709,False
2018,mccarke01,Kevin McCarthy,KCR,P,RP,26.0,65.0,1.5,,,,,,,,72.0,0,0.0,3.25,133.0,4.06,1.25,46.0,545000,0.721,True
2018,mcculla02,Lance McCullers Jr.,HOU,P,SP,24.0,25.0,1.4,2.0,,,,,,,128.33,22.0,0.0,3.86,108.0,3.5,1.169,142.0,2450000.0,2.814,False
2018,mccutan01,Andrew McCutchen,2TM,H,RF,31.0,155.0,2.6,682.0,20.0,14.0,0.255,0.368,0.424,120.0,,,,,,,,,14750000.0,8.715,False
2018,mcfartj01,T.J. McFarland,ARI,P,RP,29.0,47.0,1.5,7.0,,,,,,,72.0,0,1.0,2.0,211.0,3.63,1.194,42.0,850000.0,3.953,False
2018,mcgeeja01,Jake McGee,COL,P,RP,31.0,61.0,-1.0,,,,,,,,51.33,0,1.0,6.49,73.0,4.91,1.461,47.0,7000000.0,6.738,False
2018,mchugco01,Collin McHugh,HOU,P,RP,31.0,58.0,2.0,,,,,,,,72.33,0,0.0,1.99,209.0,2.72,0.912,94.0,5000000.0,4.494,False
2018,mengdda01,Daniel Mengden,ATH,P,SP,25.0,22.0,1.1,3.0,,,,,,,115.67,17.0,0.0,4.05,103.0,4.69,1.115,72.0,547500.0,0.913,False
2018,mercejo03,Jordy Mercer,PIT,H,SS,31.0,117.0,0.3,436.0,6.0,2.0,0.251,0.315,0.381,91.0,,,,,,,,,6750000.0,5.552,False
2018,merriwh01,Whit Merrifield,KCR,H,2B,29.0,158.0,4.5,707.0,12.0,45.0,0.304,0.367,0.438,120.0,,,,,,,,,569500.0,1.587,False
2018,mikolmi01,Miles Mikolas,STL,P,SP,29.0,32.0,5.4,71.0,,,,,,,200.67,32.0,0.0,2.83,137.0,3.28,1.071,146.0,7500000.0,1.215,False
2018,mileywa01,Wade Miley,MIL,P,SP,31.0,16.0,1.4,28.0,,,,,,,80.67,16.0,0.0,2.57,159.0,3.59,1.215,50.0,,6.256,False
2018,milleju02,Justin Miller,WSN,P,RP,31.0,51.0,0.7,1.0,,,,,,,52.33,0,2.0,3.61,118.0,4.44,1.127,60.0,545000,1.744,True
2018,minormi01,Mike Minor,TEX,P,SP,30.0,28.0,3.9,3.0,,,,,,,157.0,28.0,0.0,4.18,113.0,4.43,1.121,132.0,8333334.0,6.802,False
2018,minteaj01,A.J. Minter,ATL,P,RP,24.0,65.0,0.8,,,,,,,,61.33,0,15.0,3.23,127.0,2.72,1.288,69.0,555000.0,0.233,False
2018,mitchbr01,Bryan Mitchell,SDP,P,SP,27.0,16.0,-0.5,19.0,,,,,,,73.0,11.0,0.0,5.42,71.0,6.11,1.753,38.0,552800.0,2.285,False
2018,molinya01,Yadier Molina,STL,H,C,35.0,123.0,1.4,503.0,20.0,4.0,0.261,0.314,0.436,103.0,,,,,,,,,20000000.0,13.715,False
2018,moncayo01,Yoán Moncada,CHW,H,2B,23.0,149.0,1.3,650.0,17.0,12.0,0.235,0.315,0.4,96.0,,,,,,,,,555000.0,0.616,False
2018,montafr02,Frankie Montas,ATH,P,SP,25.0,13.0,0.3,5.0,,,,,,,65.0,11.0,0.0,3.88,107.0,3.9,1.462,43.0,545000,1.616,True
2018,montgmi01,Mike Montgomery,CHC,P,SP,28.0,38.0,0.7,35.0,,,,,,,124.0,19.0,0.0,3.99,104.0,3.93,1.371,86.0,611250.0,2.517,False
2018,moorema02,Matt Moore,TEX,P,RP,29.0,39.0,-1.0,,,,,,,,102.0,12.0,0.0,6.79,70.0,5.25,1.657,86.0,9000000.0,6.0,False
2018,moralke01,Kendrys Morales,TOR,H,DH,35.0,130.0,0.8,471.0,21.0,2.0,0.249,0.331,0.438,111.0,1.0,0,0.0,0.0,,6.16,1.0,0.0,11000000.0,9.988,False
2018,moranco01,Colin Moran,PIT,H,3B,25.0,144.0,1.0,465.0,11.0,0.0,0.277,0.34,0.407,105.0,,,,,,,,,550000.0,0.622,False
2018,morelmi01,Mitch Moreland,BOS,H,1B,32.0,124.0,1.9,459.0,15.0,2.0,0.245,0.325,0.433,102.0,,,,,,,,,6500000.0,7.39,False
2018,moronre01,Reyes Moronta,SFG,P,RP,25.0,69.0,1.7,1.0,,,,,,,65.0,0,1.0,2.49,153.0,3.24,1.092,79.0,545500.0,0.163,False
2018,morrilo01,Logan Morrison,MIN,H,1B,30.0,95.0,-0.2,359.0,15.0,1.0,0.186,0.276,0.368,74.0,,,,,,,,,5500000.0,7.401,False
2018,mortoch02,Charlie Morton,HOU,P,SP,34.0,30.0,3.4,6.0,,,,,,,167.0,30.0,0.0,3.13,133.0,3.59,1.162,201.0,7000000.0,9.058,False
2018,moustmi01,Mike Moustakas,2TM,H,3B,29.0,152.0,2.2,635.0,28.0,4.0,0.251,0.315,0.459,107.0,,,,,,,,,5500000.0,6.645,False
2018,muncyma01,Max Muncy,LAD,H,1B,27.0,137.0,4.3,481.0,35.0,3.0,0.263,0.391,0.582,161.0,,,,,,,,,545000,1.157,True
2018,munozya01,Yairo Muñoz,STL,H,SS,23.0,108.0,0.4,329.0,8.0,5.0,0.276,0.35,0.413,109.0,,,,,,,,,545000.0,0.0,False
2018,murphda08,Daniel Murphy,2TM,H,2B,33.0,91.0,0,351.0,12.0,3.0,0.299,0.336,0.454,107.0,,,,,,,,,17500000.0,8.634,False
2018,musgrjo01,Joe Musgrove,PIT,P,SP,25.0,19.0,1.3,35.0,,,,,,,115.33,19.0,0.0,4.06,97.0,3.58,1.179,100.0,571000.0,1.366,False
2018,myerswi01,Wil Myers,SDP,H,3B,27.0,83.0,2.1,343.0,11.0,13.0,0.253,0.318,0.446,110.0,,,,,,,,,4500000.0,4.605,False
2018,narvaom01,Omar Narváez,CHW,H,C,26.0,97.0,1.7,322.0,9.0,0.0,0.275,0.366,0.429,119.0,,,,,,,,,560000.0,1.517,False
2018,newcose01,Sean Newcomb,ATL,P,SP,25.0,31.0,1.5,53.0,,,,,,,164.0,30.0,0.0,3.9,105.0,4.14,1.329,160.0,555000.0,0.663,False
2018,nimmobr01,Brandon Nimmo,NYM,H,RF,25.0,140.0,4.6,535.0,17.0,9.0,0.263,0.404,0.483,148.0,,,,,,,,,555968.0,1.244,False
2018,nolaaa01,Aaron Nola,PHI,P,SP,25.0,33.0,9.2,70.0,,,,,,,212.33,33.0,0.0,2.37,173.0,3.01,0.975,224.0,573000.0,2.442,False
2018,norribu01,Bud Norris,STL,P,RP,33.0,64.0,0.3,,,,,,,,57.67,0,28.0,3.59,109.0,3.99,1.249,67.0,3000000.0,8.395,False
2018,novaiv01,Iván Nova,PIT,P,SP,31.0,29.0,0.4,56.0,,,,,,,161.0,29.0,0.0,4.19,93.0,4.57,1.28,114.0,9167000.0,7.14,False
2018,nunezed02,Eduardo Núñez,BOS,H,2B,31.0,127.0,-0.8,502.0,10.0,7.0,0.265,0.289,0.388,81.0,,,,,,,,,4000000.0,6.523,False
2018,obergsc01,Scott Oberg,COL,P,RP,28.0,56.0,2.2,,,,,,,,58.67,0,0.0,2.45,193.0,2.87,0.972,57.0,555000.0,2.465,False
2018,odorija01,Jake Odorizzi,MIN,P,SP,28.0,32.0,1.2,8.0,,,,,,,164.33,32.0,0.0,4.49,95.0,4.19,1.345,162.0,6300000.0,4.244,False
2018,odorro01,Rougned Odor,TEX,H,2B,24.0,129.0,2.6,535.0,18.0,12.0,0.253,0.326,0.424,96.0,,,,,,,,,3333334.0,3.703,False
2018,ohse01,Seunghwan Oh,2TM,P,RP,35.0,73.0,2.3,,,,,,,,68.33,0,3.0,2.63,168.0,3.29,1.01,79.0,1750000.0,2.0,False
2018,ohtansh01,Shohei Ohtani,LAA,H,DH,23.0,104.0,4.0,367.0,22.0,10.0,0.285,0.361,0.564,151.0,51.67,10.0,0.0,3.31,127.0,3.57,1.161,63.0,545000.0,0.0,False
2018,olsonma02,Matt Olson,ATH,H,1B,24.0,162.0,4.0,660.0,29.0,2.0,0.247,0.335,0.453,117.0,,,,,,,,,547500.0,0.599,False
2018,oswalco01,Corey Oswalt,NYM,P,SP,24.0,17.0,-0.7,19.0,,,,,,,64.67,12.0,0.0,5.85,64.0,5.7,1.376,45.0,545000,,True
2018,oteroda01,Dan Otero,CLE,P,RP,33.0,61.0,-0.3,,,,,,,,58.67,0,1.0,5.22,83.0,4.76,1.261,43.0,1100000.0,4.721,False
2018,ottavad01,Adam Ottavino,COL,P,RP,32.0,75.0,2.5,,,,,,,,77.67,0,6.0,2.43,195.0,2.74,0.991,112.0,7000000.0,6.506,False
2018,owingch01,Chris Owings,ARI,H,RF,26.0,106.0,-0.5,309.0,4.0,11.0,0.206,0.272,0.302,53.0,,,,,,,,,3400000.0,4.157,False
2018,ozunama01,Marcell Ozuna,STL,H,LF,27.0,148.0,2.4,628.0,23.0,3.0,0.28,0.325,0.433,106.0,,,,,,,,,9000000.0,4.721,False
2018,paganem01,Emilio Pagán,ATH,P,RP,27.0,55.0,0.4,,,,,,,,62.0,0,0.0,4.35,96.0,4.92,1.194,63.0,547500.0,0.57,False
2018,palkada01,Daniel Palka,CHW,H,DH,26.0,124.0,0.6,449.0,27.0,2.0,0.24,0.294,0.484,110.0,,,,,,,,,545000,0.0,True
2018,panikjo01,Joe Panik,SFG,H,2B,27.0,102.0,-0.2,392.0,4.0,4.0,0.254,0.307,0.332,79.0,,,,,,,,,3450000.0,3.581,False
2018,parkebl01,Blake Parker,LAA,P,RP,33.0,67.0,1.3,,,,,,,,66.33,0,14.0,3.26,129.0,4.4,1.236,70.0,1800000.0,3.209,False
2018,parrage01,Gerardo Parra,COL,H,LF,31.0,142.0,0.4,443.0,6.0,11.0,0.284,0.342,0.372,82.0,,,,,,,,,10000000.0,8.843,False
2018,paxtoja01,James Paxton,SEA,P,SP,29.0,28.0,3.0,,,,,,,,160.33,28.0,0.0,3.76,108.0,3.23,1.098,208.0,4900000.0,3.878,False
2018,pazosja01,James Pazos,SEA,P,RP,27.0,60.0,0.8,,,,,,,,50.0,0,0.0,2.88,142.0,3.6,1.24,45.0,545000,1.39,True
2018,peacobr01,Brad Peacock,HOU,P,RP,30.0,61.0,0.7,1.0,,,,,,,65.0,1.0,3.0,3.46,120.0,3.47,1.169,96.0,2440000.0,3.959,False
2018,pederjo01,Joc Pederson,LAD,H,LF,26.0,148.0,2.1,443.0,25.0,1.0,0.248,0.321,0.522,125.0,,,,,,,,,2600000.0,3.134,False
2018,penafe01,Félix Peña,LAA,P,SP,28.0,19.0,1.0,6.0,,,,,,,92.67,17.0,0.0,4.18,101.0,4.04,1.241,85.0,545000,0.459,True
2018,peralda01,David Peralta,ARI,H,LF,30.0,146.0,3.5,614.0,30.0,4.0,0.293,0.352,0.516,127.0,,,,,,,,,3300000.0,3.698,False
2018,peralfr01,Freddy Peralta,MIL,P,SP,22.0,16.0,0.2,27.0,,,,,,,78.33,14.0,0.0,4.25,96.0,3.72,1.136,96.0,545000,0.0,True
2018,perazjo01,José Peraza,CIN,H,SS,24.0,157.0,2.2,683.0,14.0,23.0,0.288,0.326,0.416,98.0,,,,,,,,,570000.0,1.82,False
2018,perezhe01,Hernán Pérez,MIL,H,2B,27.0,132.0,1.4,334.0,9.0,11.0,0.253,0.29,0.386,80.0,3.33,0,0.0,13.5,34.0,7.66,2.4,2.0,1975000.0,3.459,False
2018,perezma02,Martín Pérez,TEX,P,SP,27.0,22.0,-0.8,3.0,,,,,,,85.33,15.0,0.0,6.22,76.0,5.71,1.781,52.0,6000000.0,5.221,False
2018,perezsa02,Salvador Perez,KCR,H,C,28.0,129.0,2.2,544.0,27.0,1.0,0.235,0.274,0.439,91.0,,,,,,,,,8700000.0,6.291,False
2018,petityu01,Yusmeiro Petit,ATH,P,RP,33.0,74.0,1.8,,,,,,,,93.0,0,0.0,3.0,139.0,3.92,1.011,76.0,3500000.0,7.093,False
2018,phamth01,Tommy Pham,2TM,H,CF,30.0,137.0,3.3,570.0,21.0,15.0,0.275,0.367,0.464,127.0,,,,,,,,,570100.0,2.622,False
2018,pillake01,Kevin Pillar,TOR,H,CF,29.0,142.0,2.3,542.0,15.0,14.0,0.252,0.282,0.426,92.0,,,,,,,,,3250000.0,3.657,False
2018,pinama01,Manny Piña,MIL,H,C,31.0,98.0,1.0,337.0,9.0,2.0,0.252,0.307,0.395,87.0,,,,,,,,,560100.0,2.267,False
2018,pindech01,Chad Pinder,ATH,H,LF,26.0,110.0,2.0,333.0,13.0,0.0,0.258,0.332,0.436,112.0,,,,,,,,,550000.0,1.256,False
2018,pireljo01,José Pirela,SDP,H,2B,28.0,146.0,-0.7,473.0,5.0,6.0,0.249,0.3,0.345,80.0,,,,,,,,,556200.0,1.558,False
2018,piscost01,Stephen Piscotty,ATH,H,RF,27.0,151.0,3.0,605.0,27.0,2.0,0.267,0.331,0.491,124.0,,,,,,,,,1333333.0,2.436,False
2018,pivetni01,Nick Pivetta,PHI,P,SP,25.0,33.0,1.8,45.0,,,,,,,164.0,32.0,0.0,4.77,86.0,3.79,1.305,188.0,551000.0,0.75,False
2018,plutkad01,Adam Plutko,CLE,P,SP,26.0,17.0,0.2,2.0,,,,,,,76.67,12.0,1.0,5.28,82.0,6.09,1.317,60.0,545000,,True
2018,polangr01,Gregory Polanco,PIT,H,RF,26.0,130.0,2.2,535.0,23.0,12.0,0.254,0.34,0.499,128.0,,,,,,,,,4100000.0,3.599,False
2018,polanjo01,Jorge Polanco,MIN,H,SS,24.0,77.0,0.9,333.0,6.0,7.0,0.288,0.345,0.427,110.0,,,,,,,,,575000.0,1.61,False
2018,polloaj01,AJ Pollock,ARI,H,CF,30.0,113.0,2.2,460.0,21.0,13.0,0.257,0.316,0.484,108.0,,,,,,,,,7750000.0,5.302,False
2018,pomerdr01,Drew Pomeranz,BOS,P,RP,29.0,26.0,-0.7,,,,,,,,74.0,11.0,0.0,6.08,73.0,5.43,1.77,66.0,8500000.0,5.076,False
2018,porceri01,Rick Porcello,BOS,P,SP,29.0,33.0,2.7,7.0,,,,,,,191.33,33.0,0.0,4.28,103.0,4.01,1.176,190.0,21125000.0,8.988,False
2018,poseybu01,Buster Posey,SFG,H,C,31.0,105.0,3.0,448.0,5.0,3.0,0.284,0.359,0.382,108.0,,,,,,,,,22177778.0,7.936,False
2018,pressry01,Ryan Pressly,2TM,P,RP,29.0,77.0,2.1,,,,,,,,71.0,0,2.0,2.54,168.0,2.47,1.113,101.0,1600000.0,4.227,False
2018,priceda01,David Price,BOS,P,SP,32.0,30.0,3.7,,,,,,,,176.0,30.0,0.0,3.58,123.0,4.02,1.142,177.0,30000000.0,8.953,False
2018,profaju01,Jurickson Profar,TEX,H,SS,25.0,146.0,1.5,594.0,20.0,10.0,0.254,0.335,0.458,107.0,,,,,,,,,1050000.0,3.959,False
2018,pruitau01,Austin Pruitt,TBR,P,RP,28.0,23.0,-0.3,,,,,,,,69.67,0,4.0,4.65,89.0,3.99,1.263,42.0,545000,,True
2018,puigya01,Yasiel Puig,LAD,H,RF,27.0,125.0,2.4,444.0,23.0,15.0,0.267,0.327,0.494,120.0,,,,,,,,,9214000.0,4.593,False
2018,pujolal01,Albert Pujols,LAA,H,1B,38.0,117.0,0.2,498.0,19.0,1.0,0.245,0.289,0.411,91.0,,,,,,,,,27000000.0,17.0,False
2018,quintjo01,Jose Quintana,CHC,P,SP,29.0,32.0,1.0,58.0,,,,,,,174.33,32.0,0.0,4.03,103.0,4.43,1.319,158.0,8850000.0,5.773,False
2018,ramirjo01,José Ramírez,CLE,H,3B,25.0,157.0,7.6,698.0,39.0,34.0,0.27,0.387,0.552,151.0,,,,,,,,,2828600.0,3.43,False
2018,ramirno01,Noé Ramirez,LAA,P,RP,28.0,69.0,0.3,,,,,,,,83.33,1.0,1.0,4.54,93.0,4.52,1.26,95.0,548500.0,0.808,False
2018,ramirye01,Yefry Ramírez,BAL,P,SP,24.0,17.0,0.1,2.0,,,,,,,65.33,12.0,0.0,5.92,72.0,5.29,1.531,62.0,545000,,True
2018,ramoswi01,Wilson Ramos,2TM,H,C,30.0,111.0,2.5,416.0,15.0,0.0,0.306,0.358,0.487,130.0,,,,,,,,,8500000.0,7.273,False
2018,rayro02,Robbie Ray,ARI,P,SP,26.0,24.0,1.0,44.0,,,,,,,123.67,24.0,0.0,3.93,107.0,4.31,1.35,165.0,3950000.0,3.041,False
2018,realmjt01,J.T. Realmuto,MIA,H,C,27.0,125.0,4.4,531.0,21.0,3.0,0.277,0.34,0.484,126.0,,,,,,,,,2900000.0,3.221,False
2018,reddijo01,Josh Reddick,HOU,H,RF,31.0,134.0,1.8,487.0,17.0,7.0,0.242,0.318,0.4,97.0,,,,,,,,,13000000.0,7.291,False
2018,reedad01,Addison Reed,MIN,P,RP,29.0,55.0,0,,,,,,,,56.0,0,0.0,4.5,95.0,5.11,1.429,44.0,8250000.0,6.006,False
2018,rendoan01,Anthony Rendon,WSN,H,3B,28.0,136.0,5.2,597.0,24.0,2.0,0.308,0.374,0.535,137.0,,,,,,,,,12300000.0,4.756,False
2018,renfrhu01,Hunter Renfroe,SDP,H,LF,26.0,117.0,2.4,441.0,26.0,2.0,0.248,0.302,0.504,120.0,,,,,,,,,,1.07,False
2018,richacl01,Clayton Richard,SDP,P,SP,34.0,27.0,-0.8,51.0,,,,,,,158.67,27.0,0.0,5.33,72.0,4.68,1.38,108.0,3000000.0,7.948,False
2018,richaga01,Garrett Richards,LAA,P,SP,30.0,16.0,0.3,,,,,,,,76.33,16.0,0.0,3.66,115.0,4.13,1.284,87.0,7300000.0,5.86,False
2018,richatr01,Trevor Richards,MIA,P,SP,25.0,25.0,0.8,36.0,,,,,,,126.33,25.0,0.0,4.42,87.0,4.05,1.385,130.0,545000,0.0,True
2018,riddljt01,JT Riddle,MIA,H,SS,26.0,102.0,1.7,332.0,9.0,0.0,0.231,0.277,0.377,80.0,,,,,,,,,545000.0,0.919,False
2018,riverfe01,Felipe Vázquez,PIT,P,RP,26.0,70.0,1.5,1.0,,,,,,,70.0,0,37.0,2.7,146.0,2.43,1.243,89.0,3000000.0,2.942,False
2018,rizzoan01,Anthony Rizzo,CHC,H,1B,28.0,153.0,3.1,665.0,25.0,6.0,0.283,0.376,0.47,124.0,0.33,0,0.0,0.0,,3.16,0.0,0.0,7285714.0,5.977,False
2018,roarkta01,Tanner Roark,WSN,P,SP,31.0,31.0,2.7,65.0,,,,,,,180.33,30.0,0.0,4.34,98.0,4.27,1.281,146.0,6475000.0,4.32,False
2018,roberda08,David Robertson,NYY,P,RP,33.0,69.0,0.7,,,,,,,,69.67,0,5.0,3.23,130.0,2.97,1.033,91.0,13000000.0,9.407,False
2018,roberda10,Daniel Robertson,TBR,H,2B,24.0,87.0,2.8,340.0,9.0,2.0,0.262,0.382,0.415,122.0,1.0,0,0.0,0.0,,3.16,0.0,0.0,545000,0.907,True
2018,robleha01,Hansel Robles,2TM,P,RP,27.0,53.0,0.4,1.0,,,,,,,56.0,0,2.0,3.7,110.0,4.59,1.393,59.0,900000.0,2.75,False
2018,rodnefe01,Fernando Rodney,2TM,P,RP,41.0,68.0,0.9,,,,,,,,64.33,0,25.0,3.36,127.0,4.03,1.461,70.0,4250000.0,14.797,False
2018,rodonca01,Carlos Rodón,CHW,P,SP,25.0,20.0,2.0,,,,,,,,120.67,20.0,0.0,4.18,102.0,4.95,1.26,90.0,2300000.0,2.977,False
2018,rodride01,Dereck Rodríguez,SFG,P,SP,26.0,21.0,2.6,39.0,,,,,,,118.33,19.0,0.0,2.81,135.0,3.73,1.132,89.0,545000,0.0,True
2018,rodried05,Eduardo Rodríguez,BOS,P,SP,25.0,27.0,2.6,2.0,,,,,,,129.67,23.0,0.0,3.82,116.0,3.65,1.265,146.0,2375000.0,2.756,False
2018,rodrije01,Jefry Rodríguez,WSN,P,SP,24.0,14.0,-0.4,18.0,,,,,,,52.0,8.0,0.0,5.71,75.0,5.97,1.538,39.0,,,False
2018,rodriri05,Richard Rodríguez,PIT,P,RP,28.0,63.0,1.7,2.0,,,,,,,69.33,0,0.0,2.47,159.0,2.6,1.067,88.0,545000,0.093,True
2018,roech01,Chaz Roe,TBR,P,RP,31.0,61.0,0.6,,,,,,,,50.33,0,1.0,3.58,115.0,4.03,1.013,53.0,545000,2.791,True
2018,rogerta01,Taylor Rogers,MIN,P,RP,27.0,72.0,2.0,,,,,,,,68.33,0,2.0,2.63,163.0,2.33,0.951,75.0,565000.0,1.843,False
2018,rojasmi02,Miguel Rojas,MIA,H,SS,29.0,153.0,1.2,528.0,11.0,6.0,0.252,0.297,0.346,79.0,,,,,,,,,1180000.0,3.25,False
2018,romansa01,Sal Romano,CIN,P,SP,24.0,39.0,-0.5,40.0,,,,,,,145.67,25.0,0.0,5.31,78.0,4.94,1.428,105.0,545000.0,0.471,False
2018,romerfe01,Fernando Romero,MIN,P,SP,23.0,11.0,0.3,3.0,,,,,,,55.67,11.0,0.0,4.69,92.0,4.35,1.419,45.0,,,False
2018,romose01,Sergio Romo,TBR,P,RP,35.0,73.0,0.2,1.0,,,,,,,67.33,5.0,25.0,4.14,99.0,4.04,1.262,75.0,2500000.0,9.564,False
2018,rondohe01,Héctor Rondón,HOU,P,RP,30.0,63.0,0.8,,,,,,,,59.0,0,15.0,3.2,130.0,2.79,1.322,67.0,4000000.0,5.0,False
2018,rosajo01,Jorge De La Rosa,2TM,P,RP,37.0,59.0,0.2,2.0,,,,,,,56.0,0,1.0,3.38,125.0,4.37,1.393,47.0,2250000.0,13.087,False
2018,rosaram01,Amed Rosario,NYM,H,SS,22.0,154.0,1.1,592.0,9.0,24.0,0.256,0.295,0.381,88.0,,,,,,,,,548940.0,0.36,False
2018,rosared01,Eddie Rosario,MIN,H,LF,26.0,138.0,4.3,592.0,24.0,8.0,0.288,0.323,0.479,116.0,,,,,,,,,602500.0,2.698,False
2018,rossty01,Tyson Ross,2TM,P,SP,31.0,31.0,1.5,46.0,,,,,,,149.67,23.0,0.0,4.15,93.0,4.39,1.296,122.0,1750000.0,6.686,False
2018,rusinch01,Chris Rusin,COL,P,RP,31.0,49.0,-0.8,5.0,,,,,,,54.67,0,0.0,6.09,78.0,4.64,1.5,47.0,1287500.0,3.535,False
2018,russead02,Addison Russell,CHC,H,SS,24.0,130.0,2.3,465.0,5.0,4.0,0.25,0.317,0.34,76.0,,,,,,,,,3200000.0,2.971,False
2018,ryuhy01,Hyun Jin Ryu,LAD,P,SP,31.0,15.0,2.5,30.0,,,,,,,82.33,15.0,0.0,1.97,198.0,3.0,1.008,89.0,7833000.0,5.0,False
2018,sabatc.01,CC Sabathia,NYY,P,SP,37.0,29.0,1.8,,,,,,,,153.0,29.0,0.0,3.65,115.0,4.16,1.314,140.0,10000000.0,17.0,False
2018,salech01,Chris Sale,BOS,P,SP,29.0,27.0,6.5,2.0,,,,,,,158.0,27.0,0.0,2.11,209.0,1.98,0.861,237.0,12500000.0,7.355,False
2018,sanchaa01,Aaron Sanchez,TOR,P,SP,25.0,20.0,0.7,1.0,,,,,,,105.0,20.0,0.0,4.89,87.0,4.74,1.562,86.0,2700000.0,3.401,False
2018,sanchan01,Aníbal Sánchez,ATL,P,SP,34.0,25.0,2.9,44.0,,,,,,,136.67,24.0,0.0,2.83,144.0,3.62,1.083,135.0,1000000.0,11.483,False
2018,sanchca01,Yolmer Sánchez,CHW,H,3B,26.0,155.0,2.3,662.0,8.0,14.0,0.242,0.306,0.372,87.0,,,,,,,,,2350000.0,2.779,False
2018,sanchga02,Gary Sánchez,NYY,H,C,25.0,89.0,1.2,374.0,18.0,1.0,0.186,0.291,0.406,89.0,,,,,,,,,620400.0,1.5,False
2018,santaca01,Carlos Santana,PHI,H,1B,32.0,161.0,2.2,679.0,24.0,2.0,0.229,0.352,0.414,105.0,,,,,,,,,18333333.0,7.669,False
2018,santaed01,Edgar Santana,PIT,P,RP,26.0,69.0,1.1,,,,,,,,66.33,0,0.0,3.26,121.0,3.58,1.101,54.0,556500.0,0.279,False
2018,santihe01,Héctor Santiago,CHW,P,RP,30.0,49.0,0.5,4.0,,,,,,,102.0,7.0,2.0,4.41,96.0,5.09,1.578,103.0,2000000.0,6.093,False
2018,schebsc01,Scott Schebler,CIN,H,RF,27.0,107.0,0.9,430.0,17.0,4.0,0.255,0.337,0.439,107.0,,,,,,,,,580000.0,1.767,False
2018,scherma01,Max Scherzer,WSN,P,SP,33.0,33.0,8.7,78.0,,,,,,,220.67,33.0,0.0,2.53,168.0,2.65,0.911,300.0,22143000.0,9.459,False
2018,schoojo01,Jonathan Schoop,2TM,H,2B,26.0,131.0,2.1,501.0,21.0,1.0,0.233,0.266,0.416,84.0,,,,,,,,,8500000.0,4.157,False
2018,schwaky01,Kyle Schwarber,CHC,H,LF,25.0,137.0,2.1,510.0,26.0,4.0,0.238,0.356,0.467,117.0,,,,,,,,,604500.0,2.483,False
2018,scottta01,Tanner Scott,BAL,P,RP,23.0,53.0,-0.1,,,,,,,,53.33,0,0.0,5.4,80.0,3.4,1.556,76.0,545000,0.0,True
2018,seageky01,Kyle Seager,SEA,H,3B,30.0,155.0,1.3,630.0,22.0,2.0,0.221,0.273,0.4,86.0,,,,,,,,,19000000.0,6.494,False
2018,segurje01,Jean Segura,SEA,H,SS,28.0,144.0,3.5,632.0,10.0,20.0,0.304,0.341,0.415,112.0,,,,,,,,,9600000.0,5.378,False
2018,semiema01,Marcus Semien,ATH,H,SS,27.0,159.0,4.2,703.0,15.0,14.0,0.255,0.318,0.388,95.0,,,,,,,,,3125000.0,3.686,False
2018,senzaan01,Antonio Senzatela,COL,P,SP,23.0,23.0,1.1,29.0,,,,,,,90.33,13.0,0.0,4.38,108.0,4.17,1.373,69.0,550000.0,1.0,False
2018,severlu01,Luis Severino,NYY,P,SP,24.0,32.0,3.9,5.0,,,,,,,191.33,32.0,0.0,3.39,124.0,2.95,1.145,220.0,604975.0,1.988,False
2018,sewalpa01,Paul Sewald,NYM,P,RP,28.0,46.0,-1.1,6.0,,,,,,,56.33,0,2.0,6.07,62.0,4.23,1.509,58.0,553250.0,0.93,False
2018,shawbr01,Bryan Shaw,COL,P,RP,30.0,61.0,-1.2,,,,,,,,54.67,0,0.0,5.93,80.0,4.92,1.793,54.0,7500000.0,6.471,False
2018,shawtr01,Travis Shaw,MIL,H,3B,28.0,152.0,4.5,587.0,32.0,5.0,0.241,0.345,0.48,119.0,,,,,,,,,567400.0,2.512,False
2018,shielja02,James Shields,CHW,P,SP,36.0,34.0,1.3,7.0,,,,,,,204.67,33.0,0.0,4.53,93.0,5.09,1.309,154.0,21000000.0,11.727,False
2018,shrevch01,Chasen Shreve,2TM,P,RP,27.0,60.0,0.1,1.0,,,,,,,52.67,0,1.0,3.93,106.0,5.12,1.519,62.0,825000.0,2.971,False
2018,simmoan01,Andrelton Simmons,LAA,H,SS,28.0,146.0,5.5,600.0,11.0,10.0,0.292,0.337,0.417,108.0,,,,,,,,,11000000.0,5.727,False
2018,skaggty01,Tyler Skaggs,LAA,P,SP,26.0,24.0,1.8,,,,,,,,125.33,24.0,0.0,4.02,104.0,3.63,1.332,129.0,1875000.0,3.785,False
2018,skogler01,Eric Skoglund,KCR,P,SP,25.0,14.0,0.3,3.0,,,,,,,70.0,13.0,0.0,5.14,84.0,5.06,1.214,49.0,545000,0.395,True
2018,smithbu03,Burch Smith,KCR,P,RP,28.0,38.0,-1.0,,,,,,,,78.0,6.0,0.0,6.92,63.0,5.38,1.667,77.0,554250.0,1.297,False
2018,smithca03,Caleb Smith,MIA,P,SP,26.0,16.0,0.7,26.0,,,,,,,77.33,16.0,0.0,4.19,92.0,3.96,1.241,88.0,1090000.0,0.36,False
2018,smithma05,Mallex Smith,TBR,H,CF,25.0,141.0,3.5,544.0,2.0,40.0,0.296,0.367,0.406,115.0,,,,,,,,,545000,2.0,True
2018,smithwi04,Will Smith,SFG,P,RP,28.0,54.0,1.1,,,,,,,,53.0,0,14.0,2.55,150.0,2.07,0.981,71.0,2500000.0,4.901,False
2018,smoakju01,Justin Smoak,TOR,H,1B,31.0,147.0,2.5,594.0,25.0,0.0,0.242,0.35,0.457,122.0,,,,,,,,,4125000.0,7.448,False
2018,snellbl01,Blake Snell,TBR,P,SP,25.0,31.0,7.2,3.0,,,,,,,180.67,31.0,0.0,1.89,217.0,2.94,0.974,221.0,558200.0,1.419,False
2018,solarya01,Yangervis Solarte,TOR,H,3B,30.0,122.0,-0.4,506.0,17.0,1.0,0.226,0.277,0.378,79.0,,,,,,,,,4125000.0,4.0,False
2018,soriajo01,Joakim Soria,2TM,P,RP,34.0,66.0,0.8,,,,,,,,60.67,0,16.0,3.12,135.0,2.43,1.137,75.0,9000000.0,11.0,False
2018,sotoju01,Juan Soto,WSN,H,LF,19.0,116.0,3.0,494.0,22.0,5.0,0.292,0.406,0.517,142.0,,,,,,,,,,0.0,False
2018,spande01,Denard Span,2TM,H,LF,34.0,137.0,2.1,501.0,11.0,9.0,0.261,0.341,0.419,112.0,,,,,,,,,11000000.0,9.645,False
2018,spangco01,Cory Spangenberg,SDP,H,2B,27.0,116.0,0.6,329.0,7.0,6.0,0.235,0.298,0.362,84.0,2.0,0,0.0,13.5,34.0,7.66,3.5,0.0,1700000.0,3.093,False
2018,springe01,George Springer,HOU,H,CF,28.0,140.0,2.8,620.0,22.0,6.0,0.265,0.346,0.434,114.0,,,,,,,,,12000000.0,3.965,False
2018,stammcr01,Craig Stammen,SDP,P,RP,34.0,73.0,1.8,,,,,,,,79.0,0,0.0,2.73,141.0,2.19,1.038,88.0,2250000.0,6.93,False
2018,stanery01,Ryne Stanek,TBR,P,RP,26.0,59.0,1.2,,,,,,,,66.33,29.0,0.0,2.98,138.0,3.55,1.085,81.0,545000,0.221,True
2018,stantmi03,Giancarlo Stanton,NYY,H,DH,28.0,158.0,4.4,705.0,38.0,5.0,0.266,0.343,0.509,130.0,,,,,,,,,25000000.0,7.686,False
2018,steckdr01,Drew Steckenrider,MIA,P,RP,27.0,71.0,0.4,,,,,,,,64.67,0,5.0,3.9,99.0,3.62,1.268,74.0,1090000.0,0.547,False
2018,storytr01,Trevor Story,COL,H,SS,25.0,157.0,6.3,656.0,37.0,27.0,0.291,0.348,0.567,127.0,,,,,,,,,555000.0,2.0,False
2018,strahma01,Matt Strahm,SDP,P,RP,26.0,41.0,1.5,8.0,,,,,,,61.33,5.0,0.0,2.05,188.0,3.36,0.978,69.0,552700.0,1.372,False
2018,straida01,Dan Straily,MIA,P,SP,29.0,23.0,1.2,43.0,,,,,,,122.33,23.0,0.0,4.12,93.0,5.11,1.3,99.0,3375000.0,3.733,False
2018,strasst01,Stephen Strasburg,WSN,P,SP,29.0,22.0,2.3,51.0,,,,,,,130.0,22.0,0.0,3.74,114.0,3.62,1.2,156.0,18333333.0,7.686,False
2018,stratch01,Chris Stratton,SFG,P,SP,27.0,28.0,-0.5,50.0,,,,,,,145.0,26.0,0.0,5.09,75.0,4.48,1.428,112.0,552500.0,0.698,False
2018,stripro01,Ross Stripling,LAD,P,SP,28.0,33.0,2.4,37.0,,,,,,,122.0,21.0,0.0,3.02,128.0,3.41,1.189,136.0,555000.0,1.651,False
2018,stromma01,Marcus Stroman,TOR,P,SP,27.0,19.0,0,3.0,,,,,,,102.33,19.0,0.0,5.54,77.0,3.91,1.476,77.0,6500000.0,3.86,False
2018,stroppe01,Pedro Strop,CHC,P,RP,33.0,60.0,1.7,2.0,,,,,,,59.67,0,13.0,2.26,185.0,3.43,0.989,57.0,5850000.0,6.907,False
2018,suarean01,Andrew Suárez,SFG,P,SP,25.0,29.0,0.7,51.0,,,,,,,160.33,29.0,0.0,4.49,85.0,4.3,1.297,130.0,545000,,True
2018,suareeu01,Eugenio Suárez,CIN,H,3B,26.0,143.0,3.8,606.0,34.0,1.0,0.283,0.366,0.526,136.0,,,,,,,,,2535714.0,3.355,False
2018,suterbr01,Brent Suter,MIL,P,SP,28.0,20.0,0.5,32.0,,,,,,,101.33,18.0,0.0,4.44,92.0,4.49,1.194,84.0,556500.0,0.936,False
2018,suzukku01,Kurt Suzuki,ATL,H,C,34.0,105.0,2.0,388.0,12.0,0.0,0.271,0.332,0.444,107.0,,,,,,,,,3500000.0,10.657,False
2018,swansda01,Dansby Swanson,ATL,H,SS,24.0,136.0,2.2,533.0,14.0,10.0,0.238,0.304,0.395,87.0,,,,,,,,,565000.0,1.262,False
2018,syndeno01,Noah Syndergaard,NYM,P,SP,25.0,25.0,3.7,52.0,,,,,,,154.33,25.0,0.0,3.03,123.0,2.8,1.212,155.0,2975000.0,2.866,False
2018,taillja01,Jameson Taillon,PIT,P,SP,26.0,32.0,4.4,63.0,,,,,,,191.0,32.0,0.0,3.2,122.0,3.46,1.178,179.0,545000,1.64,True
2018,tanakma01,Masahiro Tanaka,NYY,P,SP,29.0,27.0,2.3,6.0,,,,,,,156.0,27.0,0.0,3.75,112.0,4.01,1.128,159.0,22000000.0,4.0,False
2018,tayloch03,Chris Taylor,LAD,H,SS,27.0,155.0,4.2,604.0,17.0,9.0,0.254,0.331,0.444,110.0,,,,,,,,,575000.0,2.18,False
2018,taylomi02,Michael A. Taylor,WSN,H,CF,27.0,134.0,1.4,385.0,6.0,24.0,0.227,0.287,0.357,69.0,,,,,,,,,2525000.0,3.058,False
2018,teherju01,Julio Teheran,ATL,P,SP,27.0,31.0,2.3,54.0,,,,,,,175.67,31.0,0.0,3.94,103.0,4.83,1.173,162.0,8166667.0,5.36,False
2018,teperry01,Ryan Tepera,TOR,P,RP,30.0,68.0,1.2,,,,,,,,64.67,0,7.0,3.62,117.0,4.17,1.222,68.0,574700.0,2.047,False
2018,tomlijo01,Josh Tomlin,CLE,P,RP,33.0,32.0,-0.8,,,,,,,,70.33,9.0,0.0,6.14,71.0,7.16,1.479,46.0,3000000.0,7.192,False
2018,torregl01,Gleyber Torres,NYY,H,2B,21.0,123.0,3.4,484.0,24.0,6.0,0.271,0.34,0.48,122.0,,,,,,,,,545000.0,0.0,False
2018,travide01,Devon Travis,TOR,H,2B,27.0,103.0,0.7,378.0,11.0,3.0,0.232,0.275,0.381,79.0,,,,,,,,,1450000.0,3.0,False
2018,treinbl01,Blake Treinen,ATH,P,RP,30.0,68.0,4.4,,,,,,,,80.33,0,38.0,0.78,531.0,1.82,0.834,100.0,2150000.0,3.378,False
2018,trivilo01,Lou Trivino,ATH,P,RP,26.0,69.0,1.7,,,,,,,,74.0,1.0,4.0,2.92,143.0,3.69,1.135,82.0,545000,0.0,True
2018,tropeni01,Nick Tropeano,LAA,P,SP,27.0,14.0,0.3,,,,,,,,76.0,14.0,0.0,4.74,89.0,5.52,1.303,64.0,545000,2.395,True
2018,troutmi01,Mike Trout,LAA,H,CF,26.0,140.0,9.9,608.0,39.0,24.0,0.312,0.46,0.628,198.0,,,,,,,,,34083000.0,6.407,False
2018,trumbma01,Mark Trumbo,BAL,H,DH,32.0,90.0,0.5,358.0,17.0,0.0,0.261,0.313,0.452,108.0,,,,,,,,,12500000.0,7.157,False
2018,turneju01,Justin Turner,LAD,H,3B,33.0,103.0,4.9,426.0,14.0,2.0,0.312,0.406,0.518,151.0,,,,,,,,,12000000.0,7.262,False
2018,turnetr01,Trea Turner,WSN,H,SS,25.0,162.0,4.9,740.0,19.0,43.0,0.271,0.344,0.416,100.0,,,,,,,,,577200.0,1.785,False
2018,uptonju01,Justin Upton,LAA,H,LF,30.0,145.0,3.7,613.0,30.0,8.0,0.257,0.344,0.463,121.0,,,,,,,,,16000000.0,10.349,False
2018,urenajo01,José Ureña,MIA,P,SP,26.0,31.0,1.9,52.0,,,,,,,174.0,31.0,0.0,3.98,96.0,4.17,1.184,130.0,545000,2.233,True
2018,vargaja01,Jason Vargas,NYM,P,SP,35.0,20.0,-0.5,31.0,,,,,,,92.0,20.0,0.0,5.77,65.0,5.02,1.413,84.0,6000000.0,10.663,False
2018,velasvi01,Vince Velasquez,PHI,P,SP,26.0,31.0,1.5,45.0,,,,,,,146.67,30.0,0.0,4.85,85.0,3.75,1.343,161.0,559000.0,2.5,False
2018,velazhe01,Hector Velázquez,BOS,P,RP,29.0,47.0,1.3,1.0,,,,,,,85.0,8.0,0.0,3.18,139.0,4.15,1.447,53.0,547000.0,0.279,False
2018,verhadr01,Drew VerHagen,DET,P,RP,27.0,41.0,0.6,1.0,,,,,,,56.33,1.0,0.0,4.63,97.0,3.83,1.154,53.0,551400.0,1.866,False
2018,verlaju01,Justin Verlander,HOU,P,SP,35.0,34.0,6.3,5.0,,,,,,,214.0,34.0,0.0,2.52,164.0,2.78,0.902,290.0,28000000.0,12.012,False
2018,villach01,Christian Villanueva,SDP,H,3B,27.0,110.0,1.6,384.0,20.0,3.0,0.236,0.299,0.45,106.0,,,,,,,,,548500.0,1.081,False
2018,villajo01,Jonathan Villar,2TM,H,2B,27.0,141.0,3.1,515.0,14.0,35.0,0.26,0.325,0.384,93.0,,,,,,,,,2550000.0,3.657,False
2018,vinceni01,Nick Vincent,SEA,P,RP,31.0,62.0,0.3,,,,,,,,56.33,1.0,0.0,3.99,102.0,3.75,1.154,56.0,2750000.0,4.39,False
2018,vottojo01,Joey Votto,CIN,H,1B,34.0,145.0,3.5,623.0,12.0,2.0,0.284,0.417,0.419,126.0,,,,,,,,,25000000.0,10.157,False
2018,wachami01,Michael Wacha,STL,P,SP,26.0,15.0,1.1,32.0,,,,,,,84.33,15.0,0.0,3.2,121.0,4.22,1.233,71.0,5300000.0,4.36,False
2018,walkene01,Neil Walker,NYY,H,1B,32.0,113.0,-0.3,398.0,11.0,0.0,0.219,0.309,0.354,82.0,,,,,,,,,4000000.0,7.965,False
2018,warread01,Adam Warren,2TM,P,RP,30.0,47.0,0.9,,,,,,,,51.67,0,0.0,3.14,134.0,3.93,1.316,52.0,3315000.0,5.209,False
2018,watsoto01,Tony Watson,SFG,P,RP,33.0,72.0,2.0,,,,,,,,66.0,0,0.0,2.59,147.0,2.45,1.03,72.0,3000000.0,6.587,False
2018,weavelu01,Luke Weaver,STL,P,SP,24.0,30.0,-0.8,46.0,,,,,,,136.33,25.0,0.0,4.95,78.0,4.45,1.496,121.0,550800.0,0.651,False
2018,wendljo01,Joey Wendle,TBR,H,2B,28.0,139.0,4.7,545.0,7.0,16.0,0.3,0.354,0.435,118.0,,,,,,,,,545000,1.192,True
2018,wheelza01,Zack Wheeler,NYM,P,SP,28.0,29.0,3.8,60.0,,,,,,,182.33,29.0,0.0,3.31,112.0,3.25,1.124,179.0,1900000.0,4.57,False
2018,willini01,Nick Williams,PHI,H,RF,24.0,140.0,-0.6,448.0,17.0,3.0,0.256,0.324,0.425,99.0,,,,,,,,,553000.0,0.547,False
2018,willita01,Taylor Williams,MIL,P,RP,26.0,56.0,-0.4,4.0,,,,,,,53.0,0,0.0,4.25,97.0,3.95,1.472,57.0,545000,0.151,True
2018,willitr01,Trevor Williams,PIT,P,SP,26.0,31.0,3.7,51.0,,,,,,,170.67,31.0,0.0,3.11,126.0,3.86,1.178,126.0,569500.0,1.157,False
2018,wilsoal01,Alex Wilson,DET,P,RP,31.0,59.0,1.4,,,,,,,,61.67,0,0.0,3.36,134.0,4.28,1.054,43.0,1925000.0,4.221,False
2018,wilsoju10,Justin Wilson,CHC,P,RP,30.0,71.0,0.6,1.0,,,,,,,54.67,0,0.0,3.46,121.0,3.64,1.427,69.0,4250000.0,5.203,False
2018,winkeje01,Jesse Winker,CIN,H,RF,24.0,89.0,0,334.0,7.0,0.0,0.299,0.405,0.431,125.0,,,,,,,,,545000.0,0.465,False
2018,winklda01,Dan Winkler,ATL,P,RP,28.0,69.0,0.3,1.0,,,,,,,60.33,0,2.0,3.43,119.0,2.76,1.193,69.0,610000.0,3.0,False
2018,wongko01,Kolten Wong,STL,H,2B,27.0,127.0,3.2,407.0,9.0,6.0,0.249,0.332,0.388,97.0,,,,,,,,,4000000.0,4.262,False
2018,woodal02,Alex Wood,LAD,P,SP,27.0,33.0,0.9,50.0,,,,,,,151.67,27.0,0.0,3.68,105.0,3.53,1.207,135.0,6000000.0,4.715,False
2018,wrighmi01,Mike Wright Jr.,BAL,P,RP,28.0,48.0,-0.2,1.0,,,,,,,84.33,2.0,0.0,5.55,77.0,4.78,1.625,74.0,553500.0,1.645,False
2018,wrighst01,Steven Wright,BOS,P,RP,33.0,20.0,1.4,,,,,,,,53.67,4.0,1.0,2.68,165.0,4.37,1.248,42.0,1100000.0,3.517,False
2018,yarbrry01,Ryan Yarbrough,TBR,P,RP,26.0,38.0,1.2,3.0,,,,,,,147.33,6.0,0.0,3.91,105.0,4.19,1.29,128.0,545000.0,0.0,False
2018,yateski01,Kirby Yates,SDP,P,RP,31.0,65.0,2.1,2.0,,,,,,,63.0,0,12.0,2.14,180.0,2.54,0.921,90.0,1062500.0,3.122,False
2018,yelicch01,Christian Yelich,MIL,H,LF,26.0,147.0,7.3,651.0,36.0,22.0,0.326,0.402,0.598,164.0,,,,,,,,,7000000.0,4.401,False
2018,zieglbr01,Brad Ziegler,2TM,P,RP,38.0,82.0,0.1,,,,,,,,73.67,0,10.0,3.91,102.0,4.31,1.303,50.0,9000000.0,9.709,False
2018,zimmejo02,Jordan Zimmermann,DET,P,SP,32.0,25.0,1.0,2.0,,,,,,,131.33,25.0,0.0,4.52,99.0,4.88,1.264,111.0,24000000.0,8.895,False
2018,zimmery01,Ryan Zimmerman,WSN,H,1B,33.0,85.0,1.6,323.0,13.0,1.0,0.264,0.337,0.486,114.0,,,,,,,,,14000000.0,12.186,False
2018,zobribe01,Ben Zobrist,CHC,H,2B,37.0,139.0,3.5,520.0,9.0,3.0,0.305,0.378,0.44,117.0,,,,,,,,,16500000.0,10.779,False
2018,zuninmi01,Mike Zunino,SEA,H,C,27.0,113.0,1.8,405.0,20.0,0.0,0.201,0.259,0.41,85.0,,,,,,,,,2975000.0,3.93,False
2019,abreujo02,José Abreu,CHW,H,1B,32.0,159.0,2.3,693.0,33.0,2.0,0.284,0.33,0.503,118.0,,,,,,,,,16000000.0,5.0,False
2019,acunaro01,Ronald Acuña Jr.,ATL,H,CF,21.0,156.0,5.2,715.0,41.0,37.0,0.28,0.365,0.518,121.0,,,,,,,,,560000.0,0.924,False
2019,adamewi01,Willy Adames,TBR,H,SS,23.0,152.0,4.0,584.0,20.0,4.0,0.254,0.317,0.418,96.0,,,,,,,,,562400.0,0.61,False
2019,adamsma01,Matt Adams,WSN,H,1B,30.0,111.0,0.6,333.0,20.0,0.0,0.226,0.276,0.465,86.0,,,,,,,,,3000000.0,6.192,False
2019,agrazda01,Dario Agrazal,PIT,P,SP,24.0,15.0,0.5,24.0,,,,,,,73.33,14.0,0.0,4.91,88.0,5.9,1.364,41.0,,,False
2019,aguilje01,Jesús Aguilar,2TM,H,1B,29.0,131.0,-0.5,369.0,12.0,0.0,0.236,0.325,0.389,87.0,,,,,,,,,637500.0,2.477,False
2019,ahmedni01,Nick Ahmed,ARI,H,SS,29.0,158.0,4.0,625.0,19.0,8.0,0.254,0.316,0.437,93.0,,,,,,,,,3663000.0,4.314,False
2019,alberha01,Hanser Alberto,BAL,H,2B,26.0,139.0,3.3,550.0,12.0,4.0,0.305,0.329,0.422,98.0,1.0,0,0.0,18.0,35.0,25.21,3.0,0.0,578000.0,2.494,False
2019,alberma01,Matt Albers,MIL,P,RP,36.0,67.0,-0.1,,,,,,,,59.67,0,4.0,5.13,87.0,4.66,1.374,57.0,2500000.0,11.82,False
2019,albieoz01,Ozzie Albies,ATL,H,2B,22.0,160.0,4.6,702.0,24.0,15.0,0.295,0.352,0.5,113.0,,,,,,,,,575000.0,1.36,False
2019,alcansa01,Sandy Alcantara,MIA,P,SP,23.0,32.0,3.1,63.0,,,,,,,197.33,32.0,0.0,3.88,110.0,4.55,1.318,151.0,555000.0,0.581,False
2019,alexaty01,Tyler Alexander,DET,P,SP,24.0,13.0,1.0,,,,,,,,53.67,8.0,0.0,4.86,98.0,4.15,1.398,47.0,555000,0.0,True
2019,alfarjo01,Jorge Alfaro,MIA,H,C,26.0,130.0,1.1,465.0,18.0,4.0,0.262,0.312,0.425,93.0,,,,,,,,,570000.0,1.483,False
2019,almoral01,Albert Almora,CHC,H,CF,25.0,130.0,-0.7,363.0,12.0,2.0,0.236,0.271,0.381,67.0,,,,,,,,,615500.0,2.424,False
2019,alonspe01,Pete Alonso,NYM,H,1B,24.0,161.0,5.4,693.0,53.0,1.0,0.26,0.358,0.583,147.0,,,,,,,,,555000.0,0.0,False
2019,alonsyo01,Yonder Alonso,2TM,H,DH,32.0,121.0,-0.9,335.0,10.0,0.0,0.199,0.296,0.346,68.0,,,,,,,,,8000000.0,7.674,False
2019,altuvjo01,Jose Altuve,HOU,H,2B,29.0,124.0,3.7,548.0,31.0,6.0,0.298,0.353,0.55,131.0,,,,,,,,,9500000.0,7.419,False
2019,alvarjo02,José Álvarez,PHI,P,RP,30.0,67.0,0.8,,,,,,,,59.0,1.0,1.0,3.36,133.0,4.21,1.424,51.0,1925000.0,4.203,False
2019,alvaryo01,Yordan Alvarez,HOU,H,DH,22.0,87.0,3.7,369.0,27.0,0.0,0.313,0.412,0.655,173.0,,,,,,,,,555000,0.0,True
2019,anderbr04,Brett Anderson,ATH,P,SP,31.0,31.0,3.1,8.0,,,,,,,176.0,31.0,0.0,3.89,111.0,4.57,1.307,90.0,1500000.0,9.785,False
2019,anderbr06,Brian Anderson,MIA,H,3B,26.0,126.0,3.2,520.0,20.0,5.0,0.261,0.342,0.468,112.0,,,,,,,,,585000.0,1.18,False
2019,anderch01,Chase Anderson,MIL,P,SP,31.0,32.0,1.9,44.0,,,,,,,139.0,27.0,0.0,4.21,106.0,4.83,1.266,124.0,6500000.0,4.849,False
2019,anderni01,Nick Anderson,2TM,P,RP,28.0,68.0,1.5,,,,,,,,65.0,0,1.0,3.32,131.0,2.35,1.077,110.0,555000.0,0.0,False
2019,andersh01,Shaun Anderson,SFG,P,SP,24.0,28.0,-0.4,28.0,,,,,,,96.0,16.0,2.0,5.44,77.0,4.77,1.552,70.0,555000,,True
2019,anderti01,Tim Anderson,CHW,H,SS,26.0,123.0,4.2,518.0,18.0,17.0,0.335,0.357,0.508,128.0,,,,,,,,,1400000.0,2.669,False
2019,andrima01,Matt Andriese,ARI,P,RP,29.0,54.0,-0.1,6.0,,,,,,,70.67,0,1.0,4.71,95.0,3.72,1.401,79.0,920000.0,3.413,False
2019,andruel01,Elvis Andrus,TEX,H,SS,30.0,147.0,1.4,648.0,12.0,31.0,0.275,0.313,0.393,78.0,,,,,,,,,15250000.0,10.0,False
2019,archech01,Chris Archer,PIT,P,SP,30.0,23.0,0.8,41.0,,,,,,,119.67,23.0,0.0,5.19,83.0,5.02,1.412,143.0,7666667.0,5.907,False
2019,arciaor01,Orlando Arcia,MIL,H,SS,24.0,152.0,-0.9,546.0,15.0,8.0,0.223,0.283,0.35,64.0,,,,,,,,,565700.0,2.273,False
2019,arenano01,Nolan Arenado,COL,H,3B,28.0,155.0,7.1,662.0,41.0,3.0,0.315,0.379,0.583,131.0,,,,,,,,,26000000.0,5.901,False
2019,armstsh01,Shawn Armstrong,2TM,P,RP,28.0,55.0,-0.1,,,,,,,,58.0,0,4.0,5.74,83.0,4.54,1.638,63.0,559100.0,1.163,False
2019,arraelu01,Luis Arraez,MIN,H,2B,22.0,92.0,1.6,366.0,4.0,2.0,0.334,0.399,0.439,124.0,,,,,,,,,,0.0,False
2019,arrieja01,Jake Arrieta,PHI,P,SP,33.0,24.0,0.7,50.0,,,,,,,135.67,24.0,0.0,4.64,96.0,4.89,1.474,110.0,25000000.0,7.843,False
2019,baderha01,Harrison Bader,STL,H,CF,25.0,128.0,2.3,406.0,12.0,11.0,0.205,0.314,0.366,80.0,,,,,,,,,578300.0,1.221,False
2019,baezja01,Javier Báez,CHC,H,SS,26.0,138.0,6.7,561.0,29.0,11.0,0.281,0.316,0.531,115.0,,,,,,,,,5200000.0,3.517,False
2019,baezpe01,Pedro Báez,LAD,P,RP,31.0,71.0,0.5,,,,,,,,69.67,0,1.0,3.1,134.0,3.52,0.947,69.0,2100000.0,4.343,False
2019,baileho02,Homer Bailey,2TM,P,SP,33.0,31.0,2.3,5.0,,,,,,,163.33,31.0,0.0,4.57,100.0,4.11,1.316,149.0,100000.0,10.099,False
2019,banuema01,Manny Bañuelos,CHW,P,SP,28.0,16.0,-0.4,,,,,,,,50.67,8.0,0.0,6.93,66.0,6.57,1.836,44.0,559000.0,0.849,False
2019,barlosc01,Scott Barlow,KCR,P,RP,26.0,61.0,1.0,,,,,,,,70.33,0,1.0,4.22,113.0,3.41,1.436,92.0,650000.0,0.174,False
2019,barnema01,Matt Barnes,BOS,P,RP,29.0,70.0,1.2,1.0,,,,,,,64.33,0,4.0,3.78,129.0,3.28,1.383,110.0,1600000.0,3.64,False
2019,barnhtu01,Tucker Barnhart,CIN,H,C,28.0,114.0,0.5,364.0,11.0,1.0,0.231,0.328,0.38,80.0,,,,,,,,,2937500.0,4.436,False
2019,barrija01,Jaime Barria,LAA,P,SP,22.0,19.0,-0.3,2.0,,,,,,,82.67,13.0,0.0,6.42,72.0,6.23,1.44,75.0,,0.0,False
2019,bassich01,Chris Bassitt,ATH,P,SP,30.0,28.0,2.0,5.0,,,,,,,144.0,25.0,0.0,3.81,113.0,4.4,1.194,141.0,565000.0,2.756,False
2019,bauerja01,Jake Bauers,CLE,H,LF,23.0,117.0,-0.7,423.0,12.0,3.0,0.226,0.312,0.371,78.0,,,,,,,,,560400.0,0.674,False
2019,bauertr01,Trevor Bauer,2TM,P,SP,28.0,34.0,1.5,22.0,,,,,,,213.0,34.0,0.0,4.48,105.0,4.34,1.249,253.0,13000000.0,4.919,False
2019,beckhti01,Tim Beckham,SEA,H,SS,29.0,88.0,0.6,328.0,15.0,1.0,0.237,0.293,0.461,100.0,,,,,,,,,1750000.0,4.779,False
2019,bedroca01,Cam Bedrosian,LAA,P,RP,27.0,59.0,0.8,,,,,,,,61.33,7.0,1.0,3.23,144.0,3.83,1.141,64.0,1750000.0,3.89,False
2019,beedety01,Tyler Beede,SFG,P,SP,26.0,24.0,0.1,43.0,,,,,,,117.0,22.0,0.0,5.08,82.0,5.03,1.479,113.0,555000,0.0,True
2019,beeksja02,Jalen Beeks,TBR,P,RP,25.0,33.0,0.2,3.0,,,,,,,104.33,3.0,1.0,4.31,102.0,4.41,1.486,89.0,556500.0,0.407,False
2019,bellico01,Cody Bellinger,LAD,H,RF,23.0,156.0,8.7,661.0,47.0,15.0,0.305,0.406,0.629,167.0,,,,,,,,,605000.0,1.93,False
2019,belljo02,Josh Bell,PIT,H,1B,26.0,143.0,2.6,613.0,37.0,0.0,0.277,0.367,0.569,142.0,,,,,,,,,587000.0,2.308,False
2019,beltbr01,Brandon Belt,SFG,H,1B,31.0,156.0,0.8,616.0,17.0,4.0,0.234,0.339,0.403,97.0,,,,,,,,,17200000.0,7.744,False
2019,beninan01,Andrew Benintendi,BOS,H,LF,24.0,138.0,1.7,615.0,13.0,10.0,0.266,0.343,0.431,99.0,,,,,,,,,717500.0,2.36,False
2019,berrijo01,José Berríos,MIN,P,SP,25.0,32.0,3.6,5.0,,,,,,,200.33,32.0,0.0,3.68,123.0,3.85,1.223,195.0,620000.0,2.256,False
2019,bettich01,Chad Bettis,COL,P,RP,30.0,39.0,-0.4,10.0,,,,,,,63.67,3.0,1.0,6.08,85.0,5.16,1.555,42.0,3350000.0,4.558,False
2019,bettsmo01,Mookie Betts,BOS,H,RF,26.0,150.0,7.2,706.0,29.0,16.0,0.295,0.391,0.524,134.0,,,,,,,,,20000000.0,4.407,False
2019,biagijo01,Joe Biagini,2TM,P,RP,29.0,63.0,0.2,,,,,,,,64.67,0,1.0,4.59,100.0,5.43,1.5,60.0,900000.0,2.779,False
2019,biebesh01,Shane Bieber,CLE,P,SP,24.0,34.0,4.7,5.0,,,,,,,214.33,33.0,0.0,3.28,144.0,3.32,1.054,259.0,559600.0,0.564,False
2019,biggica01,Cavan Biggio,TOR,H,2B,24.0,100.0,3.1,430.0,16.0,14.0,0.234,0.364,0.429,113.0,,,,,,,,,,0.0,False
2019,blackch02,Charlie Blackmon,COL,H,RF,32.0,140.0,2.3,634.0,32.0,2.0,0.314,0.364,0.576,125.0,,,,,,,,,21500000.0,6.593,False
2019,bleieri01,Richard Bleier,BAL,P,RP,32.0,53.0,0.2,,,,,,,,55.33,1.0,4.0,5.37,88.0,4.19,1.319,30.0,572500.0,2.43,False
2019,bogaexa01,Xander Bogaerts,BOS,H,SS,26.0,155.0,6.3,698.0,33.0,4.0,0.309,0.384,0.555,139.0,,,,,,,,,12000000.0,5.244,False
2019,boteda01,David Bote,CHC,H,3B,26.0,127.0,2.0,356.0,11.0,5.0,0.257,0.362,0.422,104.0,,,,,,,,,561500.0,0.581,False
2019,boydma01,Matthew Boyd,DET,P,SP,28.0,32.0,3.9,2.0,,,,,,,185.33,32.0,0.0,4.56,104.0,4.32,1.23,238.0,2600000.0,2.791,False
2019,brachbr01,Brad Brach,2TM,P,RP,33.0,58.0,-0.2,5.0,,,,,,,54.33,0,0.0,5.47,80.0,3.73,1.62,60.0,1650000.0,6.366,False
2019,bradlar01,Archie Bradley,ARI,P,RP,26.0,66.0,1.0,1.0,,,,,,,71.67,1.0,18.0,3.52,127.0,3.41,1.437,87.0,1830000.0,3.651,False
2019,bradlja02,Jackie Bradley Jr.,BOS,H,CF,29.0,147.0,2.1,567.0,21.0,8.0,0.225,0.317,0.421,89.0,,,,,,,,,8550000.0,4.872,False
2019,brantmi02,Michael Brantley,HOU,H,LF,32.0,148.0,4.9,637.0,22.0,3.0,0.311,0.372,0.503,126.0,,,,,,,,,16000000.0,8.762,False
2019,brasiry01,Ryan Brasier,BOS,P,RP,31.0,62.0,0,,,,,,,,55.67,0,7.0,4.85,101.0,4.42,1.293,61.0,577500.0,1.733,False
2019,braulst01,Steven Brault,PIT,P,SP,27.0,25.0,1.3,50.0,,,,,,,113.33,19.0,0.0,5.16,84.0,4.76,1.5,100.0,574500.0,1.494,False
2019,braunry02,Ryan Braun,MIL,H,LF,35.0,144.0,1.7,508.0,22.0,11.0,0.285,0.343,0.505,116.0,,,,,,,,,19000000.0,11.75,False
2019,brebbjo01,John Brebbia,STL,P,RP,29.0,66.0,0.8,1.0,,,,,,,72.67,0,0.0,3.59,117.0,3.13,1.183,87.0,569300.0,1.541,False
2019,bregmal01,Alex Bregman,HOU,H,3B,25.0,156.0,8.9,690.0,41.0,5.0,0.296,0.423,0.592,162.0,,,,,,,,,640500.0,2.407,False
2019,breweco01,Colten Brewer,BOS,P,RP,26.0,58.0,0.8,,,,,,,,54.67,0,0.0,4.12,118.0,4.71,1.701,52.0,557000.0,0.372,False
2019,brittza01,Zack Britton,NYY,P,RP,31.0,66.0,2.5,,,,,,,,61.33,0,3.0,1.91,234.0,3.74,1.141,53.0,13000000.0,6.919,False
2019,brookaa01,Aaron Brooks,2TM,P,SP,29.0,29.0,0.1,4.0,,,,,,,110.0,18.0,0.0,5.65,81.0,5.4,1.382,82.0,560000.0,1.593,False
2019,bruceja01,Jay Bruce,2TM,H,LF,32.0,98.0,0.6,333.0,26.0,1.0,0.216,0.261,0.523,101.0,,,,,,,,,14000000.0,10.727,False
2019,bryankr01,Kris Bryant,CHC,H,3B,27.0,147.0,4.4,634.0,31.0,4.0,0.282,0.382,0.521,132.0,,,,,,,,,12900000.0,3.994,False
2019,buchhcl01,Clay Buchholz,TOR,P,SP,34.0,12.0,-0.5,,,,,,,,59.0,12.0,0.0,6.56,69.0,5.62,1.492,39.0,3000000.0,10.122,False
2019,buehlwa01,Walker Buehler,LAD,P,SP,24.0,30.0,2.3,66.0,,,,,,,182.33,30.0,0.0,3.26,127.0,3.01,1.042,215.0,570000.0,0.977,False
2019,bumgama01,Madison Bumgarner,SFG,P,SP,29.0,34.0,3.2,76.0,,,,,,,207.67,34.0,0.0,3.9,107.0,3.9,1.127,203.0,12000000.0,8.738,False
2019,bummeaa01,Aaron Bummer,CHW,P,RP,25.0,58.0,2.7,,,,,,,,67.67,0,1.0,2.13,216.0,3.41,0.99,60.0,,1.39,False
2019,bundydy01,Dylan Bundy,BAL,P,SP,26.0,30.0,2.1,2.0,,,,,,,161.67,30.0,0.0,4.79,99.0,4.73,1.355,162.0,2800000.0,3.151,False
2019,buttrty01,Ty Buttrey,LAA,P,RP,26.0,72.0,1.2,,,,,,,,72.33,0,2.0,3.98,116.0,3.49,1.272,84.0,557250.0,0.267,False
2019,cabreas01,Asdrúbal Cabrera,2TM,H,3B,33.0,131.0,0.7,514.0,18.0,4.0,0.26,0.342,0.441,98.0,,,,,,,,,3500000.0,11.157,False
2019,cabreme01,Melky Cabrera,PIT,H,RF,34.0,133.0,-1.2,397.0,7.0,2.0,0.28,0.313,0.399,87.0,,,,,,,,,1150000.0,12.448,False
2019,cabremi01,Miguel Cabrera,DET,H,DH,36.0,136.0,0,549.0,12.0,0.0,0.282,0.346,0.398,97.0,,,,,,,,,30000000.0,15.587,False
2019,cahiltr01,Trevor Cahill,LAA,P,RP,31.0,37.0,-0.1,3.0,,,,,,,102.33,11.0,0.0,5.98,77.0,6.13,1.466,81.0,9000000.0,9.57,False
2019,cainlo01,Lorenzo Cain,MIL,H,CF,33.0,148.0,2.6,623.0,11.0,18.0,0.26,0.325,0.372,81.0,,,,,,,,,15000000.0,7.43,False
2019,calhoko01,Kole Calhoun,LAA,H,RF,31.0,152.0,1.8,632.0,33.0,4.0,0.232,0.325,0.467,107.0,,,,,,,,,10500000.0,5.756,False
2019,calhowi01,Willie Calhoun,TEX,H,LF,24.0,83.0,0.8,337.0,21.0,0.0,0.269,0.323,0.524,110.0,,,,,,,,,555000,0.192,True
2019,candeje01,Jeimer Candelario,DET,H,3B,25.0,94.0,0.3,386.0,8.0,3.0,0.203,0.306,0.337,70.0,,,,,,,,,555000,1.326,True
2019,canhama01,Mark Canha,ATH,H,CF,30.0,126.0,4.3,497.0,26.0,3.0,0.273,0.396,0.517,146.0,,,,,,,,,2050000.0,3.535,False
2019,cannigr01,Griffin Canning,LAA,P,SP,23.0,18.0,1.3,2.0,,,,,,,90.33,17.0,0.0,4.58,101.0,4.37,1.218,96.0,555000,0.0,True
2019,canoro01,Robinson Canó,NYM,H,2B,36.0,107.0,0.7,423.0,13.0,0.0,0.256,0.307,0.428,95.0,,,,,,,,,24000000.0,13.442,False
2019,carpema01,Matt Carpenter,STL,H,3B,33.0,129.0,1.2,492.0,15.0,6.0,0.226,0.334,0.392,92.0,,,,,,,,,14750000.0,7.07,False
2019,carraca01,Carlos Carrasco,CLE,P,SP,32.0,23.0,0.1,,,,,,,,80.0,12.0,1.0,5.29,89.0,4.41,1.35,96.0,9750000.0,7.855,False
2019,cashnan01,Andrew Cashner,2TM,P,SP,32.0,42.0,2.2,3.0,,,,,,,150.0,23.0,1.0,4.68,102.0,4.66,1.347,108.0,9500000.0,8.733,False
2019,casteni01,Nick Castellanos,2TM,H,RF,27.0,151.0,2.8,664.0,27.0,2.0,0.289,0.337,0.525,122.0,,,,,,,,,9950000.0,5.169,False
2019,castidi01,Diego Castillo,TBR,P,RP,25.0,65.0,0.5,1.0,,,,,,,68.67,6.0,8.0,3.41,129.0,3.72,1.238,81.0,561500.0,0.686,False
2019,castilu02,Luis Castillo,CIN,P,SP,26.0,32.0,4.8,66.0,,,,,,,190.67,32.0,0.0,3.4,137.0,3.7,1.143,226.0,557500.0,1.587,False
2019,castrha01,Harold Castro,DET,H,2B,25.0,97.0,-0.9,369.0,5.0,4.0,0.291,0.305,0.384,81.0,,,,,,,,,555000,0.0,True
2019,castrmi01,Miguel Castro,BAL,P,RP,24.0,65.0,0.5,,,,,,,,73.33,0,2.0,4.66,101.0,4.73,1.418,71.0,569000.0,2.459,False
2019,castrst01,Starlin Castro,MIA,H,2B,29.0,162.0,1.1,676.0,22.0,2.0,0.27,0.3,0.436,92.0,,,,,,,,,11857143.0,8.872,False
2019,ceasedy01,Dylan Cease,CHW,P,SP,23.0,14.0,-0.3,,,,,,,,73.0,14.0,0.0,5.79,79.0,5.19,1.548,81.0,555000,0.0,True
2019,cessalu01,Luis Cessa,NYY,P,RP,27.0,43.0,0.5,1.0,,,,,,,81.0,0,1.0,4.11,108.0,4.87,1.309,75.0,578975.0,1.762,False
2019,chacijh01,Jhoulys Chacín,2TM,P,SP,31.0,25.0,-0.6,25.0,,,,,,,103.33,24.0,0.0,6.01,75.0,5.88,1.558,101.0,6750000.0,8.314,False
2019,chafian01,Andrew Chafin,ARI,P,RP,29.0,77.0,0.7,,,,,,,,52.67,0,0.0,3.76,119.0,3.25,1.329,68.0,1945000.0,4.116,False
2019,chapmar01,Aroldis Chapman,NYY,P,RP,31.0,60.0,1.6,,,,,,,,57.0,0,37.0,2.21,202.0,2.28,1.105,85.0,17200000.0,8.052,False
2019,chapmma01,Matt Chapman,ATH,H,3B,26.0,156.0,7.3,670.0,36.0,1.0,0.249,0.342,0.506,127.0,,,,,,,,,580000.0,1.634,False
2019,chatwty01,Tyler Chatwood,CHC,P,RP,29.0,38.0,1.4,21.0,,,,,,,76.67,5.0,2.0,3.76,118.0,4.28,1.33,74.0,12500000.0,7.227,False
2019,chaveje01,Jesse Chavez,TEX,P,RP,35.0,48.0,0.9,2.0,,,,,,,78.0,9.0,1.0,4.85,107.0,4.41,1.333,72.0,4000000.0,8.628,False
2019,chavimi01,Michael Chavis,BOS,H,1B,23.0,95.0,0.9,382.0,18.0,2.0,0.254,0.322,0.444,96.0,,,,,,,,,555000,0.0,True
2019,chenwe02,Wei-Yin Chen,MIA,P,RP,33.0,45.0,-1.1,5.0,,,,,,,68.33,0,0.0,6.59,65.0,5.23,1.537,63.0,20000000.0,7.0,False
2019,chiriro01,Robinson Chirinos,HOU,H,C,35.0,114.0,3.8,437.0,17.0,1.0,0.238,0.347,0.443,105.0,,,,,,,,,5750000.0,6.599,False
2019,chiriyo01,Yonny Chirinos,TBR,P,SP,25.0,26.0,2.1,2.0,,,,,,,133.33,18.0,0.0,3.85,114.0,4.44,1.05,114.0,561800.0,0.797,False
2019,choiji01,Jiman Choi,TBR,H,1B,28.0,127.0,2.1,487.0,19.0,2.0,0.261,0.363,0.459,120.0,,,,,,,,,850000.0,1.442,False
2019,choosh01,Shin-Soo Choo,TEX,H,DH,36.0,151.0,1.5,660.0,24.0,15.0,0.265,0.371,0.455,109.0,,,,,,,,,21000000.0,11.692,False
2019,cimbead01,Adam Cimber,CLE,P,RP,28.0,68.0,0.1,,,,,,,,56.67,0,1.0,4.45,107.0,4.36,1.324,41.0,563800.0,1.0,False
2019,cishest01,Steve Cishek,CHC,P,RP,33.0,70.0,1.7,2.0,,,,,,,64.0,0,7.0,2.95,150.0,4.54,1.203,57.0,6500000.0,7.831,False
2019,civalaa01,Aaron Civale,CLE,P,SP,24.0,10.0,1.6,2.0,,,,,,,57.67,10.0,0.0,2.34,202.0,3.4,1.04,46.0,555000,0.0,True
2019,clarkta01,Taylor Clarke,ARI,P,SP,26.0,23.0,-0.1,25.0,,,,,,,84.67,15.0,1.0,5.31,84.0,6.41,1.37,68.0,555000,0.0,True
2019,claudal01,Alex Claudio,MIL,P,RP,27.0,83.0,0.7,,,,,,,,62.0,0,0.0,4.06,110.0,4.92,1.306,44.0,1275000.0,3.663,False
2019,clevimi01,Mike Clevinger,CLE,P,SP,28.0,21.0,4.2,2.0,,,,,,,126.0,21.0,0.0,2.71,174.0,2.49,1.056,169.0,592200.0,2.238,False
2019,clippty01,Tyler Clippard,CLE,P,RP,34.0,53.0,1.4,,,,,,,,62.0,3.0,0.0,2.9,163.0,3.89,0.855,64.0,100000.0,9.86,False
2019,colege01,Gerrit Cole,HOU,P,SP,28.0,33.0,6.6,7.0,,,,,,,212.33,33.0,0.0,2.5,185.0,2.64,0.895,326.0,13500000.0,5.645,False
2019,coleta01,Taylor Cole,LAA,P,RP,29.0,38.0,-0.2,,,,,,,,51.67,6.0,0.0,5.92,78.0,3.29,1.587,50.0,557500.0,0.5,False
2019,colomal01,Alex Colomé,CHW,P,RP,30.0,62.0,0.9,,,,,,,,61.0,0,30.0,2.8,164.0,4.08,1.066,55.0,7325000.0,4.686,False
2019,confomi01,Michael Conforto,NYM,H,RF,26.0,151.0,3.6,648.0,33.0,7.0,0.257,0.363,0.494,127.0,,,,,,,,,4025000.0,3.25,False
2019,conlead01,Adam Conley,MIA,P,RP,29.0,60.0,-1.1,1.0,,,,,,,60.67,0,2.0,6.53,66.0,5.19,1.731,53.0,1125000.0,2.855,False
2019,contrwi01,Willson Contreras,CHC,H,C,27.0,105.0,3.0,409.0,24.0,1.0,0.272,0.355,0.533,127.0,,,,,,,,,684000.0,2.628,False
2019,coopega03,Garrett Cooper,MIA,H,1B,28.0,107.0,1.7,421.0,15.0,0.0,0.281,0.344,0.446,108.0,,,,,,,,,555000.0,1.308,False
2019,corbipa01,Patrick Corbin,WSN,P,SP,29.0,33.0,4.9,72.0,,,,,,,202.0,33.0,0.0,3.25,138.0,3.49,1.183,238.0,12916666.0,6.61,False
2019,correca01,Carlos Correa,HOU,H,SS,24.0,75.0,3.8,321.0,21.0,1.0,0.279,0.358,0.568,137.0,,,,,,,,,5000000.0,3.692,False
2019,cortene01,Nestor Cortes,NYY,P,RP,24.0,33.0,-0.4,,,,,,,,66.67,1.0,0.0,5.67,79.0,5.57,1.545,69.0,555000,0.0,True
2019,coveydy01,Dylan Covey,CHW,P,SP,27.0,18.0,-1.3,2.0,,,,,,,58.67,12.0,0.0,7.98,58.0,6.06,1.756,41.0,571000.0,1.791,False
2019,crawfbr01,Brandon Crawford,SFG,H,SS,32.0,147.0,-0.5,560.0,11.0,3.0,0.228,0.304,0.35,74.0,,,,,,,,,15200000.0,7.547,False
2019,crawfjp01,J.P. Crawford,SEA,H,SS,24.0,93.0,1.5,396.0,7.0,5.0,0.226,0.313,0.371,86.0,,,,,,,,,,1.157,False
2019,croncj01,C.J. Cron,MIN,H,1B,29.0,125.0,1.6,499.0,25.0,0.0,0.253,0.311,0.469,104.0,,,,,,,,,4800000.0,4.564,False
2019,cruzne02,Nelson Cruz,MIN,H,DH,38.0,120.0,4.4,521.0,41.0,0.0,0.311,0.392,0.639,168.0,,,,,,,,,14000000.0,11.477,False
2019,cuthbch01,Cheslor Cuthbert,KCR,H,1B,26.0,87.0,-1.0,330.0,9.0,1.0,0.246,0.294,0.379,76.0,,,,,,,,,850000.0,3.174,False
2019,dahlda01,David Dahl,COL,H,CF,25.0,100.0,0.7,413.0,15.0,4.0,0.302,0.353,0.524,111.0,,,,,,,,,560000.0,1.942,False
2019,darnatr01,Travis d'Arnaud,3TM,H,C,30.0,103.0,1.0,391.0,16.0,0.0,0.251,0.312,0.433,98.0,,,,,,,,,6475000.0,5.256,False
2019,darviyu01,Yu Darvish,CHC,P,SP,32.0,31.0,2.8,62.0,,,,,,,178.67,31.0,0.0,3.98,111.0,4.18,1.097,229.0,20000000.0,7.0,False
2019,davieza02,Zach Davies,MIL,P,SP,26.0,31.0,2.7,55.0,,,,,,,159.67,31.0,0.0,3.55,125.0,4.56,1.29,102.0,2600000.0,3.116,False
2019,davisch02,Chris Davis,BAL,H,1B,33.0,105.0,-1.1,352.0,12.0,0.0,0.179,0.276,0.326,59.0,1.0,0,0.0,9.0,69.0,14.21,2.0,1.0,23000000.0,9.355,False
2019,davisjd01,J.D. Davis,NYM,H,LF,26.0,140.0,1.1,453.0,22.0,3.0,0.307,0.369,0.527,137.0,,,,,,,,,561420.0,0.797,False
2019,daviskh01,Khris Davis,ATH,H,DH,31.0,133.0,-0.2,533.0,23.0,0.0,0.22,0.293,0.387,83.0,,,,,,,,,16500000.0,5.605,False
2019,degroja01,Jacob deGrom,NYM,P,SP,31.0,32.0,7.8,70.0,,,,,,,204.0,32.0,0.0,2.43,169.0,2.67,0.971,255.0,9000000.0,4.808,False
2019,dejonpa01,Paul DeJong,STL,H,SS,25.0,159.0,5.2,664.0,30.0,9.0,0.233,0.318,0.444,99.0,,,,,,,,,1666667.0,1.738,False
2019,desclan01,Anthony DeSclafani,CIN,P,SP,29.0,31.0,3.0,57.0,,,,,,,166.67,31.0,0.0,3.89,120.0,4.43,1.2,167.0,2125000.0,4.36,False
2019,deshide02,Delino DeShields,TEX,H,CF,26.0,118.0,1.2,408.0,4.0,24.0,0.249,0.325,0.347,72.0,,,,,,,,,1400000.0,3.674,False
2019,desmoia01,Ian Desmond,COL,H,CF,33.0,140.0,-1.5,482.0,20.0,3.0,0.255,0.31,0.479,89.0,1.0,0,0.0,0.0,,3.21,1.0,0.0,15000000.0,9.157,False
2019,detwiro01,Ross Detwiler,CHW,P,SP,33.0,18.0,-0.6,2.0,,,,,,,69.67,12.0,0.0,6.59,70.0,6.92,1.622,46.0,100000.0,6.517,False
2019,devench02,Chris Devenski,HOU,P,RP,28.0,61.0,-0.1,,,,,,,,69.0,1.0,0.0,4.83,96.0,4.62,1.304,72.0,1525000.0,3.0,False
2019,deverra01,Rafael Devers,BOS,H,3B,22.0,156.0,5.4,702.0,32.0,8.0,0.311,0.361,0.555,132.0,,,,,,,,,614500.0,1.407,False
2019,diazed04,Edwin Díaz,NYM,P,RP,25.0,66.0,-0.6,,,,,,,,58.0,0,26.0,5.59,74.0,4.51,1.379,99.0,607425.0,2.703,False
2019,diazel01,Elias Díaz,PIT,H,C,28.0,101.0,-1.1,332.0,2.0,0.0,0.241,0.296,0.307,60.0,,,,,,,,,578500.0,2.512,False
2019,diazja01,Jairo Díaz,COL,P,RP,28.0,56.0,0.4,,,,,,,,57.67,0,5.0,4.53,114.0,3.7,1.301,63.0,,3.372,False
2019,diazya01,Yandy Díaz,TBR,H,3B,27.0,79.0,1.5,347.0,14.0,2.0,0.267,0.34,0.476,117.0,,,,,,,,,558400.0,0.709,False
2019,diekmja01,Jake Diekman,2TM,P,RP,32.0,76.0,0.3,,,,,,,,62.0,0,0.0,4.65,100.0,3.55,1.419,84.0,2250000.0,6.291,False
2019,dietrde01,Derek Dietrich,CIN,H,2B,29.0,113.0,1.1,306.0,19.0,1.0,0.187,0.328,0.462,98.0,,,,,,,,,100000.0,4.878,False
2019,dixonbr01,Brandon Dixon,DET,H,1B,27.0,117.0,-0.3,420.0,15.0,5.0,0.248,0.29,0.435,88.0,2.0,0,0.0,9.0,61.0,11.71,0.5,1.0,555000,,True
2019,donaljo02,Josh Donaldson,ATL,H,3B,33.0,155.0,5.3,659.0,37.0,4.0,0.259,0.379,0.521,126.0,,,,,,,,,23000000.0,6.919,False
2019,doolise01,Sean Doolittle,WSN,P,RP,32.0,63.0,0.7,3.0,,,,,,,60.0,0,29.0,4.05,111.0,4.25,1.3,66.0,6000000.0,6.709,False
2019,doziebr01,Brian Dozier,WSN,H,2B,32.0,135.0,1.2,482.0,20.0,3.0,0.238,0.34,0.43,98.0,1.0,0,0.0,18.0,33.0,16.21,2.0,0.0,9000000.0,6.581,False
2019,doziehu01,Hunter Dozier,KCR,H,3B,27.0,139.0,2.7,586.0,26.0,2.0,0.279,0.348,0.522,124.0,,,,,,,,,567225.0,1.349,False
2019,drakeol01,Oliver Drake,TBR,P,RP,32.0,50.0,1.3,1.0,,,,,,,56.0,0,2.0,3.21,137.0,3.87,0.982,70.0,566100.0,2.523,False
2019,drurybr01,Brandon Drury,TOR,H,3B,26.0,120.0,-0.7,447.0,15.0,0.0,0.218,0.262,0.38,70.0,,,,,,,,,1300000.0,2.959,False
2019,duffety01,Tyler Duffey,MIN,P,RP,28.0,58.0,1.0,,,,,,,,57.67,0,0.0,2.5,182.0,3.06,1.006,82.0,555000,2.43,True
2019,duffyda01,Danny Duffy,KCR,P,SP,30.0,23.0,2.2,4.0,,,,,,,130.67,23.0,0.0,4.34,110.0,4.78,1.309,115.0,15250000.0,7.494,False
2019,dysonja01,Jarrod Dyson,ARI,H,CF,34.0,130.0,1.5,452.0,7.0,30.0,0.23,0.313,0.32,66.0,,,,,,,,,3750000.0,7.512,False
2019,dysonsa01,Sam Dyson,2TM,P,RP,31.0,61.0,1.0,,,,,,,,62.33,0,2.0,3.32,129.0,3.47,1.059,55.0,5000000.0,4.826,False
2019,eatonad02,Adam Eaton,WSN,H,RF,30.0,151.0,1.8,656.0,15.0,15.0,0.279,0.365,0.428,105.0,,,,,,,,,8400000.0,6.174,False
2019,edmanto01,Tommy Edman,STL,H,3B,24.0,92.0,4.0,349.0,11.0,15.0,0.304,0.35,0.5,122.0,,,,,,,,,555000,0.0,True
2019,eflinza01,Zach Eflin,PHI,P,SP,25.0,32.0,1.4,52.0,,,,,,,163.33,28.0,0.0,4.13,108.0,4.85,1.347,129.0,590000.0,2.105,False
2019,eickhje01,Jerad Eickhoff,PHI,P,SP,28.0,12.0,-0.3,19.0,,,,,,,58.33,10.0,1.0,5.71,78.0,6.51,1.303,51.0,975000.0,3.262,False
2019,eliasro01,Roenis Elías,2TM,P,RP,30.0,48.0,-0.4,1.0,,,,,,,50.0,0,14.0,3.96,111.0,5.07,1.28,47.0,910000.0,3.401,False
2019,encared01,Edwin Encarnación,2TM,H,1B,36.0,109.0,2.9,486.0,34.0,0.0,0.244,0.344,0.531,131.0,,,,,,,,,21667000.0,13.494,False
2019,eovalna01,Nathan Eovaldi,BOS,P,SP,29.0,23.0,-0.1,2.0,,,,,,,67.67,12.0,0.0,5.99,81.0,5.9,1.581,70.0,17000000.0,7.076,False
2019,erlinro01,Robbie Erlin,SDP,P,RP,28.0,37.0,-0.5,4.0,,,,,,,55.33,1.0,0.0,5.37,78.0,3.61,1.572,52.0,1450000.0,4.453,False
2019,escobed01,Eduardo Escobar,ARI,H,3B,30.0,158.0,3.7,699.0,35.0,5.0,0.269,0.32,0.511,111.0,,,,,,,,,6166666.0,6.744,False
2019,estevca01,Carlos Estévez,COL,P,RP,26.0,71.0,1.3,,,,,,,,72.0,0,0.0,3.75,138.0,4.13,1.292,81.0,555000,2.494,True
2019,familje01,Jeurys Familia,NYM,P,RP,29.0,66.0,-0.5,,,,,,,,60.0,0,0.0,5.7,72.0,4.88,1.733,63.0,6666666.0,6.134,False
2019,farmebu01,Buck Farmer,DET,P,RP,28.0,73.0,1.6,,,,,,,,67.67,1.0,0.0,3.72,128.0,3.88,1.271,73.0,570800.0,2.483,False
2019,feddeer01,Erick Fedde,WSN,P,SP,26.0,21.0,0.7,20.0,,,,,,,78.0,12.0,0.0,4.5,100.0,5.34,1.462,41.0,555000,0.576,True
2019,felizmi01,Michael Feliz,PIT,P,RP,26.0,58.0,0.7,,,,,,,,56.33,1.0,0.0,3.99,109.0,4.71,1.26,73.0,850000.0,3.151,False
2019,fiersmi01,Mike Fiers,ATH,P,SP,34.0,33.0,3.4,,,,,,,,184.67,33.0,0.0,3.9,110.0,4.97,1.186,126.0,6000000.0,5.494,False
2019,flaheja01,Jack Flaherty,STL,P,SP,23.0,33.0,5.8,66.0,,,,,,,196.33,33.0,0.0,2.75,152.0,3.46,0.968,231.0,562100.0,1.035,False
2019,fletcda02,David Fletcher,LAA,H,3B,25.0,154.0,3.7,653.0,6.0,8.0,0.29,0.35,0.384,95.0,,,,,,,,,561500.0,0.645,False
2019,flowety01,Tyler Flowers,ATL,H,C,33.0,85.0,-0.2,310.0,11.0,0.0,0.229,0.319,0.413,85.0,,,,,,,,,4000000.0,7.86,False
2019,foltymi01,Mike Foltynewicz,ATL,P,SP,27.0,21.0,0.7,38.0,,,,,,,117.0,21.0,0.0,4.54,101.0,4.97,1.248,105.0,5475000.0,3.948,False
2019,fontwi01,Wilmer Font,3TM,P,RP,29.0,48.0,0.9,4.0,,,,,,,84.33,17.0,0.0,4.48,98.0,4.72,1.269,95.0,560400.0,1.494,False
2019,forsylo01,Logan Forsythe,TEX,H,1B,32.0,101.0,-0.4,367.0,7.0,2.0,0.227,0.325,0.353,73.0,,,,,,,,,100000.0,7.657,False
2019,fowlede01,Dexter Fowler,STL,H,RF,33.0,150.0,1.5,574.0,19.0,8.0,0.238,0.346,0.409,100.0,,,,,,,,,16500000.0,9.977,False
2019,francma02,Maikel Franco,PHI,H,3B,26.0,123.0,-0.3,428.0,17.0,0.0,0.234,0.297,0.409,81.0,,,,,,,,,5200000.0,3.988,False
2019,fraziad01,Adam Frazier,PIT,H,2B,27.0,152.0,2.4,608.0,10.0,5.0,0.278,0.336,0.417,98.0,,,,,,,,,584000.0,2.436,False
2019,frazito01,Todd Frazier,NYM,H,3B,33.0,133.0,2.3,499.0,21.0,1.0,0.251,0.329,0.443,105.0,,,,,,,,,9000000.0,7.413,False
2019,freelky01,Kyle Freeland,COL,P,SP,26.0,22.0,-1.2,31.0,,,,,,,104.33,22.0,0.0,6.73,77.0,5.99,1.581,79.0,565000.0,2.0,False
2019,freemfr01,Freddie Freeman,ATL,H,1B,29.0,158.0,3.8,692.0,38.0,6.0,0.295,0.389,0.549,135.0,,,,,,,,,21000000.0,8.192,False
2019,friedma01,Max Fried,ATL,P,SP,25.0,33.0,3.3,65.0,,,,,,,165.67,30.0,0.0,4.02,114.0,3.72,1.334,173.0,565000.0,0.86,False
2019,fryja01,Jace Fry,CHW,P,RP,25.0,68.0,0.1,,,,,,,,55.0,0,0.0,4.75,97.0,4.9,1.582,68.0,569000.0,1.029,False
2019,frypa01,Paul Fry,BAL,P,RP,26.0,66.0,-0.2,,,,,,,,57.33,0,3.0,5.34,89.0,4.71,1.448,55.0,559000.0,0.558,False
2019,gallegi01,Giovanny Gallegos,STL,P,RP,27.0,66.0,2.2,3.0,,,,,,,74.0,0,1.0,2.31,182.0,3.05,0.811,93.0,,0.494,False
2019,galleza01,Zac Gallen,2TM,P,SP,23.0,15.0,2.6,24.0,,,,,,,80.0,15.0,0.0,2.81,156.0,3.61,1.225,96.0,555000,0.0,True
2019,galvifr01,Freddy Galvis,2TM,H,SS,29.0,147.0,3.2,589.0,23.0,4.0,0.26,0.296,0.438,91.0,,,,,,,,,4000000.0,6.122,False
2019,gamelbe01,Ben Gamel,MIL,H,LF,27.0,134.0,0.6,356.0,7.0,2.0,0.248,0.337,0.373,85.0,,,,,,,,,567700.0,2.169,False
2019,gantjo01,John Gant,STL,P,RP,26.0,64.0,0.6,3.0,,,,,,,66.33,0,3.0,3.66,115.0,3.73,1.281,60.0,571300.0,2.023,False
2019,garciav01,Avisaíl García,TBR,H,RF,28.0,125.0,2.3,530.0,20.0,10.0,0.282,0.332,0.464,112.0,,,,,,,,,3500000.0,5.971,False
2019,garcigr01,Greg Garcia,SDP,H,2B,29.0,134.0,0.9,372.0,4.0,0.0,0.248,0.364,0.354,94.0,,,,,,,,,910000.0,3.483,False
2019,garcija04,Jarlín García,MIA,P,RP,26.0,53.0,1.3,1.0,,,,,,,50.67,0,0.0,3.02,142.0,3.77,1.105,39.0,555000,2.023,True
2019,garcile02,Leury García,CHW,H,CF,28.0,140.0,1.2,618.0,8.0,15.0,0.279,0.31,0.378,83.0,,,,,,,,,1550000.0,4.145,False
2019,garcilu03,Luis García,LAA,P,RP,32.0,64.0,0.3,,,,,,,,62.0,2.0,1.0,4.35,107.0,5.94,1.516,57.0,1675000.0,4.035,False
2019,garciyi01,Yimi García,LAD,P,RP,28.0,64.0,0.2,2.0,,,,,,,62.33,0,0.0,3.61,115.0,5.19,0.866,66.0,710000.0,3.866,False
2019,gardnbr01,Brett Gardner,NYY,H,CF,35.0,141.0,4.3,550.0,28.0,10.0,0.251,0.325,0.503,117.0,,,,,,,,,9500000.0,10.419,False
2019,garream01,Amir Garrett,CIN,P,RP,27.0,69.0,1.4,,,,,,,,56.0,0,0.0,3.21,146.0,4.14,1.411,78.0,567500.0,1.576,False
2019,garvemi01,Mitch Garver,MIN,H,C,28.0,93.0,4.1,359.0,31.0,0.0,0.273,0.365,0.63,157.0,,,,,,,,,575000.0,1.262,False
2019,gausmke01,Kevin Gausman,2TM,P,SP,28.0,31.0,-0.8,27.0,,,,,,,102.33,17.0,0.0,5.72,81.0,3.98,1.417,114.0,9350000.0,4.878,False
2019,gavigsa01,Sam Gaviglio,TOR,P,RP,29.0,52.0,0.5,,,,,,,,95.67,0,0.0,4.61,98.0,4.64,1.118,88.0,579500.0,1.39,False
2019,gearrco01,Cory Gearrin,2TM,P,RP,33.0,66.0,0.8,,,,,,,,55.33,2.0,0.0,4.07,109.0,4.26,1.446,47.0,1500000.0,5.791,False
2019,germado01,Domingo Germán,NYY,P,SP,26.0,27.0,2.0,8.0,,,,,,,143.0,24.0,0.0,4.03,110.0,4.72,1.147,153.0,577500.0,1.099,False
2019,gibsoky01,Kyle Gibson,MIN,P,SP,31.0,34.0,0.5,4.0,,,,,,,160.0,29.0,0.0,4.84,94.0,4.26,1.444,160.0,8125000.0,5.227,False
2019,gileske01,Ken Giles,TOR,P,RP,28.0,53.0,2.3,,,,,,,,53.0,0,23.0,1.87,244.0,2.27,1.0,83.0,6300000.0,4.657,False
2019,giolilu01,Lucas Giolito,CHW,P,SP,24.0,29.0,5.4,4.0,,,,,,,176.67,29.0,0.0,3.41,134.0,3.43,1.064,228.0,573000.0,1.465,False
2019,givenmy01,Mychal Givens,BAL,P,RP,29.0,58.0,0.6,,,,,,,,63.0,0,11.0,4.57,104.0,4.5,1.19,86.0,2150000.0,3.401,False
2019,glasnty01,Tyler Glasnow,TBR,P,SP,25.0,12.0,2.5,2.0,,,,,,,60.67,12.0,0.0,1.78,248.0,2.26,0.89,76.0,566700.0,1.919,False
2019,godleza01,Zack Godley,2TM,P,RP,29.0,33.0,-0.7,23.0,,,,,,,92.0,9.0,2.0,5.97,75.0,5.2,1.5,70.0,609400.0,2.651,False
2019,goldspa01,Paul Goldschmidt,STL,H,1B,31.0,161.0,2.6,682.0,34.0,3.0,0.26,0.346,0.476,115.0,,,,,,,,,14500000.0,7.343,False
2019,gomesya01,Yan Gomes,WSN,H,C,31.0,97.0,1.4,358.0,12.0,2.0,0.223,0.316,0.389,81.0,,,,,,,,,7083334.0,6.483,False
2019,gonzach01,Chi Chi González,COL,P,SP,27.0,14.0,0.2,24.0,,,,,,,63.0,12.0,0.0,5.29,98.0,5.64,1.46,46.0,555000,2.453,True
2019,gonzagi01,Gio González,MIL,P,SP,33.0,19.0,1.9,28.0,,,,,,,87.33,17.0,0.0,3.5,127.0,4.04,1.294,78.0,2000000.0,9.942,False
2019,gonzama01,Marwin González,MIN,H,RF,30.0,114.0,2.0,463.0,15.0,1.0,0.264,0.322,0.414,94.0,,,,,,,,,12000000.0,6.773,False
2019,gonzama02,Marco Gonzales,SEA,P,SP,27.0,34.0,3.1,6.0,,,,,,,203.0,34.0,0.0,3.99,109.0,4.15,1.31,147.0,900000.0,1.593,False
2019,goodrni01,Niko Goodrum,DET,H,SS,27.0,112.0,1.5,472.0,12.0,12.0,0.248,0.322,0.421,94.0,,,,,,,,,670500.0,1.18,False
2019,goodwbr01,Brian Goodwin,LAA,H,LF,28.0,136.0,2.2,458.0,17.0,7.0,0.262,0.326,0.47,108.0,,,,,,,,,583500.0,2.11,False
2019,gordoal01,Alex Gordon,KCR,H,LF,35.0,150.0,1.0,633.0,13.0,5.0,0.266,0.345,0.396,95.0,2.33,0,0.0,19.29,28.0,11.36,4.286,0.0,20000000.0,11.535,False
2019,gordode01,Dee Strange-Gordon,SEA,H,2B,31.0,117.0,1.2,421.0,3.0,22.0,0.275,0.304,0.359,80.0,,,,,,,,,13300000.0,6.895,False
2019,gotttr01,Trevor Gott,SFG,P,RP,26.0,50.0,0.3,1.0,,,,,,,52.67,0,1.0,4.44,95.0,3.12,1.101,57.0,567500.0,1.279,False
2019,gourryu01,Yuli Gurriel,HOU,H,1B,35.0,144.0,3.9,612.0,31.0,5.0,0.298,0.343,0.541,126.0,,,,,,,,,10400000.0,2.25,False
2019,grandcu01,Curtis Granderson,MIA,H,LF,38.0,138.0,-0.5,363.0,12.0,0.0,0.183,0.281,0.356,68.0,,,,,,,,,1750000.0,13.448,False
2019,grandya01,Yasmani Grandal,MIL,H,C,30.0,153.0,2.5,632.0,28.0,5.0,0.246,0.38,0.468,119.0,,,,,,,,,16000000.0,6.669,False
2019,grayjo02,Jon Gray,COL,P,SP,27.0,26.0,3.1,59.0,,,,,,,150.0,25.0,0.0,3.84,134.0,4.06,1.353,150.0,2935000.0,3.36,False
2019,grayso01,Sonny Gray,CIN,P,SP,29.0,31.0,6.2,60.0,,,,,,,175.33,31.0,0.0,2.87,162.0,3.42,1.084,205.0,7500000.0,5.355,False
2019,greench03,Chad Green,NYY,P,RP,28.0,54.0,0.5,1.0,,,,,,,69.0,15.0,2.0,4.17,107.0,3.34,1.232,98.0,598650.0,2.291,False
2019,greensh02,Shane Greene,2TM,P,RP,30.0,65.0,2.2,,,,,,,,62.67,0,23.0,2.3,206.0,3.79,1.005,64.0,4000000.0,4.436,False
2019,gregodi01,Didi Gregorius,NYY,H,SS,29.0,82.0,0.4,344.0,16.0,2.0,0.238,0.276,0.441,87.0,,,,,,,,,11750000.0,5.924,False
2019,greinza01,Zack Greinke,2TM,P,SP,35.0,33.0,6.2,56.0,,,,,,,208.67,33.0,0.0,2.93,154.0,3.22,0.982,187.0,34500000.0,14.331,False
2019,grichra01,Randal Grichuk,TOR,H,RF,27.0,151.0,0.8,628.0,31.0,2.0,0.232,0.28,0.457,93.0,,,,,,,,,5000000.0,4.192,False
2019,grossro01,Robbie Grossman,ATH,H,LF,29.0,138.0,1.0,482.0,6.0,9.0,0.24,0.334,0.348,87.0,,,,,,,,,2000000.0,4.349,False
2019,gsellro01,Robert Gsellman,NYM,P,RP,25.0,52.0,0.0,1.0,,,,,,,63.67,0,1.0,4.66,88.0,4.12,1.366,60.0,582500.0,2.244,False
2019,guerrja01,Javy Guerra,2TM,P,RP,33.0,51.0,0.2,5.0,,,,,,,67.67,0,2.0,4.66,97.0,4.25,1.241,57.0,800000.0,3.86,False
2019,guerrju02,Junior Guerra,MIL,P,RP,34.0,72.0,1.5,3.0,,,,,,,83.67,0,3.0,3.55,126.0,4.52,1.124,77.0,2225000.0,2.901,False
2019,guerrvl02,Vladimir Guerrero Jr.,TOR,H,3B,20.0,123.0,2.2,514.0,15.0,0.0,0.272,0.339,0.433,106.0,,,,,,,,,,0.0,False
2019,gurrilo01,Lourdes Gurriel Jr.,TOR,H,LF,25.0,84.0,1.8,343.0,20.0,6.0,0.277,0.327,0.541,127.0,,,,,,,,,1928571.0,0.692,False
2019,haderjo01,Josh Hader,MIL,P,RP,25.0,61.0,2.8,2.0,,,,,,,75.67,0,37.0,2.62,170.0,3.1,0.806,138.0,687600.0,1.669,False
2019,hamelco01,Cole Hamels,CHC,P,SP,35.0,27.0,2.7,46.0,,,,,,,141.67,27.0,0.0,3.81,116.0,4.09,1.391,143.0,20000000.0,12.831,False
2019,hamilbi02,Billy Hamilton,2TM,H,CF,28.0,119.0,0.4,353.0,0.0,22.0,0.218,0.289,0.275,50.0,,,,,,,,,4250000.0,5.163,False
2019,hampsga01,Garrett Hampson,COL,H,2B,24.0,105.0,0.3,327.0,8.0,15.0,0.247,0.302,0.385,67.0,,,,,,,,,557000.0,0.297,False
2019,handbr01,Brad Hand,CLE,P,RP,29.0,60.0,1.2,,,,,,,,57.33,0,34.0,3.3,144.0,2.8,1.238,84.0,7083333.0,5.535,False
2019,happja01,J.A. Happ,NYY,P,SP,36.0,31.0,1.4,4.0,,,,,,,161.33,30.0,0.0,4.91,90.0,5.22,1.295,140.0,17000000.0,10.273,False
2019,harpebr03,Bryce Harper,PHI,H,RF,26.0,157.0,4.5,682.0,35.0,15.0,0.26,0.372,0.51,126.0,,,,,,,,,11538462.0,6.924,False
2019,harpery01,Ryne Harper,MIN,P,RP,30.0,61.0,0.7,,,,,,,,54.33,0,1.0,3.81,120.0,3.66,1.178,50.0,555000.0,0.0,False
2019,harriwi10,Will Harris,HOU,P,RP,34.0,68.0,1.9,,,,,,,,60.0,0,4.0,1.5,309.0,3.15,0.933,62.0,4225000.0,5.593,False
2019,harvema01,Matt Harvey,LAA,P,SP,30.0,12.0,-0.5,,,,,,,,59.67,12.0,0.0,7.09,65.0,6.35,1.542,39.0,11000000.0,6.419,False
2019,heanean01,Andrew Heaney,LAA,P,SP,28.0,18.0,1.3,,,,,,,,95.33,18.0,0.0,4.91,94.0,4.63,1.29,118.0,3400000.0,3.872,False
2019,hedgeau01,Austin Hedges,SDP,H,C,26.0,102.0,-0.8,347.0,11.0,1.0,0.176,0.252,0.311,50.0,,,,,,,,,2060000.0,2.965,False
2019,hendrky01,Kyle Hendricks,CHC,P,SP,29.0,30.0,3.5,64.0,,,,,,,177.0,30.0,0.0,3.46,127.0,3.61,1.13,150.0,7405000.0,4.471,False
2019,hendrli01,Liam Hendriks,ATH,P,RP,30.0,75.0,3.7,,,,,,,,85.0,2.0,25.0,1.8,240.0,1.87,0.965,124.0,2150000.0,4.953,False
2019,hernace02,César Hernández,PHI,H,2B,29.0,161.0,1.9,667.0,14.0,9.0,0.279,0.333,0.408,92.0,,,,,,,,,7750000.0,4.895,False
2019,hernael01,Elieser Hernández,MIA,P,SP,24.0,21.0,0.3,24.0,,,,,,,82.33,15.0,0.0,5.03,85.0,5.58,1.239,85.0,555000,0.686,True
2019,hernaen02,Kiké Hernández,LAD,H,2B,27.0,130.0,1.9,460.0,17.0,4.0,0.237,0.304,0.411,87.0,,,,,,,,,3725000.0,4.314,False
2019,hernafe02,Félix Hernández,SEA,P,SP,33.0,15.0,-0.8,3.0,,,,,,,71.67,15.0,0.0,6.4,68.0,6.0,1.535,57.0,27858000.0,13.349,False
2019,hernate01,Teoscar Hernández,TOR,H,CF,26.0,125.0,1.4,464.0,26.0,6.0,0.23,0.306,0.472,105.0,,,,,,,,,578600.0,1.599,False
2019,herreke01,Kelvin Herrera,CHW,P,RP,29.0,57.0,-0.5,,,,,,,,51.33,0,1.0,6.14,75.0,4.58,1.617,53.0,8500000.0,6.913,False
2019,hessda01,David Hess,BAL,P,SP,25.0,23.0,-1.3,4.0,,,,,,,80.0,14.0,0.0,7.09,67.0,7.26,1.55,68.0,563500.0,0.692,False
2019,heywaja01,Jason Heyward,CHC,H,RF,29.0,147.0,2.4,589.0,21.0,8.0,0.251,0.343,0.429,100.0,,,,,,,,,20000000.0,9.0,False
2019,hicksjo02,John Hicks,DET,H,C,29.0,95.0,-0.4,333.0,13.0,1.0,0.21,0.24,0.379,60.0,,,,,,,,,567100.0,2.006,False
2019,hillri01,Rich Hill,LAD,P,SP,39.0,13.0,1.3,20.0,,,,,,,58.67,13.0,0.0,2.45,169.0,4.1,1.125,72.0,18666666.0,9.738,False
2019,hiranyo01,Yoshihisa Hirano,ARI,P,RP,35.0,62.0,-0.4,,,,,,,,53.0,0,1.0,4.75,94.0,4.04,1.377,61.0,3000000.0,1.0,False
2019,hiurake01,Keston Hiura,MIL,H,2B,22.0,84.0,1.8,348.0,19.0,9.0,0.303,0.368,0.57,138.0,,,,,,,,,555000,0.0,True
2019,hoffmje02,Jeff Hoffman,COL,P,SP,26.0,15.0,0,24.0,,,,,,,70.0,15.0,0.0,6.56,79.0,6.8,1.586,68.0,555000,1.901,True
2019,hollade01,Derek Holland,2TM,P,RP,32.0,51.0,-1.1,16.0,,,,,,,84.33,8.0,0.0,6.08,70.0,6.1,1.506,82.0,6500000.0,9.61,False
2019,holmecl01,Clay Holmes,PIT,P,RP,26.0,35.0,-0.5,5.0,,,,,,,50.0,0,0.0,5.58,78.0,4.97,1.62,56.0,555000,0.18,True
2019,hoskirh01,Rhys Hoskins,PHI,H,1B,26.0,160.0,1.9,705.0,29.0,2.0,0.226,0.364,0.454,111.0,,,,,,,,,575000.0,1.308,False
2019,hosmeer01,Eric Hosmer,SDP,H,1B,29.0,160.0,-0.4,667.0,22.0,0.0,0.265,0.31,0.425,94.0,,,,,,,,,21000000.0,7.849,False
2019,housead01,Adrian Houser,MIL,P,SP,26.0,35.0,1.9,27.0,,,,,,,111.33,18.0,0.0,3.72,120.0,3.88,1.24,117.0,555000,0.058,True
2019,hudsoda01,Daniel Hudson,2TM,P,RP,32.0,69.0,1.8,,,,,,,,73.0,1.0,8.0,2.47,185.0,3.97,1.137,71.0,1500000.0,8.616,False
2019,hudsoda02,Dakota Hudson,STL,P,SP,24.0,33.0,1.8,59.0,,,,,,,174.67,32.0,1.0,3.35,125.0,4.93,1.408,136.0,559100.0,0.384,False
2019,hugheja02,Jared Hughes,2TM,P,RP,33.0,72.0,0.5,2.0,,,,,,,71.33,0,1.0,4.04,115.0,5.29,1.178,54.0,2125000.0,6.942,False
2019,iglesjo01,Jose Iglesias,CIN,H,SS,29.0,146.0,0.9,530.0,11.0,6.0,0.288,0.318,0.407,83.0,,,,,,,,,2500000.0,6.209,False
2019,iglesra01,Raisel Iglesias,CIN,P,RP,29.0,68.0,1.0,2.0,,,,,,,67.0,0,34.0,4.16,112.0,3.92,1.224,89.0,5714285.0,3.895,False
2019,jacksed01,Edwin Jackson,2TM,P,SP,35.0,18.0,-2.4,3.0,,,,,,,67.67,13.0,0.0,9.58,49.0,7.65,2.025,52.0,100000.0,12.233,False
2019,jackslu01,Luke Jackson,ATL,P,RP,27.0,70.0,0.9,,,,,,,,72.67,0,18.0,3.84,120.0,3.24,1.404,106.0,585000.0,2.11,False
2019,jamesjo02,Josh James,HOU,P,RP,26.0,49.0,0,,,,,,,,61.33,1.0,1.0,4.7,99.0,3.98,1.321,100.0,556800.0,0.174,False
2019,janseda01,Danny Jansen,TOR,H,C,24.0,107.0,1.0,384.0,13.0,0.0,0.207,0.279,0.36,70.0,,,,,,,,,558700.0,0.291,False
2019,janseke01,Kenley Jansen,LAD,P,RP,31.0,62.0,0.1,1.0,,,,,,,63.0,0,33.0,3.71,112.0,3.48,1.063,80.0,19333334.0,8.424,False
2019,jeffrje01,Jeremy Jeffress,MIL,P,RP,31.0,48.0,-0.3,1.0,,,,,,,52.0,0,1.0,5.02,89.0,3.96,1.365,46.0,3175000.0,5.605,False
2019,jimenel02,Eloy Jiménez,CHW,H,LF,22.0,122.0,1.6,504.0,31.0,0.0,0.267,0.315,0.513,116.0,,,,,,,,,1833333.0,0.0,False
2019,jimenjo02,Joe Jiménez,DET,P,RP,24.0,66.0,0.7,,,,,,,,59.67,0,9.0,4.37,109.0,4.66,1.324,82.0,569200.0,1.448,False
2019,jonesad01,Adam Jones,ARI,H,RF,33.0,137.0,-0.7,528.0,16.0,2.0,0.26,0.313,0.414,87.0,,,,,,,,,3000000.0,11.808,False
2019,jonesja07,JaCoby Jones,DET,H,CF,27.0,88.0,-0.3,333.0,11.0,7.0,0.235,0.31,0.43,93.0,,,,,,,,,567100.0,1.727,False
2019,judgeaa01,Aaron Judge,NYY,H,RF,27.0,102.0,5.6,447.0,27.0,3.0,0.272,0.381,0.54,143.0,,,,,,,,,684300.0,2.297,False
2019,junisja01,Jakob Junis,KCR,P,SP,26.0,31.0,1.3,2.0,,,,,,,175.33,31.0,0.0,5.24,91.0,4.82,1.426,164.0,578250.0,1.506,False
2019,juradar01,Ariel Jurado,TEX,P,SP,23.0,32.0,-0.1,1.0,,,,,,,122.33,18.0,0.0,5.81,89.0,5.1,1.504,81.0,,,False
2019,kahnlto01,Tommy Kahnle,NYY,P,RP,29.0,72.0,0.8,,,,,,,,61.33,0,0.0,3.67,122.0,3.33,1.06,88.0,1387000.0,3.762,False
2019,kellebr01,Brad Keller,KCR,P,SP,23.0,28.0,3.0,10.0,,,,,,,165.33,28.0,0.0,4.19,114.0,4.35,1.355,122.0,578125.0,1.0,False
2019,kellyca02,Carson Kelly,ARI,H,C,24.0,111.0,1.5,365.0,18.0,0.0,0.245,0.348,0.478,112.0,,,,,,,,,560000.0,0.936,False
2019,kellyjo05,Joe Kelly,LAD,P,RP,31.0,55.0,-0.6,3.0,,,,,,,51.33,0,1.0,4.56,91.0,3.78,1.383,62.0,3333333.0,6.169,False
2019,kellyme01,Merrill Kelly,ARI,P,SP,30.0,32.0,0.6,60.0,,,,,,,183.33,32.0,0.0,4.42,101.0,4.51,1.315,158.0,2000000.0,0.0,False
2019,kendrho01,Howie Kendrick,WSN,H,1B,35.0,121.0,2.8,370.0,17.0,2.0,0.344,0.395,0.572,146.0,,,,,,,,,4000000.0,12.529,False
2019,kenneia01,Ian Kennedy,KCR,P,RP,34.0,63.0,1.6,,,,,,,,63.33,0,30.0,3.41,140.0,2.99,1.279,73.0,16500000.0,9.721,False
2019,keplema01,Max Kepler,MIN,H,RF,26.0,134.0,4.0,596.0,36.0,1.0,0.252,0.336,0.519,123.0,,,,,,,,,6000000.0,2.884,False
2019,kershcl01,Clayton Kershaw,LAD,P,SP,31.0,29.0,3.3,65.0,,,,,,,178.33,28.0,0.0,3.03,137.0,3.86,1.043,189.0,31000000.0,10.61,False
2019,keuchda01,Dallas Keuchel,ATL,P,SP,31.0,19.0,2.2,41.0,,,,,,,112.67,19.0,0.0,3.75,122.0,4.72,1.367,91.0,13000000.0,6.517,False
2019,kiermke01,Kevin Kiermaier,TBR,H,CF,29.0,129.0,2.3,480.0,14.0,19.0,0.228,0.278,0.398,79.0,,,,,,,,,8166667.0,4.762,False
2019,kikucyu01,Yusei Kikuchi,SEA,P,SP,28.0,32.0,0.3,2.0,,,,,,,161.67,32.0,0.0,5.46,80.0,5.71,1.515,116.0,10000000.0,0.0,False
2019,kingesc01,Scott Kingery,PHI,H,CF,25.0,126.0,2.7,500.0,19.0,15.0,0.258,0.315,0.474,101.0,,,,,,,,,1500000.0,1.0,False
2019,kinghni01,Nick Kingham,2TM,P,RP,27.0,25.0,-1.1,8.0,,,,,,,55.67,4.0,1.0,7.28,61.0,5.48,1.85,46.0,569000.0,0.535,False
2019,kintzbr01,Brandon Kintzler,CHC,P,RP,34.0,62.0,1.6,,,,,,,,57.0,0,1.0,2.68,165.0,3.56,1.018,48.0,,7.017,False
2019,kipnija01,Jason Kipnis,CLE,H,2B,32.0,121.0,0.6,511.0,17.0,7.0,0.245,0.304,0.41,84.0,,,,,,,,,14666667.0,7.401,False
2019,kolarad01,Adam Kolarek,2TM,P,RP,30.0,80.0,0.8,,,,,,,,55.0,0,1.0,3.27,134.0,4.27,1.164,45.0,560800.0,0.709,False
2019,lambepe01,Peter Lambert,COL,P,SP,22.0,19.0,-0.4,34.0,,,,,,,89.33,19.0,0.0,7.25,71.0,5.97,1.735,57.0,555000,0.0,True
2019,lametdi01,Dinelson Lamet,SDP,P,SP,26.0,14.0,0.5,24.0,,,,,,,73.0,14.0,0.0,4.07,103.0,3.91,1.26,105.0,566700.0,1.756,False
2019,lasteto01,Tommy La Stella,LAA,H,2B,30.0,80.0,1.8,321.0,16.0,0.0,0.295,0.346,0.486,118.0,,,,,,,,,1350000.0,4.331,False
2019,lauerer01,Eric Lauer,SDP,P,SP,24.0,30.0,1.2,48.0,,,,,,,149.67,29.0,0.0,4.45,94.0,4.23,1.396,138.0,562500.0,0.93,False
2019,laurera01,Ramón Laureano,ATH,H,CF,24.0,123.0,3.5,481.0,24.0,13.0,0.288,0.34,0.521,129.0,,,,,,,,,557500.0,0.343,False
2019,lawde01,Derek Law,TOR,P,RP,28.0,58.0,0,,,,,,,,60.67,4.0,5.0,4.9,93.0,4.85,1.665,67.0,,3.0,False
2019,leakemi01,Mike Leake,2TM,P,SP,31.0,32.0,1.1,24.0,,,,,,,197.0,32.0,0.0,4.29,102.0,5.19,1.289,127.0,16000000.0,9.0,False
2019,leblawa01,Wade LeBlanc,SEA,P,RP,34.0,26.0,0.2,2.0,,,,,,,121.33,8.0,0.0,5.71,76.0,5.49,1.451,92.0,450000.0,5.762,False
2019,leclejo01,José Leclerc,TEX,P,RP,25.0,70.0,1.4,,,,,,,,68.67,3.0,14.0,4.33,120.0,3.59,1.325,100.0,1500000.0,2.238,False
2019,lemahdj01,DJ LeMahieu,NYY,H,2B,30.0,145.0,5.6,655.0,26.0,5.0,0.327,0.375,0.518,136.0,,,,,,,,,12000000.0,6.744,False
2019,lestejo01,Jon Lester,CHC,P,SP,35.0,31.0,1.2,53.0,,,,,,,171.67,31.0,0.0,4.46,99.0,4.26,1.497,165.0,27500000.0,12.436,False
2019,lindofr01,Francisco Lindor,CLE,H,SS,25.0,143.0,4.8,654.0,32.0,22.0,0.284,0.335,0.518,118.0,,,,,,,,,10850000.0,3.657,False
2019,liriafr01,Francisco Liriano,PIT,P,RP,35.0,69.0,1.1,2.0,,,,,,,70.0,0,0.0,3.47,125.0,4.53,1.357,63.0,100000.0,12.605,False
2019,longoev01,Evan Longoria,SFG,H,3B,33.0,129.0,2.2,508.0,20.0,3.0,0.254,0.325,0.437,101.0,,,,,,,,,14666667.0,10.988,False
2019,lopezjo02,Jorge López,KCR,P,RP,26.0,39.0,-1.1,2.0,,,,,,,123.67,18.0,1.0,6.33,75.0,5.55,1.472,109.0,562250.0,0.593,False
2019,lopezni01,Nicky Lopez,KCR,H,2B,24.0,103.0,-0.2,402.0,2.0,1.0,0.24,0.276,0.325,58.0,,,,,,,,,,0.0,False
2019,lopezpa01,Pablo López,MIA,P,SP,23.0,21.0,0.7,36.0,,,,,,,111.33,21.0,0.0,5.09,84.0,4.28,1.24,95.0,555000.0,0.541,False
2019,lopezre01,Reynaldo López,CHW,P,SP,25.0,33.0,0.2,4.0,,,,,,,184.0,33.0,0.0,5.38,85.0,5.04,1.457,169.0,580000.0,1.558,False
2019,lopezyo01,Yoan López,ARI,P,RP,26.0,70.0,0.6,,,,,,,,60.67,0,1.0,3.41,131.0,5.03,1.137,42.0,556900.0,0.163,False
2019,lorenmi01,Michael Lorenzen,CIN,P,RP,27.0,73.0,2.7,53.0,,,,,,,83.33,0,7.0,2.92,160.0,3.66,1.152,85.0,1950000.0,3.924,False
2019,lowebr01,Brandon Lowe,TBR,H,2B,24.0,82.0,2.9,327.0,17.0,5.0,0.27,0.336,0.514,125.0,,,,,,,,,1000000.0,0.337,False
2019,lucchjo01,Joey Lucchesi,SDP,P,SP,26.0,30.0,1.9,54.0,,,,,,,163.67,30.0,0.0,4.18,100.0,4.17,1.222,158.0,565100.0,1.0,False
2019,lucrojo01,Jonathan Lucroy,2TM,H,C,33.0,101.0,-1.1,328.0,8.0,0.0,0.232,0.305,0.355,74.0,,,,,,,,,3350000.0,8.791,False
2019,lugose01,Seth Lugo,NYM,P,RP,29.0,61.0,2.2,1.0,,,,,,,80.0,0,6.0,2.7,152.0,2.7,0.9,104.0,591875.0,2.477,False
2019,lylesjo01,Jordan Lyles,2TM,P,SP,28.0,28.0,2.0,48.0,,,,,,,141.0,28.0,0.0,4.15,106.0,4.64,1.319,146.0,2300000.0,7.012,False
2019,lynnla01,Lance Lynn,TEX,P,SP,32.0,33.0,7.7,2.0,,,,,,,208.33,33.0,0.0,3.67,141.0,3.13,1.219,246.0,9333333.0,7.692,False
2019,machama01,Manny Machado,SDP,H,3B,26.0,156.0,2.5,661.0,32.0,5.0,0.256,0.334,0.462,110.0,,,,,,,,,12000000.0,6.326,False
2019,maedake01,Kenta Maeda,LAD,P,SP,31.0,37.0,1.9,61.0,,,,,,,153.67,26.0,3.0,4.04,102.0,3.95,1.074,169.0,3125000.0,3.0,False
2019,magilma01,Matt Magill,2TM,P,RP,29.0,50.0,0,,,,,,,,50.67,0,5.0,4.09,110.0,3.79,1.401,64.0,560000.0,1.18,False
2019,mahlety01,Tyler Mahle,CIN,P,SP,24.0,25.0,0.1,41.0,,,,,,,129.67,25.0,0.0,5.14,91.0,4.66,1.311,129.0,570000.0,1.105,False
2019,maldoma01,Martín Maldonado,3TM,H,C,32.0,105.0,1.2,374.0,12.0,0.0,0.213,0.293,0.378,75.0,,,,,,,,,2500000.0,6.907,False
2019,mancitr01,Trey Mancini,BAL,H,RF,27.0,154.0,3.7,679.0,35.0,1.0,0.291,0.364,0.535,134.0,,,,,,,,,575500.0,2.087,False
2019,margeni01,Nick Margevicius,SDP,P,SP,23.0,17.0,-0.8,17.0,,,,,,,57.0,12.0,0.0,6.79,62.0,5.64,1.614,42.0,555000,,True
2019,margoma01,Manuel Margot,SDP,H,CF,24.0,151.0,1.8,441.0,12.0,20.0,0.234,0.304,0.387,83.0,,,,,,,,,577100.0,2.07,False
2019,marisja01,Jake Marisnick,HOU,H,CF,28.0,120.0,1.4,318.0,10.0,10.0,0.233,0.289,0.411,80.0,,,,,,,,,2212000.0,4.767,False
2019,markani01,Nick Markakis,ATL,H,RF,35.0,116.0,0.8,469.0,9.0,2.0,0.285,0.356,0.42,97.0,,,,,,,,,4000000.0,13.0,False
2019,marquge01,Germán Márquez,COL,P,SP,24.0,28.0,3.1,58.0,,,,,,,174.0,28.0,0.0,4.76,108.0,4.06,1.201,175.0,565000.0,2.157,False
2019,marshev01,Evan Marshall,CHW,P,RP,29.0,55.0,1.7,,,,,,,,50.67,0,0.0,2.49,185.0,4.3,1.303,41.0,555000,2.523,True
2019,marteke01,Ketel Marte,ARI,H,CF,25.0,144.0,6.9,628.0,32.0,10.0,0.329,0.389,0.592,149.0,,,,,,,,,2400000.0,2.942,False
2019,martest01,Starling Marte,PIT,H,CF,30.0,132.0,2.9,586.0,23.0,25.0,0.295,0.342,0.503,119.0,,,,,,,,,10333334.0,5.942,False
2019,martibr01,Brett Martin,TEX,P,RP,24.0,51.0,0.7,,,,,,,,62.33,2.0,0.0,4.76,109.0,3.65,1.444,62.0,555000,0.0,True
2019,martich02,Chris Martin,2TM,P,RP,33.0,58.0,1.6,,,,,,,,55.67,0,4.0,3.4,148.0,3.25,1.024,65.0,2250000.0,1.773,False
2019,martijd02,J.D. Martinez,BOS,H,DH,31.0,146.0,3.5,657.0,36.0,2.0,0.304,0.383,0.557,139.0,,,,,,,,,23750000.0,7.209,False
2019,martijo08,José Martínez,STL,H,RF,30.0,128.0,-0.3,373.0,10.0,3.0,0.269,0.34,0.41,98.0,,,,,,,,,1125000.0,2.157,False
2019,martiri01,Richie Martin,BAL,H,SS,24.0,120.0,-1.0,309.0,6.0,10.0,0.208,0.26,0.322,53.0,,,,,,,,,555000.0,0.0,False
2019,matzst01,Steven Matz,NYM,P,SP,28.0,32.0,2.1,61.0,,,,,,,160.33,30.0,0.0,4.21,97.0,4.6,1.341,153.0,2625000.0,3.576,False
2019,maytr01,Trevor May,MIN,P,RP,29.0,65.0,1.3,,,,,,,,64.33,0,2.0,2.94,155.0,3.73,1.073,79.0,900000.0,4.07,False
2019,mayzati01,Tim Mayza,TOR,P,RP,27.0,68.0,0.1,,,,,,,,51.33,0,0.0,4.91,93.0,4.73,1.403,55.0,568300.0,0.907,False
2019,mazarno01,Nomar Mazara,TEX,H,RF,24.0,116.0,1.0,469.0,19.0,4.0,0.268,0.318,0.469,96.0,,,,,,,,,3300000.0,3.0,False
2019,mccanbr01,Brian McCann,ATL,H,C,35.0,85.0,0.2,316.0,12.0,0.0,0.249,0.323,0.412,85.0,,,,,,,,,2000000.0,13.68,False
2019,mccanja02,James McCann,CHW,H,C,29.0,118.0,3.6,476.0,18.0,4.0,0.273,0.328,0.46,108.0,,,,,,,,,2500000.0,4.163,False
2019,mccarke01,Kevin McCarthy,KCR,P,RP,27.0,56.0,0.6,,,,,,,,60.33,0,1.0,4.48,107.0,3.96,1.475,38.0,578250.0,1.721,False
2019,mcfartj01,T.J. McFarland,ARI,P,RP,30.0,51.0,-0.7,5.0,,,,,,,56.0,0,0.0,4.82,93.0,4.48,1.625,35.0,1400000.0,4.953,False
2019,mchugco01,Collin McHugh,HOU,P,RP,32.0,35.0,0.3,,,,,,,,74.67,8.0,0.0,4.7,99.0,4.43,1.232,82.0,5800000.0,5.494,False
2019,mcmahry01,Ryan McMahon,COL,H,2B,24.0,141.0,1.9,539.0,24.0,5.0,0.25,0.329,0.45,88.0,,,,,,,,,560000.0,1.035,False
2019,mcneije01,Jeff McNeil,NYM,H,LF,27.0,133.0,5.2,567.0,23.0,5.0,0.318,0.384,0.531,143.0,,,,,,,,,567714.0,0.401,False
2019,meadoau01,Austin Meadows,TBR,H,RF,24.0,138.0,4.0,591.0,33.0,12.0,0.291,0.364,0.558,144.0,,,,,,,,,557400.0,0.43,False
2019,meansjo01,John Means,BAL,P,SP,26.0,31.0,4.5,3.0,,,,,,,155.0,27.0,0.0,3.6,131.0,4.41,1.135,121.0,555500.0,0.041,False
2019,melanma01,Mark Melancon,2TM,P,RP,34.0,66.0,1.1,,,,,,,,67.33,0,12.0,3.61,120.0,2.86,1.322,68.0,14000000.0,8.57,False
2019,mengdda01,Daniel Mengden,ATH,P,SP,26.0,13.0,0.4,2.0,,,,,,,59.67,9.0,1.0,4.83,89.0,4.69,1.441,42.0,555000,1.913,True
2019,mercaos01,Óscar Mercado,CLE,H,CF,24.0,115.0,2.2,482.0,15.0,15.0,0.269,0.318,0.443,96.0,,,,,,,,,555000,,True
2019,merriwh01,Whit Merrifield,KCR,H,2B,30.0,162.0,3.5,735.0,16.0,20.0,0.302,0.348,0.463,111.0,,,,,,,,,1000000.0,2.587,False
2019,mikolmi01,Miles Mikolas,STL,P,SP,30.0,32.0,1.6,62.0,,,,,,,184.0,32.0,0.0,4.16,101.0,4.27,1.223,144.0,8000000.0,2.215,False
2019,mileywa01,Wade Miley,HOU,P,SP,32.0,33.0,1.6,6.0,,,,,,,167.33,33.0,0.0,3.98,116.0,4.51,1.345,140.0,4500000.0,7.145,False
2019,millean01,Andrew Miller,STL,P,RP,34.0,73.0,-0.5,,,,,,,,54.67,0,6.0,4.45,95.0,5.19,1.317,70.0,11000000.0,10.36,False
2019,milonto01,Tommy Milone,SEA,P,RP,32.0,23.0,1.3,2.0,,,,,,,111.67,6.0,0.0,4.76,92.0,5.0,1.119,94.0,,5.657,False
2019,minormi01,Mike Minor,TEX,P,SP,31.0,32.0,7.8,10.0,,,,,,,208.33,32.0,0.0,3.59,144.0,4.25,1.238,200.0,9833333.0,7.802,False
2019,molinya01,Yadier Molina,STL,H,C,36.0,113.0,1.4,452.0,10.0,6.0,0.27,0.312,0.399,87.0,,,,,,,,,20000000.0,14.715,False
2019,moncayo01,Yoán Moncada,CHW,H,3B,24.0,132.0,5.1,559.0,25.0,10.0,0.315,0.367,0.548,140.0,,,,,,,,,575000.0,1.616,False
2019,mondera02,Adalberto Mondesí,KCR,H,SS,23.0,102.0,2.0,443.0,9.0,43.0,0.263,0.291,0.424,85.0,,,,,,,,,576000.0,1.512,False
2019,montafr02,Frankie Montas,ATH,P,SP,26.0,16.0,2.6,2.0,,,,,,,96.0,16.0,0.0,2.63,164.0,3.0,1.115,103.0,560000.0,1.517,False
2019,montgmi01,Mike Montgomery,2TM,P,RP,29.0,33.0,0.3,6.0,,,,,,,91.0,13.0,0.0,4.95,95.0,5.52,1.615,69.0,2440000.0,3.517,False
2019,moranco01,Colin Moran,PIT,H,3B,26.0,149.0,-1.0,503.0,13.0,0.0,0.277,0.322,0.429,96.0,,,,,,,,,579500.0,1.622,False
2019,morelmi01,Mitch Moreland,BOS,H,1B,33.0,91.0,1.2,335.0,19.0,1.0,0.252,0.328,0.507,111.0,,,,,,,,,6500000.0,8.39,False
2019,morinmi01,Mike Morin,2TM,P,RP,28.0,52.0,-0.1,,,,,,,,50.67,0,1.0,4.62,98.0,4.56,1.105,26.0,,4.174,False
2019,moronre01,Reyes Moronta,SFG,P,RP,26.0,56.0,1.5,,,,,,,,56.67,0,0.0,2.86,147.0,3.57,1.306,70.0,567500.0,1.163,False
2019,mortoch02,Charlie Morton,TBR,P,SP,35.0,33.0,4.9,2.0,,,,,,,194.67,33.0,0.0,3.05,144.0,2.81,1.084,240.0,15000000.0,10.058,False
2019,moustmi01,Mike Moustakas,MIL,H,3B,30.0,143.0,2.8,584.0,35.0,3.0,0.254,0.329,0.516,114.0,,,,,,,,,8000000.0,7.645,False
2019,muncyma01,Max Muncy,LAD,H,2B,28.0,141.0,5.3,589.0,35.0,4.0,0.251,0.374,0.515,132.0,,,,,,,,,575000.0,2.157,False
2019,murphda08,Daniel Murphy,COL,H,1B,34.0,132.0,0.7,478.0,13.0,1.0,0.279,0.328,0.452,89.0,,,,,,,,,10000000.0,9.634,False
2019,musgrjo01,Joe Musgrove,PIT,P,SP,26.0,32.0,1.7,61.0,,,,,,,170.33,31.0,0.0,4.44,97.0,3.82,1.215,157.0,582500.0,2.366,False
2019,myerswi01,Wil Myers,SDP,H,LF,28.0,155.0,-0.3,490.0,18.0,16.0,0.239,0.321,0.418,96.0,,,,,,,,,5500000.0,5.605,False
2019,narvaom01,Omar Narváez,SEA,H,C,27.0,132.0,2.3,482.0,22.0,0.0,0.278,0.353,0.46,119.0,,,,,,,,,581200.0,2.517,False
2019,nerishe01,Hector Neris,PHI,P,RP,30.0,68.0,1.7,1.0,,,,,,,67.67,0,28.0,2.93,152.0,3.83,1.02,89.0,1800000.0,3.395,False
2019,newcose01,Sean Newcomb,ATL,P,RP,26.0,55.0,1.3,8.0,,,,,,,68.33,4.0,1.0,3.16,145.0,4.24,1.317,65.0,575000.0,1.663,False
2019,newmake01,Kevin Newman,PIT,H,SS,25.0,130.0,3.0,531.0,12.0,16.0,0.308,0.353,0.446,110.0,,,,,,,,,557500.0,0.267,False
2019,nolaaa01,Aaron Nola,PHI,P,SP,26.0,34.0,3.9,70.0,,,,,,,202.33,34.0,0.0,3.87,115.0,4.03,1.265,229.0,4500000.0,3.442,False
2019,norrida01,Daniel Norris,DET,P,SP,26.0,32.0,3.1,6.0,,,,,,,144.33,29.0,0.0,4.49,106.0,4.61,1.33,125.0,1275000.0,3.424,False
2019,novaiv01,Iván Nova,CHW,P,SP,32.0,34.0,1.8,5.0,,,,,,,187.0,34.0,0.0,4.72,97.0,4.98,1.455,114.0,9167000.0,8.14,False
2019,nunezre01,Renato Núñez,BAL,H,DH,25.0,151.0,0.4,599.0,31.0,1.0,0.244,0.311,0.46,101.0,,,,,,,,,562000.0,0.971,False
2019,obergsc01,Scott Oberg,COL,P,RP,29.0,49.0,2.2,1.0,,,,,,,56.0,0,5.0,2.25,230.0,3.54,1.107,58.0,1300000.0,3.366,False
2019,odorija01,Jake Odorizzi,MIN,P,SP,29.0,30.0,3.8,3.0,,,,,,,159.0,30.0,0.0,3.51,129.0,3.36,1.208,178.0,9500000.0,5.244,False
2019,odorro01,Rougned Odor,TEX,H,2B,25.0,145.0,-0.2,581.0,30.0,11.0,0.205,0.283,0.439,79.0,,,,,,,,,7833333.0,4.703,False
2019,ohearry01,Ryan O'Hearn,KCR,H,1B,25.0,105.0,-1.4,370.0,14.0,0.0,0.195,0.281,0.369,69.0,,,,,,,,,557650.0,0.36,False
2019,ohtansh01,Shohei Ohtani,LAA,H,DH,24.0,106.0,2.4,425.0,18.0,12.0,0.286,0.343,0.505,121.0,,,,,,,,,650000.0,1.0,False
2019,olsonma02,Matt Olson,ATH,H,1B,25.0,127.0,5.1,547.0,36.0,0.0,0.267,0.351,0.545,139.0,,,,,,,,,575000.0,1.599,False
2019,osichjo01,Josh Osich,CHW,P,RP,30.0,57.0,0.4,1.0,,,,,,,67.67,0,0.0,4.66,99.0,4.96,1.138,61.0,,3.436,False
2019,osunaro01,Roberto Osuna,HOU,P,RP,24.0,66.0,1.8,,,,,,,,65.0,0,38.0,2.63,176.0,3.21,0.877,73.0,6500000.0,3.564,False
2019,ottavad01,Adam Ottavino,NYY,P,RP,33.0,73.0,2.3,,,,,,,,66.33,0,2.0,1.9,235.0,3.44,1.312,88.0,9000000.0,7.506,False
2019,ozunama01,Marcell Ozuna,STL,H,LF,28.0,130.0,2.2,549.0,29.0,12.0,0.241,0.328,0.472,109.0,,,,,,,,,12250000.0,5.721,False
2019,paddach01,Chris Paddack,SDP,P,SP,23.0,26.0,2.7,46.0,,,,,,,140.67,26.0,0.0,3.33,126.0,3.95,0.981,153.0,555000.0,0.0,False
2019,paganem01,Emilio Pagán,TBR,P,RP,28.0,66.0,2.3,1.0,,,,,,,70.0,0,20.0,2.31,190.0,3.3,0.829,96.0,555000,1.57,True
2019,panikjo01,Joe Panik,2TM,H,2B,28.0,142.0,-0.7,491.0,5.0,4.0,0.244,0.315,0.336,75.0,,,,,,,,,3800000.0,4.581,False
2019,pannoth01,Thomas Pannone,TOR,P,RP,25.0,37.0,-0.5,,,,,,,,73.0,7.0,0.0,6.16,74.0,5.16,1.425,69.0,560100.0,0.285,False
2019,parkebl01,Blake Parker,2TM,P,RP,34.0,60.0,0.3,1.0,,,,,,,61.33,2.0,10.0,4.55,100.0,5.07,1.223,65.0,1800000.0,4.209,False
2019,parrage01,Gerardo Parra,2TM,H,RF,32.0,119.0,1.0,301.0,9.0,8.0,0.234,0.293,0.391,77.0,,0,0.0,,3.0,,,0.0,1600000.0,9.843,False
2019,paxtoja01,James Paxton,NYY,P,SP,30.0,29.0,2.3,8.0,,,,,,,150.67,29.0,0.0,3.82,116.0,3.86,1.281,186.0,8575000.0,4.878,False
2019,peacobr01,Brad Peacock,HOU,P,SP,31.0,23.0,1.1,,,,,,,,91.67,15.0,0.0,4.12,112.0,4.42,1.189,96.0,3110000.0,4.959,False
2019,pederjo01,Joc Pederson,LAD,H,LF,27.0,149.0,2.7,514.0,36.0,1.0,0.249,0.339,0.538,126.0,,,,,,,,,5000000.0,4.163,False
2019,penafe01,Félix Peña,LAA,P,RP,29.0,22.0,1.0,2.0,,,,,,,96.33,7.0,0.0,4.58,101.0,4.52,1.183,101.0,569000.0,1.459,False
2019,pencehu01,Hunter Pence,TEX,H,DH,36.0,83.0,1.6,316.0,18.0,6.0,0.297,0.358,0.552,126.0,,,,,,,,,2000000.0,11.907,False
2019,peralda01,David Peralta,ARI,H,LF,31.0,99.0,1.8,423.0,12.0,0.0,0.275,0.343,0.461,106.0,,,,,,,,,7000000.0,4.698,False
2019,peralfr01,Freddy Peralta,MIL,P,RP,23.0,39.0,-0.8,16.0,,,,,,,85.0,8.0,1.0,5.29,84.0,4.18,1.459,115.0,564600.0,0.523,False
2019,perazjo01,José Peraza,CIN,H,2B,25.0,141.0,-1.1,403.0,6.0,7.0,0.239,0.285,0.346,60.0,1.33,0,0.0,0.0,,3.21,0.75,0.0,2775000.0,2.82,False
2019,perdolu02,Luis Perdomo,SDP,P,RP,26.0,47.0,0.7,7.0,,,,,,,72.0,1.0,0.0,4.0,105.0,3.6,1.208,55.0,,3.0,False
2019,perezma02,Martín Pérez,MIN,P,SP,28.0,32.0,0.5,3.0,,,,,,,165.33,29.0,0.0,5.12,89.0,4.66,1.518,135.0,3500000.0,6.221,False
2019,perezro02,Roberto Pérez,CLE,H,C,30.0,119.0,4.1,449.0,24.0,0.0,0.239,0.321,0.452,99.0,,,,,,,,,2625000.0,4.483,False
2019,peterdi01,Dillon Peters,LAA,P,SP,26.0,17.0,0.1,,,,,,,,72.0,12.0,0.0,5.38,86.0,6.23,1.542,55.0,555000,1.18,True
2019,petityu01,Yusmeiro Petit,ATH,P,RP,34.0,80.0,2.5,1.0,,,,,,,83.0,0,0.0,2.71,159.0,3.59,0.807,71.0,5500000.0,8.093,False
2019,phamth01,Tommy Pham,TBR,H,LF,31.0,145.0,3.9,654.0,21.0,25.0,0.273,0.369,0.45,120.0,,,,,,,,,4100000.0,3.622,False
2019,phegljo01,Josh Phegley,ATH,H,C,31.0,106.0,0.3,342.0,12.0,0.0,0.239,0.282,0.411,86.0,,,,,,,,,1075000.0,4.506,False
2019,pillake01,Kevin Pillar,2TM,H,CF,30.0,161.0,0.3,645.0,21.0,14.0,0.259,0.287,0.432,88.0,,,,,,,,,5800000.0,4.657,False
2019,pindech01,Chad Pinder,ATH,H,LF,27.0,124.0,1.7,370.0,13.0,0.0,0.24,0.29,0.416,89.0,,,,,,,,,565000.0,2.273,False
2019,pinedmi01,Michael Pineda,MIN,P,SP,30.0,26.0,2.5,4.0,,,,,,,146.0,26.0,0.0,4.01,113.0,4.02,1.158,140.0,8000000.0,7.576,False
2019,piscost01,Stephen Piscotty,ATH,H,RF,28.0,93.0,1.0,393.0,13.0,2.0,0.249,0.309,0.412,94.0,,,,,,,,,7333333.0,3.442,False
2019,pivetni01,Nick Pivetta,PHI,P,RP,26.0,30.0,-0.7,27.0,,,,,,,93.67,13.0,1.0,5.38,83.0,5.47,1.516,89.0,598000.0,1.75,False
2019,plesaza01,Zach Plesac,CLE,P,SP,24.0,21.0,1.9,1.0,,,,,,,115.67,21.0,0.0,3.81,124.0,4.94,1.228,88.0,555000,0.0,True
2019,plutkad01,Adam Plutko,CLE,P,SP,27.0,21.0,0.4,2.0,,,,,,,109.33,20.0,0.0,4.86,97.0,5.23,1.29,78.0,555000,,True
2019,pocheco01,Colin Poche,TBR,P,RP,25.0,51.0,0,,,,,,,,51.67,0,2.0,4.7,94.0,4.08,1.006,72.0,555000,0.0,True
2019,polanjo01,Jorge Polanco,MIN,H,SS,25.0,153.0,4.6,704.0,22.0,4.0,0.295,0.356,0.485,121.0,,,,,,,,,3583333.0,2.14,False
2019,polloaj01,AJ Pollock,LAD,H,CF,31.0,86.0,0,342.0,15.0,5.0,0.266,0.327,0.468,107.0,,,,,,,,,4000000.0,6.302,False
2019,pomerdr01,Drew Pomeranz,2TM,P,RP,30.0,46.0,0.5,20.0,,,,,,,104.0,18.0,2.0,4.85,88.0,4.59,1.433,137.0,1500000.0,6.076,False
2019,porceri01,Rick Porcello,BOS,P,SP,30.0,32.0,0.7,6.0,,,,,,,174.33,32.0,0.0,5.52,88.0,4.76,1.394,143.0,21125000.0,9.988,False
2019,poseybu01,Buster Posey,SFG,H,C,32.0,114.0,0.8,445.0,7.0,0.0,0.257,0.32,0.368,83.0,,,,,,,,,22177778.0,8.936,False
2019,pressry01,Ryan Pressly,HOU,P,RP,30.0,55.0,1.7,,,,,,,,54.33,0,3.0,2.32,200.0,2.66,0.902,72.0,2900000.0,5.227,False
2019,priceda01,David Price,BOS,P,SP,33.0,22.0,1.6,2.0,,,,,,,107.33,22.0,0.0,4.28,114.0,3.62,1.314,128.0,31000000.0,9.953,False
2019,profaju01,Jurickson Profar,ATH,H,2B,26.0,139.0,0,518.0,20.0,9.0,0.218,0.301,0.41,91.0,,,,,,,,,3600000.0,4.959,False
2019,puigya01,Yasiel Puig,2TM,H,RF,28.0,149.0,1.0,611.0,24.0,19.0,0.267,0.327,0.458,99.0,,,,,,,,,9700000.0,5.593,False
2019,pujolal01,Albert Pujols,LAA,H,1B,39.0,131.0,0.2,545.0,23.0,3.0,0.244,0.305,0.43,92.0,,,,,,,,,28000000.0,18.0,False
2019,quantca01,Cal Quantrill,SDP,P,SP,24.0,23.0,0.4,30.0,,,,,,,103.0,18.0,0.0,5.16,81.0,4.28,1.301,89.0,,0.0,False
2019,quintjo01,Jose Quintana,CHC,P,SP,30.0,32.0,0.4,63.0,,,,,,,171.0,31.0,0.0,4.68,94.0,3.8,1.386,152.0,10500000.0,6.773,False
2019,ramirha02,Harold Ramírez,MIA,H,LF,24.0,119.0,0.2,446.0,11.0,2.0,0.276,0.312,0.416,91.0,,,,,,,,,,0.0,False
2019,ramirjo01,José Ramírez,CLE,H,3B,26.0,129.0,3.0,542.0,23.0,24.0,0.255,0.327,0.479,106.0,,,,,,,,,4150000.0,4.43,False
2019,ramirni01,Nick Ramirez,DET,P,RP,29.0,46.0,1.0,1.0,,,,,,,79.67,0,0.0,4.07,117.0,4.51,1.393,74.0,555000,0.0,True
2019,ramirno01,Noé Ramirez,LAA,P,RP,29.0,51.0,1.1,,,,,,,,67.67,7.0,0.0,3.99,116.0,3.72,1.167,79.0,569000.0,1.808,False
2019,ramoswi01,Wilson Ramos,NYM,H,C,31.0,141.0,2.1,524.0,14.0,1.0,0.288,0.351,0.416,106.0,,,,,,,,,7250000.0,8.273,False
2019,rayro02,Robbie Ray,ARI,P,SP,27.0,33.0,1.0,60.0,,,,,,,174.33,33.0,0.0,4.34,103.0,4.29,1.342,235.0,6050000.0,4.041,False
2019,realmjt01,J.T. Realmuto,PHI,H,C,28.0,145.0,4.5,593.0,25.0,9.0,0.275,0.328,0.493,109.0,,,,,,,,,5900000.0,4.221,False
2019,reddijo01,Josh Reddick,HOU,H,RF,32.0,141.0,1.3,550.0,14.0,5.0,0.275,0.319,0.409,89.0,,,,,,,,,13000000.0,8.291,False
2019,rendoan01,Anthony Rendon,WSN,H,3B,29.0,146.0,7.3,646.0,34.0,5.0,0.319,0.412,0.598,157.0,,,,,,,,,18800000.0,5.756,False
2019,renfrhu01,Hunter Renfroe,SDP,H,RF,27.0,140.0,2.3,494.0,33.0,5.0,0.216,0.289,0.489,103.0,,,,,,,,,582100.0,1.959,False
2019,rengilu01,Luis Rengifo,LAA,H,2B,22.0,108.0,1.0,406.0,7.0,2.0,0.238,0.321,0.364,82.0,,,,,,,,,,0.0,False
2019,reyesfr01,Franmil Reyes,2TM,H,RF,23.0,150.0,0.4,548.0,37.0,0.0,0.249,0.31,0.512,112.0,,,,,,,,,570500.0,0.669,False
2019,reynobr01,Bryan Reynolds,PIT,H,LF,24.0,134.0,4.2,546.0,16.0,3.0,0.314,0.377,0.503,130.0,,,,,,,,,,0.0,False
2019,richatr01,Trevor Richards,2TM,P,SP,26.0,30.0,1.9,34.0,,,,,,,135.33,23.0,0.0,4.06,106.0,4.51,1.352,127.0,570000.0,0.826,False
2019,riverfe01,Felipe Vázquez,PIT,P,RP,27.0,56.0,2.9,2.0,,,,,,,60.0,0,28.0,1.65,263.0,2.15,0.933,90.0,4500000.0,3.942,False
2019,rizzoan01,Anthony Rizzo,CHC,H,1B,29.0,146.0,4.4,613.0,27.0,5.0,0.293,0.405,0.52,139.0,,,,,,,,,12285715.0,6.977,False
2019,roarkta01,Tanner Roark,2TM,P,SP,32.0,31.0,2.5,34.0,,,,,,,165.33,31.0,0.0,4.35,105.0,4.67,1.397,158.0,10000000.0,5.32,False
2019,robleha01,Hansel Robles,LAA,P,RP,28.0,71.0,2.8,,,,,,,,72.67,1.0,23.0,2.48,187.0,2.88,1.018,75.0,1400000.0,3.692,False
2019,roblevi01,Víctor Robles,WSN,H,CF,22.0,155.0,4.2,617.0,17.0,28.0,0.255,0.326,0.419,91.0,,,,,,,,,557800.0,0.302,False
2019,rodride01,Dereck Rodríguez,SFG,P,SP,27.0,28.0,-1.2,29.0,,,,,,,99.0,16.0,0.0,5.64,74.0,5.69,1.455,71.0,561250.0,0.733,False
2019,rodried05,Eduardo Rodríguez,BOS,P,SP,26.0,34.0,5.5,9.0,,,,,,,203.33,34.0,0.0,3.81,128.0,3.86,1.328,213.0,4300000.0,3.756,False
2019,rodriri05,Richard Rodríguez,PIT,P,RP,29.0,72.0,0.9,,,,,,,,65.33,0,1.0,3.72,116.0,5.22,1.347,63.0,650000.0,1.093,False
2019,roech01,Chaz Roe,TBR,P,RP,32.0,71.0,0,,,,,,,,51.0,0,1.0,4.06,109.0,3.31,1.569,65.0,1275000.0,3.547,False
2019,rogerta01,Taylor Rogers,MIN,P,RP,28.0,60.0,2.6,,,,,,,,69.0,0,30.0,2.61,174.0,2.85,1.0,90.0,1525000.0,2.843,False
2019,rojasmi02,Miguel Rojas,MIA,H,SS,30.0,132.0,0.8,526.0,5.0,9.0,0.284,0.331,0.379,89.0,,,,,,,,,3155000.0,4.25,False
2019,romose01,Sergio Romo,2TM,P,RP,36.0,65.0,0.7,,,,,,,,60.33,0,20.0,3.43,129.0,3.68,1.11,60.0,2500000.0,10.564,False
2019,rondohe01,Héctor Rondón,HOU,P,RP,31.0,62.0,0.7,,,,,,,,60.67,1.0,0.0,3.71,125.0,4.96,1.253,48.0,4500000.0,6.0,False
2019,rosaram01,Amed Rosario,NYM,H,SS,23.0,157.0,2.7,655.0,15.0,19.0,0.287,0.323,0.432,101.0,,,,,,,,,575500.0,1.36,False
2019,rosared01,Eddie Rosario,MIN,H,LF,27.0,137.0,1.6,590.0,32.0,3.0,0.276,0.3,0.5,107.0,,,,,,,,,4190000.0,3.698,False
2019,rossjo01,Joe Ross,WSN,P,RP,26.0,27.0,-0.2,20.0,,,,,,,64.0,9.0,0.0,5.48,82.0,4.59,1.672,57.0,1000000.0,3.39,False
2019,ruizri01,Rio Ruiz,BAL,H,3B,25.0,127.0,0.2,413.0,12.0,0.0,0.232,0.306,0.376,80.0,,,,,,,,,558500.0,0.634,False
2019,ryanky01,Kyle Ryan,CHC,P,RP,27.0,73.0,0.9,3.0,,,,,,,61.0,0,0.0,3.54,125.0,3.85,1.377,58.0,555000.0,1.808,False
2019,ryuhy01,Hyun Jin Ryu,LAD,P,SP,32.0,29.0,5.4,67.0,,,,,,,182.67,29.0,0.0,2.32,179.0,3.1,1.007,163.0,17900000.0,6.0,False
2019,sabatc.01,CC Sabathia,NYY,P,SP,38.0,23.0,0.4,3.0,,,,,,,107.33,22.0,0.0,4.95,90.0,5.66,1.407,107.0,8000000.0,18.0,False
2019,salech01,Chris Sale,BOS,P,SP,30.0,25.0,2.1,,,,,,,,147.33,25.0,0.0,4.4,110.0,3.39,1.086,218.0,15000000.0,8.355,False
2019,samarje01,Jeff Samardzija,SFG,P,SP,34.0,32.0,3.4,56.0,,,,,,,181.33,32.0,0.0,3.52,119.0,4.59,1.108,140.0,19800000.0,9.163,False
2019,sampsad01,Adrian Sampson,TEX,P,RP,27.0,35.0,1.3,2.0,,,,,,,125.33,15.0,0.0,5.89,88.0,5.69,1.532,101.0,555000,0.0,True
2019,sanchaa01,Aaron Sanchez,2TM,P,SP,26.0,27.0,-0.6,2.0,,,,,,,131.33,27.0,0.0,5.89,77.0,5.25,1.622,115.0,3900000.0,4.401,False
2019,sanchan01,Aníbal Sánchez,WSN,P,SP,35.0,30.0,2.8,56.0,,,,,,,166.0,30.0,0.0,3.85,117.0,4.44,1.271,134.0,6000000.0,12.483,False
2019,sanchca01,Yolmer Sánchez,CHW,H,2B,27.0,149.0,1.6,555.0,2.0,5.0,0.252,0.318,0.321,73.0,,,,,,,,,4625000.0,3.779,False
2019,sanchga02,Gary Sánchez,NYY,H,C,26.0,106.0,3.1,446.0,34.0,0.0,0.232,0.316,0.525,119.0,,,,,,,,,669800.0,2.5,False
2019,sanomi01,Miguel Sanó,MIN,H,3B,26.0,105.0,2.7,439.0,34.0,0.0,0.247,0.346,0.576,139.0,,,,,,,,,2650000.0,3.384,False
2019,santaan02,Anthony Santander,BAL,H,RF,24.0,93.0,1.7,405.0,20.0,1.0,0.261,0.297,0.476,100.0,,,,,,,,,,2.0,False
2019,santaca01,Carlos Santana,CLE,H,1B,33.0,158.0,4.7,686.0,34.0,4.0,0.281,0.397,0.515,136.0,,,,,,,,,20333333.0,8.669,False
2019,santada01,Danny Santana,TEX,H,1B,28.0,130.0,1.9,511.0,28.0,21.0,0.283,0.324,0.534,112.0,,,,,,,,,,3.814,False
2019,santado01,Domingo Santana,SEA,H,LF,26.0,121.0,0.5,507.0,21.0,8.0,0.253,0.329,0.441,107.0,,,,,,,,,1950000.0,3.14,False
2019,scherma01,Max Scherzer,WSN,P,SP,34.0,27.0,5.3,61.0,,,,,,,172.33,27.0,0.0,2.92,154.0,2.45,1.027,243.0,37505562.0,10.459,False
2019,schoojo01,Jonathan Schoop,MIN,H,2B,27.0,121.0,1.5,464.0,23.0,1.0,0.256,0.304,0.473,102.0,,,,,,,,,7500000.0,5.157,False
2019,schwaky01,Kyle Schwarber,CHC,H,LF,26.0,155.0,2.1,610.0,38.0,2.0,0.25,0.339,0.531,122.0,,,,,,,,,3390000.0,3.5,False
2019,seageco01,Corey Seager,LAD,H,SS,25.0,134.0,2.9,541.0,19.0,1.0,0.272,0.335,0.483,112.0,,,,,,,,,4000000.0,3.186,False
2019,seageky01,Kyle Seager,SEA,H,3B,31.0,106.0,2.9,443.0,23.0,2.0,0.239,0.321,0.468,111.0,,,,,,,,,19500000.0,7.494,False
2019,segurje01,Jean Segura,PHI,H,SS,29.0,144.0,1.9,618.0,12.0,10.0,0.28,0.323,0.42,91.0,,,,,,,,,14850000.0,6.378,False
2019,semiema01,Marcus Semien,ATH,H,SS,28.0,162.0,8.4,747.0,33.0,10.0,0.285,0.369,0.522,139.0,,,,,,,,,5900000.0,4.686,False
2019,senzaan01,Antonio Senzatela,COL,P,SP,24.0,25.0,-1.3,46.0,,,,,,,124.67,25.0,0.0,6.71,77.0,5.44,1.749,76.0,560000.0,1.733,False
2019,senzeni01,Nick Senzel,CIN,H,CF,24.0,104.0,0.1,414.0,12.0,14.0,0.256,0.315,0.427,87.0,,,,,,,,,555000,0.0,True
2019,severpe01,Pedro Severino,BAL,H,C,25.0,96.0,1.0,341.0,13.0,3.0,0.249,0.321,0.42,95.0,,,,,,,,,563500.0,1.576,False
2019,shawbr01,Bryan Shaw,COL,P,RP,31.0,70.0,0.3,,,,,,,,72.0,0,1.0,5.38,96.0,5.19,1.361,58.0,8500000.0,7.471,False
2019,simmoan01,Andrelton Simmons,LAA,H,SS,29.0,103.0,1.4,424.0,7.0,10.0,0.264,0.309,0.364,78.0,,,,,,,,,13000000.0,6.727,False
2019,skaggty01,Tyler Skaggs,LAA,P,SP,27.0,15.0,1.1,3.0,,,,,,,79.67,15.0,0.0,4.29,108.0,3.85,1.268,78.0,3700000.0,4.785,False
2019,smithca03,Caleb Smith,MIA,P,SP,27.0,28.0,1.9,49.0,,,,,,,153.33,28.0,0.0,4.52,95.0,5.11,1.226,168.0,556500.0,1.453,False
2019,smithdw02,Dwight Smith Jr.,BAL,H,LF,26.0,101.0,-0.4,392.0,13.0,5.0,0.241,0.297,0.412,85.0,,,,,,,,,560100.0,0.494,False
2019,smithma05,Mallex Smith,SEA,H,CF,26.0,134.0,0,566.0,6.0,46.0,0.227,0.3,0.335,73.0,,,,,,,,,578400.0,2.727,False
2019,smithwi04,Will Smith,SFG,P,RP,29.0,63.0,2.4,2.0,,,,,,,65.33,0,34.0,2.76,152.0,3.23,1.026,96.0,4225000.0,5.901,False
2019,smoakju01,Justin Smoak,TOR,H,1B,32.0,121.0,0.5,500.0,22.0,0.0,0.208,0.342,0.406,101.0,,,,,,,,,8000000.0,8.448,False
2019,smylydr01,Drew Smyly,2TM,P,SP,30.0,25.0,-0.4,20.0,,,,,,,114.0,21.0,1.0,6.24,77.0,6.26,1.588,120.0,7000000.0,6.895,False
2019,snellbl01,Blake Snell,TBR,P,SP,26.0,23.0,1.4,,,,,,,,107.0,23.0,0.0,4.29,103.0,3.32,1.271,147.0,1600000.0,2.419,False
2019,sogarer01,Eric Sogard,2TM,H,2B,33.0,110.0,3.1,442.0,13.0,8.0,0.29,0.353,0.457,116.0,,,,,,,,,100000.0,6.808,False
2019,solerjo01,Jorge Soler,KCR,H,DH,27.0,162.0,3.5,679.0,48.0,3.0,0.265,0.354,0.569,137.0,,,,,,,,,4666667.0,3.831,False
2019,soriajo01,Joakim Soria,ATH,P,RP,35.0,71.0,0.5,,,,,,,,69.0,1.0,1.0,4.3,100.0,3.62,1.029,79.0,6500000.0,12.0,False
2019,sorokmi01,Michael Soroka,ATL,P,SP,21.0,29.0,5.9,63.0,,,,,,,174.67,29.0,0.0,2.68,171.0,3.45,1.111,142.0,,0.849,False
2019,sotogr01,Gregory Soto,DET,P,RP,24.0,33.0,0.4,2.0,,,,,,,57.67,7.0,0.0,5.77,83.0,5.4,1.855,45.0,,0.0,False
2019,sotoju01,Juan Soto,WSN,H,LF,20.0,150.0,5.1,659.0,34.0,12.0,0.282,0.401,0.548,142.0,,,,,,,,,578300.0,0.779,False
2019,sparkgl01,Glenn Sparkman,KCR,P,SP,27.0,31.0,0.1,2.0,,,,,,,136.0,23.0,0.0,6.02,79.0,5.93,1.507,81.0,555000,,True
2019,springe01,George Springer,HOU,H,CF,29.0,122.0,6.5,556.0,39.0,6.0,0.292,0.383,0.591,150.0,,,,,,,,,12000000.0,4.965,False
2019,stammcr01,Craig Stammen,SDP,P,RP,35.0,76.0,1.1,1.0,,,,,,,82.0,0,4.0,3.29,127.0,4.12,1.159,73.0,2250000.0,7.93,False
2019,stanery01,Ryne Stanek,2TM,P,RP,27.0,63.0,0.5,,,,,,,,77.0,27.0,1.0,3.97,111.0,4.28,1.299,89.0,564200.0,1.221,False
2019,stephro01,Robert Stephenson,CIN,P,RP,26.0,57.0,0.8,1.0,,,,,,,64.67,0,0.0,3.76,125.0,3.63,1.036,81.0,565000.0,1.285,False
2019,stewach02,Christin Stewart,DET,H,LF,25.0,104.0,-0.3,416.0,10.0,0.0,0.233,0.305,0.388,82.0,,,,,,,,,556400.0,0.128,False
2019,storytr01,Trevor Story,COL,H,SS,26.0,145.0,6.9,656.0,35.0,23.0,0.294,0.363,0.554,120.0,,,,,,,,,5000000.0,3.0,False
2019,strahma01,Matt Strahm,SDP,P,RP,27.0,46.0,1.4,27.0,,,,,,,114.67,16.0,0.0,4.71,89.0,4.41,1.247,118.0,581700.0,2.372,False
2019,strasst01,Stephen Strasburg,WSN,P,SP,30.0,33.0,5.9,80.0,,,,,,,209.0,33.0,0.0,3.32,135.0,3.25,1.038,251.0,38333333.0,8.686,False
2019,stratch01,Chris Stratton,2TM,P,RP,28.0,35.0,-0.1,4.0,,,,,,,76.0,5.0,0.0,5.57,80.0,4.92,1.658,69.0,567500.0,1.581,False
2019,stripro01,Ross Stripling,LAD,P,RP,29.0,32.0,0.8,24.0,,,,,,,90.67,15.0,0.0,3.47,119.0,3.47,1.147,93.0,595000.0,2.669,False
2019,stromma01,Marcus Stroman,2TM,P,SP,28.0,32.0,3.9,25.0,,,,,,,184.33,32.0,0.0,3.22,137.0,3.72,1.307,159.0,7400000.0,4.86,False
2019,suareeu01,Eugenio Suárez,CIN,H,3B,27.0,159.0,3.5,662.0,49.0,3.0,0.271,0.358,0.572,131.0,,,,,,,,,7285714.0,4.355,False
2019,suarejo01,José Suarez,LAA,P,SP,21.0,19.0,-1.0,2.0,,,,,,,81.0,15.0,0.0,7.11,65.0,6.72,1.642,72.0,555000,0.0,True
2019,suerowa01,Wander Suero,WSN,P,RP,27.0,78.0,0.5,1.0,,,,,,,71.33,0,1.0,4.54,99.0,3.07,1.262,81.0,562500.0,0.715,False
2019,suzukku01,Kurt Suzuki,WSN,H,C,35.0,85.0,0.5,309.0,17.0,0.0,0.264,0.324,0.486,105.0,,,,,,,,,4000000.0,11.657,False
2019,swansda01,Dansby Swanson,ATL,H,SS,25.0,127.0,1.0,545.0,17.0,10.0,0.251,0.325,0.422,89.0,,,,,,,,,585000.0,2.273,False
2019,swanser01,Erik Swanson,SEA,P,RP,25.0,27.0,-0.3,2.0,,,,,,,58.0,8.0,2.0,5.74,76.0,5.96,1.172,52.0,555000,0.0,True
2019,swarzan01,Anthony Swarzak,2TM,P,RP,33.0,59.0,0.1,,,,,,,,53.33,0,4.0,4.56,100.0,5.71,1.481,52.0,8500000.0,7.14,False
2019,syndeno01,Noah Syndergaard,NYM,P,SP,26.0,32.0,2.0,69.0,,,,,,,197.67,32.0,0.0,4.28,96.0,3.6,1.234,202.0,6000000.0,3.866,False
2019,tanakma01,Masahiro Tanaka,NYY,P,SP,30.0,32.0,1.9,1.0,,,,,,,182.0,31.0,0.0,4.45,100.0,4.27,1.242,149.0,22000000.0,5.0,False
2019,tapiara01,Raimel Tapia,COL,H,LF,25.0,138.0,-0.4,447.0,9.0,9.0,0.275,0.309,0.415,75.0,,,,,,,,,560000.0,1.116,False
2019,tatisfe02,Fernando Tatis Jr.,SDP,H,SS,20.0,84.0,4.0,372.0,22.0,16.0,0.317,0.379,0.59,154.0,,,,,,,,,555000.0,0.0,False
2019,tayloch03,Chris Taylor,LAD,H,LF,28.0,124.0,1.6,414.0,12.0,8.0,0.262,0.333,0.462,107.0,,,,,,,,,3500000.0,3.215,False
2019,teherju01,Julio Teheran,ATL,P,SP,28.0,33.0,2.8,60.0,,,,,,,174.67,33.0,0.0,3.81,120.0,4.66,1.323,162.0,11166667.0,6.36,False
2019,tellero01,Rowdy Tellez,TOR,H,1B,24.0,111.0,0.1,409.0,21.0,1.0,0.227,0.293,0.449,95.0,,,,,,,,,557500.0,0.157,False
2019,thameer01,Eric Thames,MIL,H,1B,32.0,149.0,1.3,459.0,25.0,3.0,0.247,0.346,0.505,117.0,,,,,,,,,6000000.0,3.366,False
2019,thorntr01,Trent Thornton,TOR,P,SP,25.0,32.0,1.3,3.0,,,,,,,154.33,29.0,0.0,4.84,94.0,4.59,1.406,149.0,555000.0,0.0,False
2019,tomlijo01,Josh Tomlin,ATL,P,RP,34.0,51.0,1.1,6.0,,,,,,,79.33,1.0,2.0,3.74,123.0,4.49,1.122,51.0,1250000.0,8.192,False
2019,torregl01,Gleyber Torres,NYY,H,SS,22.0,144.0,2.9,604.0,38.0,5.0,0.278,0.337,0.535,128.0,,,,,,,,,605200.0,0.942,False
2019,treinbl01,Blake Treinen,ATH,P,RP,31.0,57.0,-0.2,,,,,,,,58.67,0,16.0,4.91,88.0,5.14,1.619,59.0,6400000.0,4.378,False
2019,trivilo01,Lou Trivino,ATH,P,RP,27.0,61.0,-0.7,,,,,,,,60.0,0,0.0,5.25,82.0,4.53,1.533,57.0,557500.0,0.948,False
2019,troutmi01,Mike Trout,LAA,H,CF,27.0,134.0,7.9,600.0,45.0,11.0,0.291,0.438,0.645,182.0,,,,,,,,,17666667.0,7.407,False
2019,turnbsp01,Spencer Turnbull,DET,P,SP,26.0,30.0,2.4,8.0,,,,,,,148.33,30.0,0.0,4.61,103.0,3.99,1.436,146.0,556100.0,0.116,False
2019,turneju01,Justin Turner,LAD,H,3B,34.0,135.0,3.9,549.0,27.0,2.0,0.29,0.372,0.509,130.0,,,,,,,,,19000000.0,8.262,False
2019,turnetr01,Trea Turner,WSN,H,SS,26.0,122.0,4.0,569.0,19.0,35.0,0.298,0.353,0.497,117.0,,,,,,,,,3725000.0,2.785,False
2019,urenajo01,José Ureña,MIA,P,SP,27.0,24.0,-0.1,22.0,,,,,,,84.67,13.0,3.0,5.21,82.0,4.74,1.476,62.0,3200000.0,3.233,False
2019,uriasju01,Julio Urías,LAD,P,RP,22.0,37.0,1.6,18.0,,,,,,,79.67,8.0,4.0,2.49,167.0,3.43,1.079,85.0,565000.0,1.715,False
2019,urshegi01,Gio Urshela,NYY,H,3B,27.0,132.0,3.8,476.0,21.0,1.0,0.314,0.355,0.534,133.0,,,,,,,,,,1.738,False
2019,valdefr01,Framber Valdez,HOU,P,RP,25.0,26.0,-0.8,,,,,,,,70.67,8.0,0.0,5.86,79.0,4.98,1.67,68.0,566600.0,0.238,False
2019,vargaja01,Jason Vargas,2TM,P,SP,36.0,30.0,0.6,45.0,,,,,,,149.67,29.0,0.0,4.51,94.0,4.76,1.363,124.0,8000000.0,11.663,False
2019,vazquch01,Christian Vázquez,BOS,H,C,28.0,138.0,2.2,521.0,23.0,4.0,0.276,0.32,0.477,103.0,,,,,,,,,2850000.0,4.18,False
2019,velasvi01,Vince Velasquez,PHI,P,SP,27.0,33.0,0.6,36.0,,,,,,,117.33,23.0,0.0,4.91,91.0,5.21,1.389,130.0,2249000.0,3.5,False
2019,velazhe01,Hector Velázquez,BOS,P,RP,30.0,34.0,-0.2,1.0,,,,,,,56.33,8.0,0.0,5.43,90.0,4.74,1.527,49.0,568500.0,1.279,False
2019,verdual01,Alex Verdugo,LAD,H,CF,23.0,106.0,2.9,377.0,12.0,4.0,0.294,0.342,0.475,113.0,,,,,,,,,560000.0,0.453,False
2019,verhadr01,Drew VerHagen,DET,P,RP,28.0,22.0,0,,,,,,,,58.0,4.0,0.0,5.9,81.0,4.87,1.603,51.0,567400.0,2.733,False
2019,verlaju01,Justin Verlander,HOU,P,SP,36.0,34.0,7.3,2.0,,,,,,,223.0,34.0,0.0,2.58,179.0,3.27,0.803,300.0,28000000.0,13.012,False
2019,villajo01,Jonathan Villar,BAL,H,2B,28.0,162.0,4.4,714.0,24.0,40.0,0.274,0.339,0.453,108.0,,,,,,,,,4825000.0,4.657,False
2019,vogelda01,Daniel Vogelbach,SEA,H,DH,26.0,144.0,1.1,558.0,30.0,0.0,0.208,0.341,0.439,111.0,,,,,,,,,558600.0,0.802,False
2019,voitlu01,Luke Voit,NYY,H,1B,28.0,118.0,1.4,510.0,21.0,0.0,0.263,0.378,0.464,124.0,,,,,,,,,573200.0,0.983,False
2019,vottojo01,Joey Votto,CIN,H,1B,35.0,142.0,1.2,608.0,15.0,5.0,0.261,0.357,0.411,95.0,,,,,,,,,25000000.0,11.157,False
2019,wachami01,Michael Wacha,STL,P,SP,27.0,29.0,0.2,39.0,,,,,,,126.67,24.0,0.0,4.76,88.0,5.61,1.563,104.0,6350000.0,5.36,False
2019,wagueja01,Jacob Waguespack,TOR,P,SP,25.0,16.0,0.7,3.0,,,,,,,78.0,13.0,0.0,4.38,104.0,4.91,1.333,63.0,555000,0.0,True
2019,wainwad01,Adam Wainwright,STL,P,SP,37.0,31.0,2.0,59.0,,,,,,,171.67,31.0,0.0,4.19,100.0,4.36,1.427,153.0,2000000.0,13.157,False
2019,waldema01,Marcus Walden,BOS,P,RP,30.0,70.0,1.1,1.0,,,,,,,78.0,0,2.0,3.81,128.0,3.69,1.192,76.0,555000,,True
2019,walkech02,Christian Walker,ARI,H,1B,28.0,152.0,2.7,603.0,29.0,8.0,0.259,0.348,0.476,111.0,,,,,,,,,559800.0,0.721,False
2019,walkene01,Neil Walker,MIA,H,1B,33.0,115.0,0.4,381.0,8.0,3.0,0.261,0.344,0.395,96.0,,,,,,,,,2000000.0,8.965,False
2019,watsoto01,Tony Watson,SFG,P,RP,34.0,60.0,0.4,,,,,,,,54.0,0,0.0,4.17,101.0,4.81,1.259,41.0,3500000.0,7.587,False
2019,weavelu01,Luke Weaver,ARI,P,SP,25.0,12.0,1.7,21.0,,,,,,,64.33,12.0,0.0,2.94,152.0,3.07,1.073,69.0,581300.0,1.651,False
2019,webbty01,Tyler Webb,STL,P,RP,28.0,65.0,0.6,,,,,,,,55.0,0,1.0,3.76,112.0,4.49,1.018,48.0,555000,,True
2019,wheelza01,Zack Wheeler,NYM,P,SP,29.0,31.0,3.8,64.0,,,,,,,195.33,31.0,0.0,3.96,103.0,3.48,1.259,195.0,5975000.0,5.57,False
2019,wilkest01,Stevie Wilkerson,BAL,H,CF,27.0,117.0,-0.7,361.0,10.0,3.0,0.225,0.286,0.383,76.0,5.33,0,1.0,6.75,74.0,7.71,1.125,1.0,555000,,True
2019,willitr01,Trevor Williams,PIT,P,SP,27.0,26.0,0.5,44.0,,,,,,,145.67,26.0,0.0,5.38,80.0,5.12,1.414,113.0,584000.0,2.157,False
2019,wingetr01,Trey Wingenter,SDP,P,RP,25.0,51.0,-0.4,,,,,,,,51.0,1.0,1.0,5.65,74.0,3.61,1.216,72.0,557200.0,0.331,False
2019,winkeje01,Jesse Winker,CIN,H,LF,25.0,113.0,1.0,384.0,16.0,0.0,0.269,0.357,0.473,109.0,,,,,,,,,580000.0,1.465,False
2019,wislema01,Matt Wisler,2TM,P,RP,26.0,44.0,-0.4,1.0,,,,,,,51.33,8.0,0.0,5.61,77.0,4.23,1.403,63.0,570000.0,2.244,False
2019,wittgni01,Nick Wittgren,CLE,P,RP,28.0,55.0,1.0,,,,,,,,57.67,0,4.0,2.81,169.0,4.17,1.075,60.0,555000,2.413,True
2019,wojcias01,Asher Wojciechowski,BAL,P,SP,30.0,17.0,1.3,1.0,,,,,,,82.33,16.0,0.0,4.92,96.0,5.3,1.312,80.0,555000,0.878,True
2019,wolteto01,Tony Wolters,COL,H,C,27.0,121.0,1.4,411.0,1.0,0.0,0.262,0.337,0.329,65.0,,,,,,,,,960000.0,2.936,False
2019,wongko01,Kolten Wong,STL,H,2B,28.0,148.0,5.4,549.0,11.0,24.0,0.285,0.361,0.423,108.0,,,,,,,,,6500000.0,5.262,False
2019,woodrbr01,Brandon Woodruff,MIL,P,SP,26.0,22.0,3.5,49.0,,,,,,,121.67,22.0,0.0,3.62,123.0,3.01,1.142,143.0,561400.0,0.936,False
2019,workmbr01,Brandon Workman,BOS,P,RP,30.0,73.0,3.1,,,,,,,,71.67,0,16.0,1.88,258.0,2.46,1.033,104.0,1150000.0,4.297,False
2019,yamamjo01,Jordan Yamamoto,MIA,P,SP,23.0,15.0,0.8,26.0,,,,,,,78.67,15.0,0.0,4.46,96.0,4.51,1.144,82.0,555000,,True
2019,yarbrry01,Ryan Yarbrough,TBR,P,SP,27.0,28.0,1.4,,,,,,,,141.67,14.0,0.0,4.13,106.0,3.55,0.995,117.0,563400.0,1.0,False
2019,yastrmi01,Mike Yastrzemski,SFG,H,LF,28.0,107.0,2.6,411.0,21.0,2.0,0.272,0.334,0.518,122.0,,,,,,,,,,0.0,False
2019,yateski01,Kirby Yates,SDP,P,RP,32.0,60.0,3.0,,,,,,,,60.67,0,41.0,1.19,354.0,1.3,0.89,101.0,3062000.0,4.122,False
2019,yelicch01,Christian Yelich,MIL,H,RF,27.0,130.0,7.1,580.0,44.0,30.0,0.329,0.429,0.671,179.0,,,,,,,,,9750000.0,5.401,False
2019,ynoaga01,Gabriel Ynoa,BAL,P,RP,26.0,36.0,-0.1,,,,,,,,110.67,13.0,0.0,5.61,84.0,6.2,1.373,67.0,555000,1.541,True
2019,youngal01,Alex Young,ARI,P,SP,25.0,17.0,0.5,25.0,,,,,,,83.33,15.0,0.0,3.56,125.0,4.81,1.188,71.0,555000,0.0,True
2019,zimmejo02,Jordan Zimmermann,DET,P,SP,33.0,23.0,-0.1,2.0,,,,,,,112.0,23.0,0.0,6.91,69.0,4.79,1.518,82.0,25000000.0,9.895,False
2021,abreujo02,José Abreu,CHW,H,1B,34.0,152.0,3.0,659.0,30.0,1.0,0.261,0.351,0.481,124.0,,,,,,,,,17666666.0,7.0,False
2021,acunaro01,Ronald Acuña Jr.,ATL,H,RF,23.0,82.0,3.5,360.0,24.0,17.0,0.283,0.394,0.596,158.0,,,,,,,,,5000000.0,2.924,False
2021,adamewi01,Willy Adames,2TM,H,SS,25.0,140.0,4.2,555.0,25.0,5.0,0.262,0.337,0.481,121.0,,,,,,,,,570500,2.61,True
2021,adamsau02,Austin Adams,SDP,P,RP,30.0,65.0,0.2,,,,,,,,52.67,0,0.0,4.1,95.0,3.89,1.196,76.0,570500,2.087,True
2021,aguilje01,Jesús Aguilar,MIA,H,1B,31.0,131.0,1.3,510.0,22.0,0.0,0.261,0.329,0.459,111.0,,,,,,,,,4300000.0,4.477,False
2021,ahmedni01,Nick Ahmed,ARI,H,SS,31.0,129.0,0.8,473.0,5.0,7.0,0.221,0.28,0.339,67.0,,,,,,,,,7875000.0,6.314,False
2021,akinke01,Keegan Akin,BAL,P,SP,26.0,24.0,-0.4,2.0,,,,,,,95.0,17.0,0.0,6.63,67.0,5.1,1.579,82.0,570500,0.483,True
2021,albieoz01,Ozzie Albies,ATL,H,2B,24.0,156.0,3.8,686.0,30.0,20.0,0.259,0.31,0.488,108.0,,,,,,,,,3000000.0,3.36,False
2021,alcaljo01,Jorge Alcala,MIN,P,RP,25.0,59.0,0.3,,,,,,,,59.67,0,1.0,3.92,109.0,4.06,0.972,61.0,,1.081,False
2021,alcansa01,Sandy Alcantara,MIA,P,SP,25.0,33.0,3.9,64.0,,,,,,,205.67,33.0,0.0,3.19,132.0,3.42,1.075,201.0,570500,2.581,True
2021,alexaty01,Tyler Alexander,DET,P,RP,26.0,41.0,2.0,2.0,,,,,,,106.33,15.0,0.0,3.81,112.0,4.39,1.26,87.0,570500,1.337,True
2021,alfarjo01,Jorge Alfaro,MIA,H,C,28.0,92.0,-0.5,311.0,4.0,8.0,0.244,0.283,0.342,69.0,,,,,,,,,2050000.0,3.483,False
2021,allarko01,Kolby Allard,TEX,P,SP,23.0,32.0,-0.8,2.0,,,,,,,124.67,17.0,0.0,5.41,82.0,5.37,1.275,104.0,570500,0.942,True
2021,allenlo01,Logan Allen,CLE,P,SP,24.0,14.0,-0.7,1.0,,,,,,,50.33,11.0,0.0,6.26,69.0,6.05,1.49,37.0,570500,,True
2021,alonspe01,Pete Alonso,NYM,H,1B,26.0,152.0,4.1,637.0,37.0,3.0,0.262,0.344,0.519,133.0,,,,,,,,,570500,2.0,True
2021,altuvjo01,Jose Altuve,HOU,H,2B,31.0,146.0,4.5,678.0,31.0,5.0,0.278,0.35,0.489,127.0,,,,,,,,,29000000.0,9.419,False
2021,alvarjo02,José Álvarez,SFG,P,RP,32.0,67.0,1.3,5.0,,,,,,,64.67,1.0,0.0,2.37,175.0,3.15,1.113,42.0,1050000.0,6.203,False
2021,alvarjo03,José Alvarado,PHI,P,RP,26.0,64.0,0.3,,,,,,,,55.67,0,5.0,4.2,100.0,4.8,1.599,68.0,1000000.0,3.512,False
2021,alvaryo01,Yordan Alvarez,HOU,H,DH,24.0,144.0,3.1,598.0,33.0,1.0,0.277,0.346,0.531,136.0,,,,,,,,,570500,1.657,True
2021,alzolad01,Adbert Alzolay,CHC,P,SP,26.0,29.0,0.7,33.0,,,,,,,125.67,21.0,1.0,4.58,92.0,4.65,1.162,128.0,570500,0.291,True
2021,anderbr04,Brett Anderson,MIL,P,SP,33.0,24.0,-0.1,34.0,,,,,,,96.0,24.0,0.0,4.22,98.0,4.39,1.354,58.0,2500000.0,11.785,False
2021,anderia01,Ian Anderson,ATL,P,SP,23.0,24.0,2.6,41.0,,,,,,,128.33,24.0,0.0,3.58,121.0,4.12,1.231,124.0,575500.0,0.547,False
2021,anderti01,Tim Anderson,CHW,H,SS,28.0,123.0,4.5,551.0,17.0,18.0,0.309,0.338,0.469,118.0,,,,,,,,,7250000.0,4.669,False
2021,anderty01,Tyler Anderson,2TM,P,SP,31.0,31.0,1.7,40.0,,,,,,,167.0,31.0,0.0,4.53,93.0,4.37,1.246,134.0,2500000.0,5.378,False
2021,andruel01,Elvis Andrus,ATH,H,SS,32.0,146.0,0.6,541.0,3.0,12.0,0.243,0.294,0.32,73.0,,,,,,,,,14250000.0,12.0,False
2021,arenano01,Nolan Arenado,STL,H,3B,30.0,157.0,4.3,653.0,34.0,2.0,0.255,0.312,0.494,119.0,,,,,,,,,35000000.0,7.901,False
2021,arozara01,Randy Arozarena,TBR,H,LF,26.0,141.0,4.2,604.0,20.0,20.0,0.274,0.356,0.459,129.0,,,,,,,,,,0.75,False
2021,arraelu01,Luis Arraez,MIN,H,3B,24.0,121.0,3.2,479.0,2.0,2.0,0.294,0.357,0.376,105.0,,,,,,,,,,1.703,False
2021,arrieja01,Jake Arrieta,2TM,P,SP,35.0,24.0,-2.6,30.0,,,,,,,98.67,24.0,0.0,7.39,57.0,6.17,1.774,83.0,4000000.0,9.843,False
2021,baddoak01,Akil Baddoo,DET,H,CF,22.0,124.0,2.1,461.0,13.0,18.0,0.259,0.33,0.436,112.0,,,,,,,,,,0.0,False
2021,baderha01,Harrison Bader,STL,H,CF,27.0,103.0,4.1,401.0,16.0,9.0,0.267,0.324,0.46,114.0,,,,,,,,,2000000.0,3.174,False
2021,baezja01,Javier Báez,2TM,H,SS,28.0,138.0,4.3,547.0,31.0,18.0,0.265,0.319,0.494,117.0,,,,,,,,,11600000.0,5.517,False
2021,bardda01,Daniel Bard,COL,P,RP,36.0,67.0,-0.2,1.0,,,,,,,65.67,0,20.0,5.21,93.0,4.28,1.599,80.0,2925000.0,4.599,False
2021,barlosc01,Scott Barlow,KCR,P,RP,28.0,71.0,2.8,,,,,,,,74.33,0,16.0,2.42,188.0,2.63,1.197,91.0,570500,2.174,True
2021,barnema01,Matt Barnes,BOS,P,RP,31.0,60.0,1.1,,,,,,,,54.67,0,24.0,3.79,124.0,3.21,1.116,84.0,4500000.0,5.64,False
2021,barnhtu01,Tucker Barnhart,CIN,H,C,30.0,116.0,0.3,388.0,7.0,0.0,0.247,0.317,0.368,77.0,,,,,,,,,4187500.0,6.436,False
2021,barrija01,Jaime Barria,LAA,P,SP,24.0,13.0,0.9,3.0,,,,,,,56.67,11.0,0.0,4.61,97.0,4.88,1.571,35.0,,1.203,False
2021,bassan01,Anthony Bass,MIA,P,RP,33.0,70.0,0.1,,,,,,,,61.33,1.0,0.0,3.82,111.0,4.93,1.288,58.0,1000000.0,6.058,False
2021,bassich01,Chris Bassitt,ATH,P,SP,32.0,27.0,4.0,2.0,,,,,,,157.33,27.0,0.0,3.15,131.0,3.34,1.055,159.0,4900000.0,4.756,False
2021,bauerja01,Jake Bauers,2TM,H,1B,25.0,115.0,-0.3,315.0,4.0,6.0,0.209,0.29,0.277,60.0,,,,,,,,,570500,2.674,True
2021,bauertr01,Trevor Bauer,LAD,P,SP,30.0,17.0,2.8,34.0,,,,,,,107.67,17.0,0.0,2.59,163.0,4.03,1.003,137.0,31333333.0,6.919,False
2021,bednada01,David Bednar,PIT,P,RP,26.0,61.0,2.1,1.0,,,,,,,60.67,0,3.0,2.23,192.0,2.69,0.973,77.0,570500,0.442,True
2021,bellico01,Cody Bellinger,LAD,H,CF,25.0,95.0,-1.6,350.0,10.0,3.0,0.165,0.24,0.302,44.0,,,,,,,,,16100000.0,3.93,False
2021,belljo02,Josh Bell,WSN,H,1B,28.0,144.0,3.1,568.0,27.0,0.0,0.261,0.347,0.476,124.0,,,,,,,,,6350000.0,4.308,False
2021,beltbr01,Brandon Belt,SFG,H,1B,33.0,97.0,2.6,381.0,29.0,3.0,0.274,0.378,0.597,160.0,,,,,,,,,17200000.0,9.744,False
2021,bendean01,Anthony Bender,MIA,P,RP,26.0,60.0,1.3,2.0,,,,,,,61.33,1.0,3.0,2.79,152.0,3.19,1.06,71.0,570500,0.0,True
2021,beninan01,Andrew Benintendi,KCR,H,LF,26.0,134.0,2.9,538.0,17.0,8.0,0.276,0.324,0.442,106.0,,,,,,,,,6600000.0,4.36,False
2021,berrijo01,José Berríos,2TM,P,SP,27.0,32.0,3.3,4.0,,,,,,,192.0,32.0,0.0,3.52,123.0,3.47,1.063,204.0,6100000.0,4.256,False
2021,bettsmo01,Mookie Betts,LAD,H,RF,28.0,122.0,4.1,550.0,23.0,10.0,0.264,0.367,0.487,126.0,,,,,,,,,22916667.0,6.407,False
2021,bichebo01,Bo Bichette,TOR,H,SS,23.0,159.0,5.9,690.0,29.0,25.0,0.298,0.343,0.484,121.0,,,,,,,,,570500,1.366,True
2021,bickfph01,Phil Bickford,2TM,P,RP,25.0,57.0,1.3,3.0,,,,,,,51.33,0,1.0,2.81,152.0,3.93,1.071,59.0,570500,0.0,True
2021,biebesh01,Shane Bieber,CLE,P,SP,26.0,16.0,2.5,6.0,,,,,,,96.67,16.0,0.0,3.17,136.0,3.03,1.21,134.0,570500,2.564,True
2021,bielabr01,Brandon Bielak,HOU,P,RP,25.0,28.0,-0.3,,,,,,,,50.0,2.0,1.0,4.5,96.0,4.07,1.38,46.0,570500,,True
2021,blackch02,Charlie Blackmon,COL,H,RF,34.0,150.0,1.0,582.0,13.0,3.0,0.27,0.351,0.411,95.0,,,,,,,,,21500000.0,8.593,False
2021,bleieri01,Richard Bleier,MIA,P,RP,34.0,68.0,1.2,1.0,,,,,,,58.0,0,0.0,2.95,144.0,3.01,0.983,44.0,1425000.0,4.43,False
2021,bogaexa01,Xander Bogaerts,BOS,H,SS,28.0,144.0,5.2,603.0,23.0,5.0,0.295,0.37,0.493,129.0,,,,,,,,,20000000.0,7.244,False
2021,bohmal01,Alec Bohm,PHI,H,3B,24.0,115.0,-1.2,417.0,7.0,4.0,0.247,0.305,0.342,75.0,,,,,,,,,570500,0.616,True
2021,boteda01,David Bote,CHC,H,2B,28.0,97.0,-0.5,327.0,8.0,0.0,0.199,0.276,0.33,64.0,,,,,,,,,1010000.0,2.581,False
2021,boxbebr01,Brad Boxberger,MIL,P,RP,33.0,71.0,1.0,,,,,,,,64.67,0,4.0,3.34,124.0,3.65,1.067,83.0,100000.0,7.192,False
2021,boydma01,Matthew Boyd,DET,P,SP,30.0,15.0,1.5,5.0,,,,,,,78.67,15.0,0.0,3.89,109.0,4.1,1.271,67.0,6500000.0,4.791,False
2021,bradlar01,Archie Bradley,PHI,P,RP,28.0,53.0,0.7,1.0,,,,,,,51.0,0,2.0,3.71,113.0,4.35,1.431,40.0,6000000.0,5.651,False
2021,bradlja02,Jackie Bradley Jr.,MIL,H,CF,31.0,134.0,-0.7,428.0,6.0,7.0,0.163,0.236,0.261,35.0,,,,,,,,,6500000.0,6.872,False
2021,brantmi02,Michael Brantley,HOU,H,LF,34.0,121.0,2.2,508.0,8.0,1.0,0.311,0.362,0.437,119.0,,,,,,,,,16000000.0,10.762,False
2021,bregmal01,Alex Bregman,HOU,H,3B,27.0,91.0,2.3,400.0,12.0,1.0,0.27,0.355,0.422,113.0,,,,,,,,,13000000.0,4.407,False
2021,brentja01,Jake Brentz,KCR,P,RP,26.0,72.0,0.5,1.0,,,,,,,64.0,0,2.0,3.66,125.0,4.23,1.281,76.0,570500,0.0,True
2021,brogdco01,Connor Brogdon,PHI,P,RP,26.0,56.0,1.0,,,,,,,,57.67,1.0,1.0,3.43,122.0,3.78,1.127,50.0,570500,0.39,True
2021,brothre01,Rex Brothers,CHC,P,RP,33.0,57.0,-0.3,2.0,,,,,,,53.0,0,1.0,5.26,80.0,4.87,1.434,75.0,850000.0,4.948,False
2021,brownse01,Seth Brown,ATH,H,RF,28.0,111.0,1.5,307.0,20.0,4.0,0.214,0.274,0.48,107.0,,,,,,,,,570500,0.605,True
2021,brubajt01,JT Brubaker,PIT,P,SP,27.0,24.0,0.4,43.0,,,,,,,124.33,24.0,0.0,5.36,80.0,5.16,1.295,129.0,570500,1.0,True
2021,bryankr01,Kris Bryant,2TM,H,3B,29.0,144.0,3.3,586.0,25.0,10.0,0.265,0.353,0.481,124.0,,,,,,,,,19500000.0,5.994,False
2021,bubickr01,Kris Bubic,KCR,P,SP,23.0,29.0,1.2,5.0,,,,,,,130.0,20.0,0.0,4.43,103.0,5.14,1.385,114.0,,0.785,False
2021,buehlwa01,Walker Buehler,LAD,P,SP,26.0,33.0,7.1,82.0,,,,,,,207.67,33.0,0.0,2.47,171.0,3.16,0.968,212.0,3750000.0,2.977,False
2021,bumgama01,Madison Bumgarner,ARI,P,SP,31.0,26.0,1.7,52.0,,,,,,,146.33,26.0,0.0,4.67,90.0,4.63,1.182,124.0,19000000.0,10.738,False
2021,bummeaa01,Aaron Bummer,CHW,P,RP,27.0,62.0,0.5,,,,,,,,56.33,0,2.0,3.51,125.0,2.96,1.26,75.0,2000000.0,2.872,False
2021,bundydy01,Dylan Bundy,LAA,P,SP,28.0,23.0,-0.3,4.0,,,,,,,90.67,19.0,0.0,6.06,74.0,5.51,1.357,84.0,8325000.0,5.151,False
2021,burneco01,Corbin Burnes,MIL,P,SP,26.0,28.0,5.4,59.0,,,,,,,167.0,28.0,0.0,2.43,170.0,1.63,0.94,234.0,570500,2.285,True
2021,cabreas01,Asdrúbal Cabrera,2TM,H,3B,35.0,110.0,0.5,352.0,7.0,1.0,0.23,0.313,0.366,83.0,1.33,0,0.0,0.0,,3.17,0.75,0.0,1750000.0,13.157,False
2021,cabrege01,Génesis Cabrera,STL,P,RP,24.0,71.0,0.2,,,,,,,,70.0,0,0.0,3.73,105.0,3.28,1.257,77.0,,1.064,False
2021,cabremi01,Miguel Cabrera,DET,H,DH,38.0,130.0,-0.5,526.0,15.0,0.0,0.256,0.316,0.386,95.0,,,,,,,,,30000000.0,17.587,False
2021,candeje01,Jeimer Candelario,DET,H,3B,27.0,149.0,3.6,626.0,16.0,0.0,0.271,0.351,0.443,121.0,,,,,,,,,2850000.0,3.221,False
2021,canhama01,Mark Canha,ATH,H,LF,32.0,141.0,2.7,625.0,17.0,12.0,0.231,0.358,0.387,111.0,,,,,,,,,6920000.0,5.535,False
2021,cannigr01,Griffin Canning,LAA,P,SP,25.0,14.0,0.1,1.0,,,,,,,62.67,13.0,0.0,5.6,80.0,5.48,1.484,62.0,570500,1.436,True
2021,caratvi01,Victor Caratini,SDP,H,C,27.0,116.0,0,356.0,7.0,2.0,0.227,0.309,0.323,78.0,,,,,,,,,1300000.0,3.297,False
2021,carlsdy01,Dylan Carlson,STL,H,RF,22.0,149.0,3.2,619.0,18.0,2.0,0.266,0.343,0.437,115.0,,,,,,,,,570500,0.605,True
2021,carraca01,Carlos Carrasco,NYM,P,SP,34.0,12.0,-0.9,19.0,,,,,,,53.67,12.0,0.0,6.04,67.0,5.22,1.435,50.0,,9.855,False
2021,casteni01,Nick Castellanos,CIN,H,RF,29.0,138.0,3.1,585.0,34.0,3.0,0.309,0.362,0.576,138.0,,,,,,,,,14000000.0,7.169,False
2021,castidi01,Diego Castillo,2TM,P,RP,27.0,61.0,1.2,,,,,,,,58.33,0,16.0,2.78,148.0,3.74,0.977,75.0,570500,2.686,True
2021,castilu02,Luis Castillo,CIN,P,SP,28.0,33.0,4.3,59.0,,,,,,,187.67,33.0,0.0,3.98,117.0,3.75,1.364,192.0,4200000.0,3.587,False
2021,castrha01,Harold Castro,DET,H,SS,27.0,106.0,-0.1,339.0,3.0,1.0,0.283,0.31,0.359,87.0,2.67,0,0.0,0.0,,6.55,1.125,0.0,570500,1.82,True
2021,castrmi01,Miguel Castro,NYM,P,RP,26.0,69.0,0.6,,,,,,,,70.33,2.0,0.0,3.45,116.0,4.36,1.294,77.0,1688000.0,4.459,False
2021,castrst01,Starlin Castro,WSN,H,3B,31.0,87.0,1.1,346.0,3.0,0.0,0.283,0.333,0.375,95.0,,,,,,,,,7000000.0,10.872,False
2021,castrwi01,Willi Castro,DET,H,2B,24.0,125.0,-0.7,450.0,9.0,9.0,0.22,0.273,0.351,73.0,,,,,,,,,,1.099,False
2021,ceasedy01,Dylan Cease,CHW,P,SP,25.0,32.0,3.1,8.0,,,,,,,165.67,32.0,0.0,3.91,112.0,3.41,1.249,226.0,570500,1.517,True
2021,cessalu01,Luis Cessa,2TM,P,RP,29.0,53.0,2.0,,,,,,,,64.67,0,0.0,2.51,179.0,3.39,1.144,54.0,1050000.0,3.762,False
2021,chacijh01,Jhoulys Chacín,COL,P,RP,33.0,46.0,0.6,7.0,,,,,,,64.33,1.0,0.0,4.34,111.0,4.63,1.259,47.0,800000.0,9.506,False
2021,chafian01,Andrew Chafin,2TM,P,RP,31.0,71.0,2.9,,,,,,,,68.67,0,5.0,1.83,229.0,2.98,0.932,64.0,2250000.0,6.116,False
2021,chapmar01,Aroldis Chapman,NYY,P,RP,33.0,61.0,1.5,,,,,,,,56.33,0,30.0,3.36,128.0,3.99,1.314,97.0,16000000.0,10.052,False
2021,chapmma01,Matt Chapman,ATH,H,3B,28.0,151.0,3.4,622.0,27.0,3.0,0.21,0.314,0.403,100.0,,,,,,,,,6490000.0,3.634,False
2021,chargjt01,JT Chargois,2TM,P,RP,30.0,56.0,1.5,,,,,,,,53.67,0,0.0,2.52,164.0,3.86,1.081,53.0,570500.0,1.727,False
2021,chishja01,Jazz Chisholm Jr.,MIA,H,2B,23.0,124.0,2.2,507.0,18.0,23.0,0.248,0.303,0.425,95.0,,,,,,,,,570500,0.436,True
2021,choiji01,Jiman Choi,TBR,H,1B,30.0,83.0,1.0,305.0,11.0,0.0,0.229,0.348,0.411,114.0,,,,,,,,,2450000.0,3.442,False
2021,cimbead01,Adam Cimber,2TM,P,RP,30.0,72.0,1.8,2.0,,,,,,,71.67,0,1.0,2.26,194.0,3.07,1.074,51.0,925000.0,2.808,False
2021,cishest01,Steve Cishek,LAA,P,RP,35.0,74.0,1.2,,,,,,,,68.33,0,0.0,3.42,131.0,3.74,1.493,64.0,1000000.0,9.831,False
2021,cisnejo01,José Cisnero,DET,P,RP,32.0,67.0,0.4,,,,,,,,61.67,0,4.0,3.65,117.0,4.13,1.33,62.0,970000.0,3.116,False
2021,civalaa01,Aaron Civale,CLE,P,SP,26.0,21.0,2.1,2.0,,,,,,,124.33,21.0,0.0,3.84,112.0,4.83,1.118,99.0,570500,1.337,True
2021,claseem01,Emmanuel Clase,CLE,P,RP,23.0,71.0,2.8,,,,,,,,69.67,0,24.0,1.29,333.0,2.11,0.962,74.0,,0.343,False
2021,cobbal01,Alex Cobb,LAA,P,SP,33.0,18.0,1.6,1.0,,,,,,,93.33,18.0,0.0,3.76,119.0,2.92,1.264,98.0,15000000.0,9.355,False
2021,colege01,Gerrit Cole,NYY,P,SP,30.0,30.0,5.7,,,,,,,,181.33,30.0,0.0,3.23,133.0,2.92,1.059,243.0,36000000.0,7.645,False
2021,colomal01,Alex Colomé,MIN,P,RP,32.0,67.0,-0.7,,,,,,,,65.0,0,17.0,4.15,103.0,4.23,1.4,58.0,5000000.0,6.686,False
2021,confomi01,Michael Conforto,NYM,H,RF,28.0,125.0,0.5,479.0,14.0,1.0,0.232,0.344,0.384,100.0,,,,,,,,,12250000.0,5.25,False
2021,contrwi01,Willson Contreras,CHC,H,C,29.0,128.0,4.2,483.0,21.0,5.0,0.237,0.34,0.438,109.0,,,,,,,,,6650000.0,4.628,False
2021,corbipa01,Patrick Corbin,WSN,P,SP,31.0,31.0,-1.1,63.0,,,,,,,171.67,31.0,0.0,5.82,70.0,5.41,1.468,143.0,24416667.0,8.61,False
2021,correca01,Carlos Correa,HOU,H,SS,26.0,148.0,7.3,640.0,26.0,0.0,0.279,0.366,0.485,131.0,,,,,,,,,11700000.0,5.692,False
2021,cortene01,Nestor Cortes,NYY,P,SP,26.0,22.0,2.8,1.0,,,,,,,93.0,14.0,0.0,2.9,148.0,3.78,1.075,103.0,570500,1.547,True
2021,crawfbr01,Brandon Crawford,SFG,H,SS,34.0,138.0,6.1,549.0,24.0,11.0,0.298,0.373,0.522,141.0,,,,,,,,,15200000.0,9.547,False
2021,crawfjp01,J.P. Crawford,SEA,H,SS,26.0,160.0,3.7,687.0,9.0,3.0,0.273,0.338,0.376,102.0,,,,,,,,,2050000.0,2.948,False
2021,crismna01,Nabil Crismatt,SDP,P,RP,26.0,45.0,0.3,11.0,,,,,,,81.33,0,0.0,3.76,103.0,4.2,1.365,71.0,570500,0.192,True
2021,crochga01,Garrett Crochet,CHW,P,RP,22.0,54.0,1.3,,,,,,,,54.33,0,0.0,2.82,156.0,2.8,1.27,65.0,570500,0.163,True
2021,croncj01,C.J. Cron,COL,H,1B,31.0,142.0,3.4,547.0,28.0,1.0,0.281,0.375,0.53,129.0,,,,,,,,,1000000.0,6.564,False
2021,croneja01,Jake Cronenworth,SDP,H,2B,27.0,152.0,4.8,643.0,21.0,4.0,0.266,0.34,0.46,122.0,0.67,0,0.0,0.0,,0.17,1.5,1.0,570500,1.0,True
2021,crowewi01,Wil Crowe,PIT,P,SP,26.0,26.0,-0.1,41.0,,,,,,,116.67,25.0,0.0,5.48,78.0,5.67,1.569,111.0,570500,0.064,True
2021,cruzne02,Nelson Cruz,2TM,H,DH,40.0,140.0,2.5,584.0,32.0,3.0,0.265,0.334,0.497,129.0,,,,,,,,,13000000.0,13.477,False
2021,cuetojo01,Johnny Cueto,SFG,P,SP,35.0,22.0,0.9,37.0,,,,,,,114.67,21.0,0.0,4.08,101.0,4.05,1.369,98.0,21833334.0,13.0,False
2021,dalbebo01,Bobby Dalbec,BOS,H,1B,26.0,133.0,0.3,453.0,25.0,2.0,0.24,0.298,0.494,107.0,,,,,,,,,575000.0,0.471,False
2021,darviyu01,Yu Darvish,SDP,P,SP,34.0,30.0,1.3,55.0,,,,,,,166.33,30.0,0.0,4.22,92.0,3.9,1.094,199.0,22000000.0,9.0,False
2021,davieza02,Zach Davies,CHC,P,SP,28.0,32.0,-1.0,44.0,,,,,,,148.0,32.0,0.0,5.78,73.0,5.45,1.601,114.0,8630000.0,5.116,False
2021,dazayo01,Yonathan Daza,COL,H,CF,27.0,107.0,0.5,331.0,2.0,2.0,0.282,0.332,0.355,77.0,,,,,,,,,570500,0.587,True
2021,degeubr01,Brett de Geus,2TM,P,RP,23.0,47.0,-1.6,,,,,,,,50.0,0,0.0,7.56,58.0,5.07,1.74,41.0,570500,0.0,True
2021,degroja01,Jacob deGrom,NYM,P,SP,33.0,15.0,5.1,33.0,,,,,,,92.0,15.0,0.0,1.08,373.0,1.24,0.554,146.0,35500000.0,6.808,False
2021,dejonpa01,Paul DeJong,STL,H,SS,27.0,113.0,1.5,402.0,19.0,4.0,0.197,0.284,0.39,85.0,,,,,,,,,4166667.0,3.738,False
2021,desclan01,Anthony DeSclafani,SFG,P,SP,31.0,31.0,4.0,62.0,,,,,,,167.67,31.0,0.0,3.17,130.0,3.62,1.091,152.0,6000000.0,6.36,False
2021,detwiro01,Ross Detwiler,2TM,P,RP,35.0,53.0,0.2,3.0,,,,,,,52.33,5.0,0.0,4.64,91.0,4.89,1.223,62.0,850000.0,8.064,False
2021,deverra01,Rafael Devers,BOS,H,3B,24.0,156.0,3.6,664.0,38.0,5.0,0.279,0.352,0.538,134.0,,,,,,,,,4575000.0,3.407,False
2021,diazal02,Aledmys Díaz,HOU,H,3B,30.0,84.0,1.6,319.0,8.0,0.0,0.259,0.317,0.405,97.0,,,,,,,,,3000000.0,4.581,False
2021,diazed04,Edwin Díaz,NYM,P,RP,27.0,63.0,1.1,,,,,,,,62.67,0,32.0,3.45,117.0,2.48,1.053,89.0,7000000.0,4.703,False
2021,diazel01,Elias Díaz,COL,H,C,30.0,106.0,2.2,371.0,18.0,0.0,0.246,0.31,0.464,95.0,,,,,,,,,1200000.0,4.512,False
2021,diazya01,Yandy Díaz,TBR,H,1B,29.0,134.0,1.6,541.0,13.0,1.0,0.256,0.353,0.387,110.0,,,,,,,,,570500,2.709,True
2021,dickeal01,Alex Dickerson,SFG,H,LF,31.0,111.0,-0.1,312.0,13.0,1.0,0.233,0.304,0.42,95.0,,,,,,,,,2000000.0,4.698,False
2021,dickeco01,Corey Dickerson,2TM,H,LF,32.0,109.0,0.3,365.0,6.0,6.0,0.271,0.326,0.408,98.0,,,,,,,,,8750000.0,7.587,False
2021,diekmja01,Jake Diekman,ATH,P,RP,34.0,67.0,0.4,1.0,,,,,,,60.67,0,7.0,3.86,107.0,4.46,1.335,83.0,4000000.0,8.291,False
2021,dobnara01,Randy Dobnak,MIN,P,RP,26.0,14.0,-1.3,,,,,,,,50.67,6.0,1.0,7.64,56.0,5.7,1.539,27.0,700000.0,1.209,False
2021,donaljo02,Josh Donaldson,MIN,H,3B,35.0,135.0,3.0,543.0,26.0,0.0,0.247,0.352,0.475,127.0,,,,,,,,,21750000.0,8.919,False
2021,doziehu01,Hunter Dozier,KCR,H,RF,29.0,144.0,-2.4,543.0,16.0,5.0,0.216,0.285,0.394,83.0,,,,,,,,,2500000.0,3.349,False
2021,duffety01,Tyler Duffey,MIN,P,RP,30.0,64.0,1.2,,,,,,,,62.33,0,3.0,3.18,134.0,3.49,1.219,61.0,2200000.0,4.43,False
2021,duffyda01,Danny Duffy,KCR,P,SP,32.0,13.0,2.0,,,,,,,,61.0,12.0,0.0,2.51,182.0,3.4,1.213,65.0,15500000.0,9.494,False
2021,duffyma01,Matt Duffy,CHC,H,3B,30.0,97.0,1.7,322.0,5.0,8.0,0.287,0.357,0.381,101.0,0.33,0,0.0,0.0,,3.17,0.0,0.0,1000000.0,5.343,False
2021,dunnida01,Dane Dunning,TEX,P,SP,26.0,27.0,0.8,4.0,,,,,,,117.67,25.0,0.0,4.51,98.0,3.94,1.436,114.0,570500,0.483,True
2021,dunnju01,Justin Dunn,SEA,P,SP,25.0,11.0,1.1,3.0,,,,,,,50.33,11.0,0.0,3.75,110.0,4.74,1.311,49.0,570500,1.116,True
2021,duvalad01,Adam Duvall,2TM,H,RF,32.0,146.0,2.9,555.0,38.0,5.0,0.228,0.281,0.491,102.0,,,,,,,,,2000000.0,4.878,False
2021,edmanto01,Tommy Edman,STL,H,2B,26.0,159.0,3.8,691.0,11.0,30.0,0.262,0.308,0.387,91.0,,,,,,,,,570500,1.663,True
2021,eflinza01,Zach Eflin,PHI,P,SP,27.0,18.0,1.7,37.0,,,,,,,105.67,18.0,0.0,4.17,100.0,3.68,1.249,99.0,4450000.0,4.105,False
2021,eovalna01,Nathan Eovaldi,BOS,P,SP,31.0,32.0,4.3,3.0,,,,,,,182.33,32.0,0.0,3.75,125.0,2.79,1.19,195.0,17000000.0,9.076,False
2021,escobal02,Alcides Escobar,WSN,H,SS,34.0,75.0,1.6,349.0,4.0,3.0,0.288,0.34,0.404,105.0,,,,,,,,,,9.017,False
2021,escobed01,Eduardo Escobar,2TM,H,3B,32.0,146.0,2.5,599.0,28.0,1.0,0.253,0.314,0.472,109.0,,,,,,,,,7666667.0,8.744,False
2021,espinpa01,Paolo Espino,WSN,P,SP,34.0,35.0,1.1,33.0,,,,,,,109.67,19.0,1.0,4.27,95.0,4.46,1.213,92.0,570500,,True
2021,estevca01,Carlos Estévez,COL,P,RP,28.0,64.0,0.4,,,,,,,,61.67,0,11.0,4.38,110.0,4.03,1.492,60.0,1450000.0,4.128,False
2021,familje01,Jeurys Familia,NYM,P,RP,31.0,65.0,0,,,,,,,,59.33,0,1.0,3.94,102.0,4.4,1.416,72.0,11666667.0,8.134,False
2021,farmeky01,Kyle Farmer,CIN,H,SS,30.0,147.0,1.2,529.0,16.0,2.0,0.263,0.316,0.416,88.0,,,,,,,,,640000.0,2.75,False
2021,feddeer01,Erick Fedde,WSN,P,SP,28.0,29.0,-1.5,43.0,,,,,,,133.33,27.0,0.0,5.47,74.0,4.66,1.44,128.0,570500,2.576,True
2021,feyerjo01,J.P. Feyereisen,2TM,P,RP,28.0,55.0,0.9,,,,,,,,56.0,0,3.0,2.73,150.0,4.21,1.232,53.0,570500,0.628,True
2021,finneky01,Kyle Finnegan,WSN,P,RP,29.0,68.0,-0.6,,,,,,,,66.0,0,11.0,3.55,115.0,4.52,1.485,68.0,570500,1.0,True
2021,flaheja01,Jack Flaherty,STL,P,SP,25.0,17.0,1.1,26.0,,,,,,,78.33,15.0,0.0,3.22,122.0,4.22,1.06,85.0,3900000.0,3.035,False
2021,flemijo01,Josh Fleming,TBR,P,RP,25.0,26.0,-0.6,1.0,,,,,,,104.33,11.0,1.0,5.09,79.0,4.27,1.351,65.0,570500,0.047,True
2021,fletcda02,David Fletcher,LAA,H,2B,27.0,157.0,1.6,665.0,2.0,15.0,0.262,0.297,0.324,70.0,,,,,,,,,2000000.0,2.645,False
2021,flexech01,Chris Flexen,SEA,P,SP,26.0,31.0,3.4,3.0,,,,,,,179.67,31.0,0.0,3.61,114.0,3.89,1.252,125.0,1700000.0,0.622,False
2021,florewi01,Wilmer Flores,SFG,H,3B,29.0,139.0,1.8,436.0,18.0,1.0,0.262,0.335,0.447,111.0,,,,,,,,,3000000.0,7.017,False
2021,florody01,Dylan Floro,MIA,P,RP,30.0,68.0,1.5,,,,,,,,64.0,0,15.0,2.81,150.0,2.81,1.219,62.0,,3.308,False
2021,foltymi01,Mike Foltynewicz,TEX,P,SP,29.0,28.0,-0.6,2.0,,,,,,,139.0,24.0,0.0,5.44,81.0,6.02,1.259,97.0,,5.779,False
2021,francma02,Maikel Franco,BAL,H,3B,28.0,104.0,-1.4,403.0,11.0,0.0,0.21,0.253,0.355,65.0,,,,,,,,,800000.0,5.913,False
2021,francty01,Ty France,SEA,H,1B,26.0,152.0,4.2,650.0,18.0,0.0,0.291,0.368,0.445,128.0,,,,,,,,,570500,1.517,True
2021,francwa01,Wander Franco,TBR,H,SS,20.0,70.0,3.5,308.0,7.0,2.0,0.288,0.347,0.463,127.0,,,,,,,,,,0.0,False
2021,fraziad01,Adam Frazier,2TM,H,2B,29.0,155.0,4.0,639.0,5.0,10.0,0.305,0.368,0.411,114.0,,,,,,,,,4300000.0,4.436,False
2021,freelky01,Kyle Freeland,COL,P,SP,28.0,23.0,2.2,40.0,,,,,,,120.67,23.0,0.0,4.33,111.0,4.63,1.417,105.0,5020000.0,3.837,False
2021,freemfr01,Freddie Freeman,ATL,H,1B,31.0,159.0,4.8,695.0,31.0,8.0,0.3,0.393,0.503,136.0,,,,,,,,,22000000.0,10.192,False
2021,friedma01,Max Fried,ATL,P,SP,27.0,28.0,4.9,67.0,,,,,,,165.67,28.0,0.0,3.04,143.0,3.31,1.087,158.0,3500000.0,2.86,False
2021,fulmemi01,Michael Fulmer,DET,P,RP,28.0,52.0,1.9,,,,,,,,69.67,4.0,14.0,2.97,143.0,3.46,1.278,73.0,3100000.0,4.913,False
2021,funkhky01,Kyle Funkhouser,DET,P,RP,27.0,57.0,1.0,,,,,,,,68.33,2.0,1.0,3.42,124.0,4.27,1.405,63.0,570500,,True
2021,gallegi01,Giovanny Gallegos,STL,P,RP,29.0,73.0,1.3,,,,,,,,80.33,0,14.0,3.02,130.0,2.75,0.884,95.0,,2.494,False
2021,galleza01,Zac Gallen,ARI,P,SP,25.0,23.0,2.3,42.0,,,,,,,121.33,23.0,0.0,4.3,98.0,4.25,1.294,139.0,570500,1.581,True
2021,gallojo01,Joey Gallo,2TM,H,RF,27.0,153.0,4.5,616.0,38.0,6.0,0.199,0.351,0.458,121.0,,,,,,,,,6200000.0,4.599,False
2021,galvifr01,Freddy Galvis,2TM,H,SS,31.0,104.0,1.3,394.0,14.0,1.0,0.242,0.302,0.407,92.0,,,,,,,,,1500000.0,8.122,False
2021,gamelbe01,Ben Gamel,2TM,H,LF,29.0,122.0,-0.1,400.0,8.0,3.0,0.247,0.347,0.388,100.0,,,,,,,,,100000.0,4.169,False
2021,gantjo01,John Gant,2TM,P,SP,28.0,39.0,0.4,18.0,,,,,,,110.0,21.0,0.0,4.09,99.0,4.78,1.509,92.0,2100000.0,4.023,False
2021,garciad02,Adolis García,TEX,H,CF,28.0,149.0,3.9,622.0,31.0,16.0,0.243,0.286,0.454,100.0,,,,,,,,,570500,0.552,True
2021,garciav01,Avisaíl García,MIL,H,RF,30.0,135.0,3.1,515.0,29.0,8.0,0.262,0.33,0.49,119.0,,,,,,,,,10750000.0,7.971,False
2021,garcija04,Jarlín García,SFG,P,RP,28.0,58.0,1.7,2.0,,,,,,,68.67,0,1.0,2.62,158.0,3.77,0.961,68.0,950000.0,3.663,False
2021,garcile02,Leury García,CHW,H,2B,30.0,126.0,2.1,474.0,5.0,6.0,0.267,0.335,0.376,95.0,,,,,,,,,3500000.0,6.145,False
2021,garcilu05,Luis Garcia,HOU,P,SP,24.0,30.0,2.5,6.0,,,,,,,155.33,28.0,0.0,3.48,123.0,3.63,1.178,167.0,570500,0.483,True
2021,garciyi01,Yimi García,2TM,P,RP,30.0,62.0,0.5,,,,,,,,57.67,0,15.0,4.21,102.0,3.88,1.162,60.0,1900000.0,5.866,False
2021,gardnbr01,Brett Gardner,NYY,H,CF,37.0,140.0,0.9,461.0,10.0,4.0,0.222,0.327,0.362,90.0,,,,,,,,,5350000.0,12.419,False
2021,gausmke01,Kevin Gausman,SFG,P,SP,30.0,33.0,5.4,62.0,,,,,,,192.0,33.0,0.0,2.81,147.0,3.0,1.042,227.0,18900000.0,6.878,False
2021,germado01,Domingo Germán,NYY,P,SP,28.0,22.0,1.3,3.0,,,,,,,98.33,18.0,0.0,4.58,94.0,4.31,1.18,98.0,570500,2.099,True
2021,gibsoky01,Kyle Gibson,2TM,P,SP,33.0,31.0,3.6,30.0,,,,,,,182.0,30.0,0.0,3.71,117.0,3.87,1.22,155.0,9666666.0,7.227,False
2021,gilbelo01,Logan Gilbert,SEA,P,SP,24.0,24.0,0.9,,,,,,,,119.33,24.0,0.0,4.68,88.0,3.73,1.173,128.0,,0.0,False
2021,giolilu01,Lucas Giolito,CHW,P,SP,26.0,31.0,4.3,4.0,,,,,,,178.67,31.0,0.0,3.53,124.0,3.79,1.103,201.0,4150000.0,3.465,False
2021,givenmy01,Mychal Givens,2TM,P,RP,31.0,54.0,1.4,,,,,,,,51.0,0,8.0,3.35,143.0,4.54,1.373,54.0,4050000.0,5.401,False
2021,glasnty01,Tyler Glasnow,TBR,P,SP,27.0,14.0,2.4,2.0,,,,,,,88.0,14.0,0.0,2.66,152.0,2.77,0.932,123.0,4000000.0,3.919,False
2021,goldspa01,Paul Goldschmidt,STL,H,1B,33.0,158.0,5.9,679.0,31.0,12.0,0.294,0.365,0.514,141.0,,,,,,,,,26000000.0,9.343,False
2021,gombeau01,Austin Gomber,COL,P,SP,27.0,23.0,0.6,42.0,,,,,,,115.33,23.0,0.0,4.53,106.0,4.61,1.24,113.0,570500,1.645,True
2021,gomesya01,Yan Gomes,2TM,H,C,33.0,103.0,2.4,375.0,14.0,0.0,0.252,0.301,0.421,98.0,,,,,,,,,6000000.0,8.483,False
2021,gonsoto01,Tony Gonsolin,LAD,P,SP,27.0,15.0,1.3,19.0,,,,,,,55.67,13.0,0.0,3.23,131.0,4.54,1.347,65.0,,0.884,False
2021,gonzach01,Chi Chi González,COL,P,SP,29.0,24.0,-0.7,34.0,,,,,,,101.67,18.0,0.0,6.46,74.0,5.37,1.525,56.0,1100000.0,2.866,False
2021,gonzama01,Marwin González,2TM,H,2B,32.0,91.0,-0.8,307.0,5.0,3.0,0.199,0.275,0.304,56.0,1.0,0,0.0,0.0,,3.17,0.0,0.0,3000000.0,8.773,False
2021,gonzama02,Marco Gonzales,SEA,P,SP,29.0,25.0,2.1,4.0,,,,,,,143.33,25.0,0.0,3.96,104.0,5.28,1.165,108.0,5250000.0,3.593,False
2021,goodrni01,Niko Goodrum,DET,H,SS,29.0,90.0,-0.2,325.0,9.0,14.0,0.214,0.292,0.359,81.0,,,,,,,,,2100000.0,3.18,False
2021,gosseph01,Phil Gosselin,LAA,H,LF,32.0,104.0,-0.4,373.0,7.0,4.0,0.261,0.314,0.362,84.0,,,,,,,,,570500.0,4.727,False
2021,gourryu01,Yuli Gurriel,HOU,H,1B,37.0,143.0,3.8,605.0,15.0,1.0,0.319,0.383,0.462,131.0,,,,,,,,,6500000.0,4.25,False
2021,grandya01,Yasmani Grandal,CHW,H,C,32.0,93.0,3.7,375.0,23.0,0.0,0.24,0.42,0.52,155.0,,,,,,,,,18250000.0,8.669,False
2021,graveke01,Kendall Graveman,2TM,P,RP,30.0,53.0,2.1,,,,,,,,56.0,0,10.0,1.77,240.0,3.19,0.982,61.0,1750000.0,5.453,False
2021,grayjo02,Jon Gray,COL,P,SP,29.0,29.0,1.3,50.0,,,,,,,149.0,29.0,0.0,4.59,105.0,4.22,1.329,157.0,6000000.0,5.36,False
2021,grayjo03,Josiah Gray,2TM,P,SP,23.0,14.0,-0.3,24.0,,,,,,,70.67,13.0,0.0,5.48,75.0,6.0,1.358,76.0,570500,0.0,True
2021,grayso01,Sonny Gray,CIN,P,SP,31.0,26.0,3.0,43.0,,,,,,,135.33,26.0,0.0,4.19,112.0,3.99,1.219,155.0,10166667.0,7.355,False
2021,greench03,Chad Green,NYY,P,RP,30.0,67.0,2.4,,,,,,,,83.67,0,6.0,3.12,138.0,3.59,0.884,99.0,2150000.0,4.291,False
2021,gregodi01,Didi Gregorius,PHI,H,SS,31.0,103.0,-1.0,408.0,13.0,3.0,0.209,0.27,0.37,71.0,,,,,,,,,12750000.0,7.924,False
2021,greinza01,Zack Greinke,HOU,P,SP,37.0,30.0,1.1,2.0,,,,,,,171.0,29.0,0.0,4.16,103.0,4.71,1.17,120.0,35000000.0,16.331,False
2021,grichra01,Randal Grichuk,TOR,H,CF,29.0,149.0,0.8,545.0,22.0,0.0,0.241,0.281,0.423,87.0,,,,,,,,,10333333.0,6.192,False
2021,grishtr01,Trent Grisham,SDP,H,CF,24.0,132.0,3.1,527.0,15.0,13.0,0.242,0.327,0.413,106.0,,,,,,,,,570500,1.349,True
2021,grossro01,Robbie Grossman,DET,H,LF,31.0,156.0,2.9,671.0,23.0,20.0,0.239,0.357,0.415,115.0,,,,,,,,,5000000.0,6.349,False
2021,guerrde01,Deolis Guerra,ATH,P,RP,32.0,53.0,0.2,,,,,,,,65.67,0,0.0,4.11,101.0,3.96,1.112,62.0,570500.0,2.413,False
2021,guerrju02,Junior Guerra,LAA,P,RP,36.0,41.0,-0.4,2.0,,,,,,,65.33,1.0,0.0,6.06,74.0,4.75,1.73,61.0,,4.901,False
2021,guerrvl02,Vladimir Guerrero Jr.,TOR,H,1B,22.0,161.0,6.5,698.0,48.0,4.0,0.311,0.401,0.601,167.0,,,,,,,,,,1.913,False
2021,gurrilo01,Lourdes Gurriel Jr.,TOR,H,LF,27.0,141.0,2.5,541.0,21.0,1.0,0.276,0.319,0.466,109.0,,,,,,,,,3928571.0,2.547,False
2021,gutievl01,Vladimir Gutierrez,CIN,P,SP,25.0,22.0,1.7,42.0,,,,,,,114.0,22.0,0.0,4.74,99.0,5.22,1.412,88.0,570500,0.0,True
2021,haaseer01,Eric Haase,DET,H,C,28.0,98.0,1.9,381.0,22.0,2.0,0.231,0.286,0.459,103.0,,,,,,,,,570500,0.419,True
2021,haderjo01,Josh Hader,MIL,P,RP,27.0,60.0,3.2,,,,,,,,58.67,0,34.0,1.23,338.0,1.69,0.835,102.0,6675000.0,3.669,False
2021,hampsga01,Garrett Hampson,COL,H,CF,26.0,147.0,0.7,494.0,11.0,17.0,0.234,0.289,0.38,70.0,,,,,,,,,570500,2.174,True
2021,handbr01,Brad Hand,3TM,P,RP,31.0,68.0,-0.3,,,,,,,,64.67,0,21.0,3.9,107.0,4.58,1.268,61.0,11500000.0,7.535,False
2021,hanigmi01,Mitch Haniger,SEA,H,RF,30.0,157.0,2.8,691.0,39.0,1.0,0.253,0.318,0.485,122.0,,,,,,,,,3010000.0,4.279,False
2021,happia01,Ian Happ,CHC,H,LF,26.0,148.0,1.6,535.0,25.0,9.0,0.226,0.323,0.434,103.0,,,,,,,,,4100000.0,3.209,False
2021,happja01,J.A. Happ,2TM,P,SP,38.0,30.0,-1.4,15.0,,,,,,,152.33,30.0,0.0,5.79,72.0,5.13,1.477,122.0,8000000.0,12.273,False
2021,harpebr03,Bryce Harper,PHI,H,RF,28.0,141.0,5.9,599.0,35.0,13.0,0.309,0.429,0.615,179.0,,,,,,,,,27538462.0,8.924,False
2021,harrijo05,Josh Harrison,2TM,H,2B,33.0,138.0,2.0,558.0,8.0,9.0,0.279,0.341,0.4,106.0,,,,,,,,,1000000.0,8.977,False
2021,harvema01,Matt Harvey,BAL,P,SP,32.0,28.0,-0.8,6.0,,,,,,,127.67,28.0,0.0,6.27,71.0,4.6,1.543,95.0,1000000.0,7.738,False
2021,hayeske01,Ke'Bryan Hayes,PIT,H,3B,24.0,96.0,2.3,396.0,6.0,9.0,0.257,0.316,0.373,86.0,,,,,,,,,,0.436,False
2021,haysau01,Austin Hays,BAL,H,LF,25.0,131.0,3.4,529.0,22.0,4.0,0.256,0.308,0.461,107.0,,,,,,,,,570500,1.331,True
2021,heanean01,Andrew Heaney,2TM,P,SP,30.0,30.0,0.4,4.0,,,,,,,129.67,23.0,0.0,5.83,76.0,4.85,1.319,150.0,6750000.0,5.872,False
2021,hearnta01,Taylor Hearn,TEX,P,RP,26.0,42.0,0,,,,,,,,104.33,11.0,0.0,4.66,95.0,4.82,1.323,92.0,570500,1.814,True
2021,hedgeau01,Austin Hedges,CLE,H,C,28.0,88.0,0.1,312.0,10.0,1.0,0.178,0.22,0.308,43.0,,,,,,,,,3280000.0,4.965,False
2021,hembrhe01,Heath Hembree,2TM,P,RP,32.0,60.0,-0.3,1.0,,,,,,,58.0,0,9.0,5.59,81.0,4.34,1.19,83.0,1250000.0,5.616,False
2021,hendrky01,Kyle Hendricks,CHC,P,SP,31.0,32.0,0.7,61.0,,,,,,,181.0,32.0,0.0,4.77,88.0,4.89,1.348,131.0,14000000.0,6.471,False
2021,hendrli01,Liam Hendriks,CHW,P,RP,32.0,69.0,2.6,,,,,,,,71.0,0,38.0,2.54,173.0,2.34,0.732,113.0,11333333.0,6.953,False
2021,hentgsa01,Sam Hentges,CLE,P,RP,24.0,30.0,-1.0,1.0,,,,,,,68.67,12.0,0.0,6.68,64.0,4.48,1.777,68.0,570500,0.0,True
2021,heredgu01,Guillermo Heredia,ATL,H,CF,30.0,120.0,0.3,347.0,5.0,0.0,0.22,0.311,0.354,77.0,,,,,,,,,,3.651,False
2021,hernaca04,Carlos Hernández,KCR,P,RP,24.0,24.0,1.6,4.0,,,,,,,85.67,11.0,0.0,3.68,124.0,4.08,1.284,74.0,570500,0.0,True
2021,hernace02,César Hernández,2TM,H,2B,31.0,149.0,0.5,637.0,21.0,1.0,0.232,0.308,0.386,90.0,,,,,,,,,5000000.0,6.895,False
2021,hernael01,Elieser Hernández,MIA,P,SP,26.0,11.0,0.3,18.0,,,,,,,51.67,11.0,0.0,4.18,101.0,5.38,1.316,53.0,570500,2.686,True
2021,hernaen02,Kiké Hernández,BOS,H,CF,29.0,134.0,4.9,585.0,20.0,1.0,0.25,0.337,0.449,108.0,,,,,,,,,6000000.0,6.314,False
2021,hernate01,Teoscar Hernández,TOR,H,RF,28.0,143.0,3.5,595.0,32.0,12.0,0.296,0.346,0.524,131.0,,,,,,,,,4320000.0,3.564,False
2021,herreod01,Odúbel Herrera,PHI,H,CF,29.0,124.0,1.8,492.0,13.0,6.0,0.26,0.31,0.416,95.0,,,,,,,,,10350000.0,4.512,False
2021,heuerco01,Codi Heuer,2TM,P,RP,24.0,65.0,0.6,,,,,,,,67.33,0,2.0,4.28,102.0,3.97,1.307,56.0,570500,1.0,True
2021,heywaja01,Jason Heyward,CHC,H,RF,31.0,104.0,0.3,353.0,8.0,5.0,0.214,0.28,0.347,69.0,,,,,,,,,21000000.0,11.0,False
2021,hillri01,Rich Hill,2TM,P,SP,41.0,32.0,1.5,26.0,,,,,,,158.67,31.0,0.0,3.86,105.0,4.34,1.21,150.0,2500000.0,11.738,False
2021,hillti01,Tim Hill,SDP,P,RP,31.0,78.0,-0.1,,,,,,,,59.67,0,1.0,3.62,108.0,4.71,1.24,56.0,570500,2.651,True
2021,hoffmje02,Jeff Hoffman,CIN,P,RP,28.0,31.0,0.9,16.0,,,,,,,73.0,11.0,0.0,4.56,103.0,5.2,1.575,79.0,570500,2.61,True
2021,hollagr01,Greg Holland,KCR,P,RP,35.0,57.0,0,,,,,,,,55.67,0,8.0,4.85,94.0,4.82,1.347,53.0,2750000.0,8.948,False
2021,holmecl01,Clay Holmes,2TM,P,RP,28.0,69.0,1.3,1.0,,,,,,,70.0,0,0.0,3.6,120.0,3.28,1.171,78.0,570500,2.18,True
2021,hoskirh01,Rhys Hoskins,PHI,H,1B,28.0,107.0,2.1,443.0,27.0,3.0,0.247,0.334,0.53,129.0,,,,,,,,,4800000.0,3.308,False
2021,hosmeer01,Eric Hosmer,SDP,H,1B,31.0,151.0,1.2,565.0,12.0,5.0,0.269,0.337,0.395,104.0,,,,,,,,,21000000.0,9.849,False
2021,houckta01,Tanner Houck,BOS,P,SP,25.0,18.0,1.5,1.0,,,,,,,69.0,13.0,1.0,3.52,133.0,2.58,1.13,87.0,570500,0.0,True
2021,housead01,Adrian Houser,MIL,P,SP,28.0,28.0,1.8,46.0,,,,,,,142.33,26.0,0.0,3.22,128.0,4.33,1.279,105.0,570500,2.058,True
2021,hudsoda01,Daniel Hudson,2TM,P,RP,34.0,54.0,0.8,,,,,,,,51.67,0,0.0,3.31,122.0,3.21,1.084,75.0,6000000.0,10.616,False
2021,iglesjo01,Jose Iglesias,2TM,H,SS,31.0,137.0,-0.8,511.0,9.0,5.0,0.271,0.309,0.391,89.0,,,,,,,,,3500000.0,8.209,False
2021,iglesra01,Raisel Iglesias,LAA,P,RP,31.0,65.0,2.8,,,,,,,,70.0,0,34.0,2.57,174.0,2.83,0.929,103.0,,5.895,False
2021,indiajo01,Jonathan India,CIN,H,2B,24.0,150.0,4.1,631.0,21.0,12.0,0.269,0.376,0.459,116.0,,,,,,,,,570500,0.0,True
2021,irvinco01,Cole Irvin,ATH,P,SP,27.0,32.0,1.5,7.0,,,,,,,178.33,32.0,0.0,4.24,97.0,4.3,1.329,125.0,570500,0.698,True
2021,jackslu01,Luke Jackson,ATL,P,RP,29.0,71.0,2.3,,,,,,,,63.67,0,0.0,1.98,220.0,3.66,1.162,70.0,1900000.0,4.11,False
2021,janseke01,Kenley Jansen,LAD,P,RP,33.0,69.0,2.5,1.0,,,,,,,69.0,0,38.0,2.22,191.0,3.08,1.043,86.0,20000000.0,10.424,False
2021,javiecr01,Cristian Javier,HOU,P,RP,24.0,36.0,1.3,,,,,,,,101.33,9.0,2.0,3.55,121.0,4.43,1.184,130.0,,1.0,False
2021,jaxgr01,Griffin Jax,MIN,P,SP,26.0,18.0,-1.1,3.0,,,,,,,82.0,14.0,0.0,6.37,67.0,6.47,1.354,65.0,570500,0.0,True
2021,johnspi01,Pierce Johnson,SDP,P,RP,30.0,63.0,1.1,,,,,,,,58.67,2.0,0.0,3.22,121.0,3.31,1.261,77.0,2000000.0,1.797,False
2021,judgeaa01,Aaron Judge,NYY,H,RF,29.0,148.0,5.9,633.0,39.0,6.0,0.287,0.373,0.544,149.0,,,,,,,,,10175000.0,4.297,False
2021,kaprija01,James Kaprielian,ATH,P,SP,27.0,24.0,1.5,4.0,,,,,,,119.33,21.0,0.0,4.07,101.0,4.33,1.223,123.0,570500,0.023,True
2021,karinja01,James Karinchak,CLE,P,RP,25.0,60.0,0.9,,,,,,,,55.33,0,11.0,4.07,106.0,4.31,1.211,78.0,570500,0.983,True
2021,kelenja01,Jarred Kelenic,SEA,H,CF,21.0,93.0,-1.6,377.0,14.0,6.0,0.181,0.265,0.35,72.0,,,,,,,,,,0.0,False
2021,kellebr01,Brad Keller,KCR,P,SP,25.0,26.0,-0.5,7.0,,,,,,,133.67,26.0,0.0,5.39,85.0,4.72,1.661,120.0,3350000.0,3.0,False
2021,kellemi03,Mitch Keller,PIT,P,SP,25.0,23.0,-0.3,32.0,,,,,,,100.67,23.0,0.0,6.17,69.0,4.3,1.788,92.0,570500,1.151,True
2021,kellyca02,Carson Kelly,ARI,H,C,26.0,98.0,2.1,359.0,13.0,0.0,0.24,0.343,0.411,104.0,,,,,,,,,1700000.0,2.936,False
2021,kellyme01,Merrill Kelly,ARI,P,SP,32.0,27.0,2.3,58.0,,,,,,,158.0,27.0,0.0,4.44,95.0,4.11,1.291,130.0,4250000.0,2.0,False
2021,kempto01,Tony Kemp,ATH,H,2B,29.0,131.0,3.3,397.0,8.0,8.0,0.279,0.382,0.418,126.0,,,,,,,,,1050000.0,3.57,False
2021,kenneia01,Ian Kennedy,2TM,P,RP,36.0,55.0,1.4,,,,,,,,56.33,0,26.0,3.2,136.0,4.75,1.101,62.0,2150000.0,11.721,False
2021,keplema01,Max Kepler,MIN,H,RF,28.0,121.0,1.9,490.0,19.0,10.0,0.211,0.306,0.413,98.0,,,,,,,,,6500000.0,4.884,False
2021,kershcl01,Clayton Kershaw,LAD,P,SP,33.0,22.0,2.5,39.0,,,,,,,121.67,22.0,0.0,3.55,119.0,3.0,1.019,144.0,31000000.0,12.61,False
2021,keuchda01,Dallas Keuchel,CHW,P,SP,33.0,32.0,0.1,2.0,,,,,,,162.0,30.0,0.0,5.28,83.0,5.23,1.531,95.0,18000000.0,8.18,False
2021,kiermke01,Kevin Kiermaier,TBR,H,CF,31.0,122.0,3.4,390.0,4.0,9.0,0.259,0.328,0.388,102.0,,,,,,,,,11166666.0,6.762,False
2021,kikucyu01,Yusei Kikuchi,SEA,P,SP,30.0,29.0,1.7,2.0,,,,,,,157.0,29.0,0.0,4.41,93.0,4.61,1.318,163.0,17000000.0,2.0,False
2021,kimbrcr01,Craig Kimbrel,2TM,P,RP,33.0,63.0,2.4,1.0,,,,,,,59.67,0,24.0,2.26,191.0,2.43,0.905,100.0,16000000.0,9.936,False
2021,kimkw01,Kwang Hyun Kim,STL,P,SP,32.0,27.0,1.2,29.0,,,,,,,106.67,21.0,1.0,3.46,113.0,4.34,1.284,80.0,4000000.0,1.0,False
2021,kineris01,Isiah Kiner-Falefa,TEX,H,SS,26.0,158.0,3.9,677.0,8.0,20.0,0.271,0.312,0.357,85.0,,,,,,,,,2000000.0,3.0,False
2021,kingmi01,Michael King,NYY,P,RP,26.0,22.0,1.0,,,,,,,,63.33,6.0,0.0,3.55,121.0,3.86,1.279,62.0,570500,1.023,True
2021,kinlety01,Tyler Kinley,COL,P,RP,30.0,70.0,0.4,,,,,,,,70.33,0,0.0,4.73,102.0,4.65,1.209,68.0,570500,2.081,True
2021,kittran01,Andrew Kittredge,TBR,P,RP,31.0,57.0,2.4,,,,,,,,71.67,4.0,8.0,1.88,215.0,3.04,0.977,77.0,570500,2.407,True
2021,klubeco01,Corey Kluber,NYY,P,SP,35.0,16.0,1.5,2.0,,,,,,,80.0,16.0,0.0,3.83,112.0,3.85,1.338,82.0,11000000.0,8.43,False
2021,kopecmi01,Michael Kopech,CHW,P,RP,25.0,44.0,1.4,1.0,,,,,,,69.33,4.0,0.0,3.5,125.0,2.97,1.125,103.0,570500,2.238,True
2021,kremede01,Dean Kremer,BAL,P,SP,25.0,13.0,-0.9,,,,,,,,53.67,13.0,0.0,7.55,59.0,6.99,1.64,47.0,570500,0.0,True
2021,kuhlch01,Chad Kuhl,PIT,P,SP,28.0,28.0,0.1,24.0,,,,,,,80.33,14.0,0.0,4.82,89.0,5.31,1.432,75.0,2130000.0,4.459,False
2021,lagarju01,Juan Lagares,LAA,H,CF,32.0,112.0,-0.4,327.0,6.0,1.0,0.236,0.266,0.372,71.0,,,,,,,,,1250000.0,7.029,False
2021,larnatr01,Trevor Larnach,MIN,H,LF,24.0,79.0,0.4,301.0,7.0,1.0,0.223,0.322,0.35,88.0,,,,,,,,,570500,0.0,True
2021,lauerer01,Eric Lauer,MIL,P,SP,26.0,24.0,2.3,37.0,,,,,,,118.67,20.0,0.0,3.19,130.0,4.04,1.138,117.0,570500,2.192,True
2021,laurera01,Ramón Laureano,ATH,H,CF,26.0,88.0,2.7,378.0,14.0,12.0,0.246,0.317,0.443,111.0,,,,,,,,,570500,2.081,True
2021,lemahdj01,DJ LeMahieu,NYY,H,2B,32.0,150.0,1.6,679.0,10.0,4.0,0.268,0.349,0.362,97.0,,,,,,,,,15000000.0,8.744,False
2021,leonedo01,Dominic Leone,SFG,P,RP,29.0,57.0,1.8,,,,,,,,53.67,4.0,2.0,1.51,275.0,3.08,1.099,50.0,,4.977,False
2021,lestejo01,Jon Lester,2TM,P,SP,37.0,28.0,-0.2,51.0,,,,,,,141.33,28.0,0.0,4.71,85.0,5.41,1.514,91.0,10000000.0,14.436,False
2021,lindofr01,Francisco Lindor,NYM,H,SS,27.0,125.0,3.0,524.0,20.0,10.0,0.23,0.322,0.412,100.0,,,,,,,,,22300000.0,5.657,False
2021,litteza01,Zack Littell,SFG,P,RP,25.0,63.0,1.0,4.0,,,,,,,61.67,2.0,2.0,2.92,142.0,3.87,1.135,63.0,570500.0,1.436,False
2021,loaisjo01,Jonathan Loáisiga,NYY,P,RP,26.0,57.0,3.3,,,,,,,,70.67,0,5.0,2.17,199.0,2.58,1.019,69.0,570500,2.128,True
2021,lopezjo02,Jorge López,BAL,P,SP,28.0,33.0,0,2.0,,,,,,,121.67,25.0,0.0,6.07,74.0,5.2,1.627,112.0,570500,2.593,True
2021,lopezni01,Nicky Lopez,KCR,H,SS,26.0,151.0,4.4,565.0,2.0,22.0,0.3,0.365,0.378,104.0,,,,,,,,,,1.808,False
2021,lopezpa01,Pablo López,MIA,P,SP,25.0,20.0,2.7,35.0,,,,,,,102.67,20.0,0.0,3.07,138.0,3.29,1.12,115.0,570500,2.541,True
2021,lopezre01,Reynaldo López,CHW,P,RP,27.0,20.0,0.9,,,,,,,,57.67,9.0,0.0,3.43,128.0,4.19,0.954,55.0,2100000.0,3.529,False
2021,loupaa01,Aaron Loup,NYM,P,RP,33.0,65.0,2.8,,,,,,,,56.67,2.0,0.0,0.95,422.0,2.45,0.935,57.0,3000000.0,8.233,False
2021,lowebr01,Brandon Lowe,TBR,H,2B,26.0,149.0,4.6,615.0,39.0,7.0,0.247,0.34,0.523,140.0,,,,,,,,,2500000.0,2.337,False
2021,lowena01,Nathaniel Lowe,TEX,H,1B,25.0,157.0,2.3,642.0,18.0,8.0,0.264,0.357,0.415,112.0,,,,,,,,,,0.843,False
2021,lowrije01,Jed Lowrie,ATH,H,2B,37.0,139.0,0.2,512.0,14.0,0.0,0.245,0.318,0.398,101.0,,,,,,,,,1500000.0,12.645,False
2021,luetglu01,Lucas Luetge,NYY,P,RP,34.0,57.0,1.4,,,,,,,,72.33,1.0,1.0,2.74,157.0,2.84,1.134,78.0,570500,2.087,True
2021,luxga01,Gavin Lux,LAD,H,SS,23.0,102.0,1.5,381.0,7.0,4.0,0.242,0.328,0.364,85.0,,,,,,,,,570500,0.663,True
2021,luzarje01,Jesús Luzardo,2TM,P,SP,23.0,25.0,-1.3,20.0,,,,,,,95.33,18.0,0.0,6.61,64.0,5.48,1.615,98.0,,0.959,False
2021,lylesjo01,Jordan Lyles,TEX,P,SP,30.0,32.0,-0.1,6.0,,,,,,,180.0,30.0,0.0,5.15,86.0,5.34,1.389,146.0,8000000.0,9.012,False
2021,lynchda02,Daniel Lynch IV,KCR,P,SP,24.0,15.0,-0.2,,,,,,,,68.0,15.0,0.0,5.69,80.0,4.82,1.632,55.0,570500,0.0,True
2021,lynnla01,Lance Lynn,CHW,P,SP,34.0,28.0,5.4,5.0,,,,,,,157.0,28.0,0.0,2.69,163.0,3.32,1.07,176.0,,9.692,False
2021,machama01,Manny Machado,SDP,H,3B,28.0,153.0,5.0,640.0,28.0,12.0,0.278,0.347,0.489,131.0,,,,,,,,,32000000.0,8.326,False
2021,maedake01,Kenta Maeda,MIN,P,SP,33.0,21.0,0.3,4.0,,,,,,,106.33,21.0,0.0,4.66,91.0,4.1,1.298,113.0,3125000.0,5.0,False
2021,mahlety01,Tyler Mahle,CIN,P,SP,26.0,33.0,4.6,66.0,,,,,,,180.0,33.0,0.0,3.75,125.0,3.8,1.233,210.0,2200000.0,3.105,False
2021,maldoma01,Martín Maldonado,HOU,H,C,34.0,125.0,0,426.0,12.0,0.0,0.172,0.272,0.3,58.0,,,,,,,,,3500000.0,8.907,False
2021,manaese01,Sean Manaea,ATH,P,SP,29.0,32.0,3.4,5.0,,,,,,,179.33,32.0,0.0,3.91,105.0,3.66,1.227,194.0,5950000.0,4.913,False
2021,mancitr01,Trey Mancini,BAL,H,1B,29.0,147.0,1.0,616.0,21.0,0.0,0.255,0.326,0.432,106.0,,,,,,,,,4750000.0,4.087,False
2021,mannima02,Matt Manning,DET,P,SP,23.0,18.0,-0.4,1.0,,,,,,,85.33,18.0,0.0,5.8,73.0,4.62,1.512,57.0,570500,0.0,True
2021,manoaal01,Alek Manoah,TOR,P,SP,23.0,20.0,2.9,1.0,,,,,,,111.67,20.0,0.0,3.22,139.0,3.8,1.048,127.0,570500,0.0,True
2021,margoma01,Manuel Margot,TBR,H,RF,26.0,125.0,3.0,464.0,10.0,13.0,0.254,0.313,0.382,96.0,,,,,,,,,3400000.0,4.07,False
2021,marquge01,Germán Márquez,COL,P,SP,26.0,32.0,3.1,60.0,,,,,,,180.0,32.0,0.0,4.4,109.0,3.86,1.272,176.0,7800000.0,4.157,False
2021,marteke01,Ketel Marte,ARI,H,CF,27.0,90.0,1.9,374.0,14.0,2.0,0.318,0.377,0.532,143.0,,,,,,,,,6400000.0,4.942,False
2021,martest01,Starling Marte,2TM,H,CF,32.0,120.0,4.8,526.0,12.0,47.0,0.31,0.383,0.458,132.0,,,,,,,,,12500000.0,7.942,False
2021,martibr01,Brett Martin,TEX,P,RP,26.0,66.0,0.4,,,,,,,,62.33,0,0.0,3.18,140.0,3.54,1.299,42.0,570500,1.878,True
2021,martica04,Carlos Martínez,STL,P,SP,29.0,16.0,-1.4,25.0,,,,,,,82.33,16.0,0.0,6.23,63.0,4.76,1.372,57.0,11700000.0,7.424,False
2021,martijd02,J.D. Martinez,BOS,H,DH,33.0,148.0,3.2,634.0,28.0,0.0,0.286,0.349,0.518,128.0,,,,,,,,,19350000.0,9.209,False
2021,matonph01,Phil Maton,2TM,P,RP,28.0,65.0,0,1.0,,,,,,,66.67,1.0,0.0,4.73,92.0,3.5,1.455,85.0,975000.0,3.273,False
2021,matzety01,Tyler Matzek,ATL,P,RP,30.0,69.0,1.9,,,,,,,,63.0,0,0.0,2.57,169.0,3.2,1.222,77.0,570500,2.11,True
2021,matzst01,Steven Matz,TOR,P,SP,30.0,29.0,2.2,2.0,,,,,,,150.67,29.0,0.0,3.82,117.0,3.79,1.334,144.0,,5.576,False
2021,mayermi01,Mike Mayers,LAA,P,RP,29.0,72.0,1.5,,,,,,,,75.0,2.0,2.0,3.84,117.0,3.84,1.293,90.0,1200000.0,3.116,False
2021,maytr01,Trevor May,NYM,P,RP,31.0,68.0,0.5,,,,,,,,62.67,0,4.0,3.59,112.0,3.74,1.261,83.0,7750000.0,6.07,False
2021,mayzati01,Tim Mayza,TOR,P,RP,29.0,61.0,1.0,,,,,,,,53.0,0,1.0,3.4,132.0,3.09,0.981,57.0,570500,1.907,True
2021,mccanja02,James McCann,NYM,H,C,31.0,121.0,-0.3,412.0,10.0,1.0,0.232,0.294,0.349,76.0,,,,,,,,,8150000.0,6.163,False
2021,mcclash01,Shane McClanahan,TBR,P,SP,24.0,25.0,1.8,,,,,,,,123.33,25.0,0.0,3.43,118.0,3.31,1.273,141.0,,0.0,False
2021,mccorch01,Chas McCormick,HOU,H,LF,26.0,108.0,2.4,320.0,14.0,4.0,0.257,0.319,0.447,107.0,,,,,,,,,570500,0.0,True
2021,mcculla02,Lance McCullers Jr.,HOU,P,SP,27.0,28.0,3.2,4.0,,,,,,,162.33,28.0,0.0,3.16,136.0,3.52,1.22,185.0,6500000.0,5.814,False
2021,mccutan01,Andrew McCutchen,PHI,H,LF,34.0,144.0,1.2,574.0,27.0,6.0,0.222,0.334,0.444,109.0,,,,,,,,,20000000.0,11.715,False
2021,mcgeeja01,Jake McGee,SFG,P,RP,34.0,62.0,1.0,,,,,,,,59.67,0,31.0,2.72,153.0,3.35,0.905,58.0,2000000.0,9.738,False
2021,mchugco01,Collin McHugh,TBR,P,RP,34.0,37.0,2.0,,,,,,,,64.0,7.0,1.0,1.55,262.0,2.12,0.938,74.0,,7.494,False
2021,mckentr01,Triston McKenzie,CLE,P,SP,23.0,25.0,1.1,2.0,,,,,,,120.0,24.0,0.0,4.95,87.0,4.7,1.183,136.0,570500,0.43,True
2021,mckinbi01,Billy McKinney,3TM,H,RF,26.0,116.0,-0.2,300.0,9.0,2.0,0.192,0.28,0.358,72.0,,,,,,,,,570500,1.622,True
2021,mcmahry01,Ryan McMahon,COL,H,3B,26.0,151.0,4.0,596.0,23.0,6.0,0.254,0.331,0.449,98.0,,,,,,,,,2375000.0,3.035,False
2021,mcneije01,Jeff McNeil,NYM,H,2B,29.0,120.0,1.4,426.0,7.0,3.0,0.251,0.319,0.36,87.0,,,,,,,,,570500,2.401,True
2021,meadoau01,Austin Meadows,TBR,H,LF,26.0,142.0,2.0,591.0,27.0,4.0,0.234,0.315,0.458,115.0,,,,,,,,,570500,2.43,True
2021,meansjo01,John Means,BAL,P,SP,28.0,26.0,3.7,5.0,,,,,,,146.67,26.0,0.0,3.62,123.0,4.62,1.03,134.0,570500,2.041,True
2021,megilty01,Tylor Megill,NYM,P,SP,25.0,18.0,0.9,31.0,,,,,,,89.67,18.0,0.0,4.52,89.0,4.69,1.283,99.0,570500,0.0,True
2021,mejiaje02,J.C. Mejía,CLE,P,SP,24.0,17.0,-1.2,1.0,,,,,,,52.33,11.0,0.0,8.25,52.0,6.15,1.605,47.0,,,False
2021,melanma01,Mark Melancon,SDP,P,RP,36.0,64.0,2.1,1.0,,,,,,,64.67,0,39.0,2.23,175.0,3.36,1.222,59.0,2000000.0,10.57,False
2021,merriwh01,Whit Merrifield,KCR,H,2B,32.0,162.0,3.8,720.0,10.0,40.0,0.277,0.317,0.395,93.0,,,,,,,,,6750000.0,4.587,False
2021,mileywa01,Wade Miley,CIN,P,SP,34.0,28.0,5.6,59.0,,,,,,,163.0,28.0,0.0,3.37,139.0,3.97,1.325,125.0,8000000.0,9.145,False
2021,millebr02,Brad Miller,PHI,H,1B,31.0,140.0,0.5,377.0,20.0,3.0,0.227,0.321,0.453,107.0,,,,,,,,,3500000.0,7.023,False
2021,millsal02,Alec Mills,CHC,P,SP,29.0,32.0,-0.7,36.0,,,,,,,119.0,20.0,1.0,5.07,83.0,4.49,1.437,87.0,570500,,True
2021,minormi01,Mike Minor,KCR,P,SP,33.0,28.0,0.9,7.0,,,,,,,158.67,28.0,0.0,5.05,90.0,4.29,1.242,149.0,7000000.0,9.802,False
2021,minteaj01,A.J. Minter,ATL,P,RP,27.0,61.0,0.2,1.0,,,,,,,52.33,0,0.0,3.78,115.0,2.69,1.223,57.0,1300000.0,2.942,False
2021,misiean01,Anthony Misiewicz,SEA,P,RP,26.0,66.0,0.2,,,,,,,,54.67,0,0.0,4.61,90.0,3.77,1.39,53.0,570500,,True
2021,mizeca01,Casey Mize,DET,P,SP,24.0,30.0,3.4,3.0,,,,,,,150.33,30.0,0.0,3.71,114.0,4.71,1.137,118.0,570500,0.645,True
2021,molinya01,Yadier Molina,STL,H,C,38.0,121.0,1.7,473.0,11.0,3.0,0.252,0.297,0.37,84.0,,,,,,,,,9000000.0,16.715,False
2021,moncayo01,Yoán Moncada,CHW,H,3B,26.0,144.0,4.1,616.0,14.0,3.0,0.263,0.375,0.412,116.0,,,,,,,,,6800000.0,3.616,False
2021,montafr02,Frankie Montas,ATH,P,SP,28.0,32.0,3.7,4.0,,,,,,,187.0,32.0,0.0,3.37,122.0,3.37,1.182,207.0,1800000.0,3.087,False
2021,montgjo01,Jordan Montgomery,NYY,P,SP,28.0,30.0,3.3,4.0,,,,,,,157.33,30.0,0.0,3.83,112.0,3.69,1.278,162.0,2130000.0,3.843,False
2021,mooredy01,Dylan Moore,SEA,H,2B,28.0,126.0,0.9,377.0,12.0,21.0,0.181,0.276,0.334,71.0,,,,,,,,,570500,2.0,True
2021,moorema02,Matt Moore,PHI,P,SP,32.0,24.0,-0.8,20.0,,,,,,,73.0,13.0,0.0,6.29,67.0,5.76,1.589,63.0,,8.0,False
2021,moranco01,Colin Moran,PIT,H,1B,28.0,99.0,-0.3,359.0,10.0,1.0,0.258,0.334,0.39,96.0,,,,,,,,,2800000.0,3.622,False
2021,morgael01,Eli Morgan,CLE,P,SP,25.0,18.0,0.3,2.0,,,,,,,89.33,18.0,0.0,5.34,81.0,5.14,1.254,81.0,570500,0.0,True
2021,mortoch02,Charlie Morton,ATL,P,SP,37.0,33.0,3.7,62.0,,,,,,,185.67,33.0,0.0,3.34,130.0,3.18,1.045,216.0,15000000.0,12.058,False
2021,mountry01,Ryan Mountcastle,BAL,H,1B,24.0,144.0,1.1,586.0,33.0,4.0,0.255,0.309,0.487,114.0,,,,,,,,,570500,0.61,True
2021,mullice01,Cedric Mullins,BAL,H,CF,26.0,159.0,6.2,675.0,30.0,30.0,0.291,0.36,0.518,137.0,,,,,,,,,570500,2.302,True
2021,muncyma01,Max Muncy,LAD,H,1B,30.0,144.0,4.6,592.0,36.0,2.0,0.249,0.368,0.527,135.0,,,,,,,,,9000000.0,4.157,False
2021,murphse01,Sean Murphy,ATH,H,C,26.0,119.0,2.8,448.0,17.0,0.0,0.216,0.306,0.405,98.0,,,,,,,,,570500,1.169,True
2021,murphto04,Tom Murphy,SEA,H,C,30.0,97.0,1.0,325.0,11.0,0.0,0.202,0.304,0.35,84.0,,,,,,,,,875000.0,3.535,False
2021,musgrjo01,Joe Musgrove,SDP,P,SP,28.0,32.0,3.5,57.0,,,,,,,181.33,31.0,0.0,3.18,122.0,3.7,1.081,203.0,,4.366,False
2021,myerswi01,Wil Myers,SDP,H,RF,30.0,146.0,1.1,500.0,17.0,8.0,0.256,0.334,0.434,113.0,,,,,,,,,22500000.0,7.605,False
2021,naquity01,Tyler Naquin,CIN,H,CF,30.0,127.0,0.6,454.0,19.0,5.0,0.27,0.333,0.477,107.0,,,,,,,,,1500000.0,4.192,False
2021,narvaom01,Omar Narváez,MIL,H,C,29.0,123.0,1.5,445.0,11.0,0.0,0.266,0.342,0.402,101.0,,,,,,,,,2500000.0,4.517,False
2021,nerishe01,Hector Neris,PHI,P,RP,32.0,74.0,1.2,1.0,,,,,,,74.33,0,12.0,3.63,115.0,4.08,1.17,98.0,5000000.0,5.395,False
2021,newmake01,Kevin Newman,PIT,H,SS,27.0,148.0,0.6,554.0,5.0,6.0,0.226,0.265,0.309,55.0,,,,,,,,,570500,2.267,True
2021,nimmobr01,Brandon Nimmo,NYM,H,CF,28.0,92.0,3.5,386.0,8.0,5.0,0.292,0.401,0.437,131.0,,,,,,,,,4700000.0,4.244,False
2021,nolaaa01,Aaron Nola,PHI,P,SP,28.0,32.0,2.8,63.0,,,,,,,180.67,32.0,0.0,4.63,90.0,3.37,1.129,223.0,12250000.0,5.442,False
2021,norrida01,Daniel Norris,2TM,P,RP,28.0,56.0,-0.7,2.0,,,,,,,57.0,0,1.0,6.16,69.0,4.87,1.491,58.0,3475000.0,5.424,False
2021,oberba01,Bailey Ober,MIN,P,SP,25.0,20.0,1.3,2.0,,,,,,,92.33,20.0,0.0,4.19,102.0,4.56,1.202,96.0,570500,0.0,True
2021,odorija01,Jake Odorizzi,HOU,P,SP,31.0,24.0,0.6,1.0,,,,,,,104.67,23.0,0.0,4.21,102.0,4.48,1.252,91.0,9000000.0,7.244,False
2021,odorro01,Rougned Odor,NYY,H,2B,27.0,102.0,0.4,361.0,15.0,0.0,0.202,0.286,0.379,82.0,,,,,,,,,12333333.0,6.703,False
2021,ohtansh01,Shohei Ohtani,LAA,H,DH,26.0,155.0,9.0,639.0,46.0,26.0,0.257,0.372,0.592,157.0,130.33,23.0,0.0,3.18,141.0,3.52,1.09,156.0,3000000.0,3.0,False
2021,olsonma02,Matt Olson,ATH,H,1B,27.0,156.0,5.9,673.0,39.0,4.0,0.271,0.371,0.54,153.0,,,,,,,,,5000000.0,3.599,False
2021,oneilty01,Tyler O'Neill,STL,H,LF,26.0,138.0,6.4,537.0,34.0,15.0,0.286,0.352,0.56,148.0,,,,,,,,,570500,2.343,True
2021,ortegra01,Rafael Ortega,CHC,H,CF,30.0,103.0,2.0,330.0,11.0,12.0,0.291,0.36,0.463,121.0,,,,,,,,,570500,2.081,True
2021,ottavad01,Adam Ottavino,BOS,P,RP,35.0,69.0,0.8,,,,,,,,62.0,0,11.0,4.21,112.0,3.96,1.452,71.0,,9.506,False
2021,oviedjo01,Johan Oviedo,STL,P,SP,23.0,14.0,-0.4,22.0,,,,,,,62.33,13.0,0.0,4.91,80.0,5.27,1.572,51.0,570500,0.0,True
2021,paddach01,Chris Paddack,SDP,P,SP,25.0,23.0,-0.8,42.0,,,,,,,108.33,22.0,0.0,5.07,77.0,3.78,1.265,99.0,570500,2.0,True
2021,paganem01,Emilio Pagán,SDP,P,RP,30.0,67.0,-0.3,2.0,,,,,,,63.33,0,0.0,4.83,81.0,5.22,1.168,69.0,1570000.0,3.529,False
2021,patinlu01,Luis Patiño,TBR,P,SP,21.0,19.0,0.2,,,,,,,,77.33,15.0,0.0,4.31,94.0,4.51,1.267,74.0,,,False
2021,payamjo01,Joel Payamps,2TM,P,RP,27.0,37.0,0.9,,,,,,,,50.33,1.0,0.0,3.4,134.0,4.1,1.152,38.0,570500,0.157,True
2021,peacoma01,Matt Peacock,ARI,P,RP,27.0,35.0,0.4,17.0,,,,,,,86.33,8.0,0.0,4.9,86.0,4.98,1.564,50.0,570500,,True
2021,pederjo01,Joc Pederson,2TM,H,LF,29.0,137.0,-0.1,481.0,18.0,2.0,0.238,0.31,0.422,95.0,,,,,,,,,4500000.0,6.163,False
2021,peralda01,David Peralta,ARI,H,LF,33.0,150.0,1.1,538.0,8.0,2.0,0.259,0.325,0.402,96.0,1.0,0,0.0,27.0,21.0,17.17,4.0,1.0,7500000.0,6.698,False
2021,peralfr01,Freddy Peralta,MIL,P,SP,25.0,28.0,3.5,45.0,,,,,,,144.33,27.0,0.0,2.81,147.0,3.12,0.97,195.0,1234960.0,2.523,False
2021,peralwa01,Wandy Peralta,2TM,P,RP,29.0,56.0,0.9,,,,,,,,51.0,1.0,5.0,3.35,129.0,4.31,1.373,43.0,925000.0,3.977,False
2021,peralwi01,Wily Peralta,DET,P,SP,32.0,19.0,2.1,2.0,,,,,,,93.67,18.0,0.0,3.07,138.0,4.94,1.335,58.0,1500000.0,5.965,False
2021,perezma02,Martín Pérez,BOS,P,SP,30.0,36.0,0.4,3.0,,,,,,,114.0,22.0,0.0,4.74,99.0,4.82,1.509,97.0,5000000.0,8.221,False
2021,perezsa02,Salvador Perez,KCR,H,C,31.0,161.0,5.3,665.0,48.0,1.0,0.273,0.316,0.544,128.0,,,,,,,,,14200000.0,9.291,False
2021,peterda01,David Peterson,NYM,P,SP,25.0,15.0,-0.5,20.0,,,,,,,66.67,15.0,0.0,5.54,73.0,4.78,1.395,69.0,570500,0.727,True
2021,peterja01,Jace Peterson,MIL,H,2B,31.0,94.0,0.4,302.0,6.0,10.0,0.247,0.348,0.367,95.0,2.0,0,0.0,9.0,54.0,2.67,2.5,2.0,570500.0,4.866,False
2021,petityu01,Yusmeiro Petit,ATH,P,RP,36.0,78.0,0.9,,,,,,,,78.0,0,2.0,3.92,105.0,4.72,1.038,37.0,2550000.0,10.093,False
2021,phamth01,Tommy Pham,SDP,H,LF,33.0,155.0,1.5,561.0,15.0,14.0,0.229,0.34,0.383,103.0,,,,,,,,,8900000.0,5.622,False
2021,pillake01,Kevin Pillar,NYM,H,CF,32.0,124.0,0.4,347.0,15.0,4.0,0.231,0.277,0.415,87.0,0.33,0,0.0,0.0,,3.17,0.0,0.0,3600000.0,6.657,False
2021,pinedmi01,Michael Pineda,MIN,P,SP,32.0,22.0,1.5,3.0,,,,,,,109.33,21.0,0.0,3.62,117.0,4.21,1.235,88.0,10000000.0,8.959,False
2021,pivetni01,Nick Pivetta,BOS,P,SP,28.0,31.0,2.5,2.0,,,,,,,155.0,30.0,1.0,4.53,103.0,4.28,1.303,175.0,570500,2.965,True
2021,plesaza01,Zach Plesac,CLE,P,SP,26.0,25.0,1.1,,,,,,,,142.67,25.0,0.0,4.67,92.0,4.73,1.199,100.0,570500,1.5,True
2021,plutkad01,Adam Plutko,BAL,P,RP,29.0,38.0,-1.1,,,,,,,,56.33,1.0,1.0,6.71,67.0,7.13,1.633,44.0,570500,,True
2021,polangr01,Gregory Polanco,PIT,H,RF,29.0,107.0,-1.6,382.0,11.0,14.0,0.208,0.283,0.354,72.0,,,,,,,,,11600000.0,6.599,False
2021,polanjo01,Jorge Polanco,MIN,H,2B,27.0,152.0,5.0,644.0,33.0,11.0,0.269,0.323,0.503,125.0,,,,,,,,,4333333.0,4.14,False
2021,polloaj01,AJ Pollock,LAD,H,LF,33.0,117.0,3.0,422.0,21.0,9.0,0.297,0.355,0.536,134.0,,,,,,,,,18000000.0,8.302,False
2021,popza01,Zach Pop,MIA,P,RP,24.0,50.0,0.1,2.0,,,,,,,54.67,0,0.0,4.12,103.0,3.77,1.427,51.0,570500,0.0,True
2021,poseybu01,Buster Posey,SFG,H,C,34.0,113.0,3.6,454.0,18.0,0.0,0.304,0.39,0.499,140.0,,,,,,,,,22177778.0,9.936,False
2021,pressry01,Ryan Pressly,HOU,P,RP,32.0,64.0,1.9,,,,,,,,64.0,0,26.0,2.25,191.0,2.06,0.969,81.0,8750000.0,7.227,False
2021,priceda01,David Price,LAD,P,RP,35.0,39.0,0.9,18.0,,,,,,,73.67,11.0,1.0,4.03,105.0,4.23,1.425,58.0,32000000.0,10.953,False
2021,profaju01,Jurickson Profar,SDP,H,LF,28.0,137.0,0,412.0,4.0,10.0,0.227,0.329,0.32,83.0,,,,,,,,,4500000.0,6.959,False
2021,quantca01,Cal Quantrill,CLE,P,SP,26.0,40.0,3.7,2.0,,,,,,,149.67,22.0,0.0,2.89,149.0,4.07,1.176,121.0,,1.767,False
2021,quintjo01,Jose Quintana,2TM,P,RP,32.0,29.0,-0.8,2.0,,,,,,,63.0,10.0,0.0,6.43,69.0,4.66,1.73,85.0,8000000.0,8.773,False
2021,ramirha02,Harold Ramírez,CLE,H,LF,26.0,99.0,0.3,361.0,7.0,3.0,0.268,0.305,0.398,92.0,,,,,,,,,,1.721,False
2021,ramirjo01,José Ramírez,CLE,H,3B,28.0,152.0,6.7,636.0,36.0,27.0,0.266,0.355,0.538,142.0,,,,,,,,,9400000.0,6.43,False
2021,rasmudr01,Drew Rasmussen,2TM,P,RP,25.0,35.0,1.7,4.0,,,,,,,76.0,10.0,1.0,2.84,144.0,3.09,1.079,73.0,570500,0.645,True
2021,rayro02,Robbie Ray,TOR,P,SP,29.0,32.0,6.8,5.0,,,,,,,193.33,32.0,0.0,2.84,157.0,3.69,1.045,248.0,8000000.0,6.041,False
2021,realmjt01,J.T. Realmuto,PHI,H,C,30.0,134.0,3.5,537.0,17.0,13.0,0.263,0.343,0.439,110.0,,,,,,,,,20000000.0,6.221,False
2021,renfrhu01,Hunter Renfroe,BOS,H,RF,29.0,144.0,2.4,572.0,31.0,1.0,0.259,0.315,0.501,114.0,,,,,,,,,3100000.0,3.959,False
2021,reyesal02,Alex Reyes,STL,P,RP,26.0,69.0,0.7,1.0,,,,,,,72.33,0,29.0,3.24,122.0,4.4,1.355,95.0,900000.0,3.25,False
2021,reyesfr01,Franmil Reyes,CLE,H,DH,25.0,115.0,1.7,466.0,30.0,4.0,0.254,0.324,0.522,128.0,,,,,,,,,570500,2.669,True
2021,reynobr01,Bryan Reynolds,PIT,H,CF,26.0,159.0,6.0,646.0,24.0,5.0,0.302,0.39,0.522,145.0,,,,,,,,,,1.948,False
2021,richaga01,Garrett Richards,BOS,P,SP,33.0,40.0,0.3,5.0,,,,,,,136.67,22.0,3.0,4.87,96.0,4.72,1.595,115.0,8500000.0,8.86,False
2021,richatr01,Trevor Richards,3TM,P,RP,28.0,53.0,1.0,1.0,,,,,,,64.33,0,1.0,3.5,124.0,4.2,0.964,78.0,570500,2.488,True
2021,rileyau01,Austin Riley,ATL,H,3B,24.0,160.0,6.3,662.0,33.0,0.0,0.303,0.367,0.531,135.0,,,,,,,,,,1.802,False
2021,rizzoan01,Anthony Rizzo,2TM,H,1B,31.0,141.0,2.0,576.0,22.0,6.0,0.248,0.344,0.44,112.0,0.67,0,0.0,0.0,,4.67,1.5,1.0,16500000.0,8.977,False
2021,robleha01,Hansel Robles,2TM,P,RP,30.0,72.0,-0.2,,,,,,,,69.0,0,14.0,4.43,100.0,4.3,1.377,76.0,2000000.0,5.692,False
2021,roblevi01,Víctor Robles,WSN,H,CF,24.0,107.0,-0.1,369.0,2.0,8.0,0.203,0.31,0.295,69.0,,,,,,,,,570500,2.192,True
2021,rodgebr02,Brendan Rodgers,COL,H,2B,24.0,102.0,1.4,415.0,15.0,0.0,0.284,0.328,0.47,102.0,,,,,,,,,570500,1.436,True
2021,rodonca01,Carlos Rodón,CHW,P,SP,28.0,24.0,5.1,3.0,,,,,,,132.67,24.0,0.0,2.37,185.0,2.65,0.957,185.0,3000000.0,5.977,False
2021,rodried05,Eduardo Rodríguez,BOS,P,SP,28.0,32.0,1.6,6.0,,,,,,,157.67,31.0,0.0,4.74,99.0,3.32,1.389,185.0,8300000.0,5.756,False
2021,rodriri05,Richard Rodríguez,2TM,P,RP,31.0,64.0,2.1,,,,,,,,64.33,0,14.0,2.94,147.0,4.04,0.933,42.0,1700000.0,3.093,False
2021,rogertr01,Trevor Rogers,MIA,P,SP,23.0,25.0,3.3,46.0,,,,,,,133.0,25.0,0.0,2.64,160.0,2.55,1.15,157.0,570500,0.547,True
2021,rogerty01,Tyler Rogers,SFG,P,RP,30.0,80.0,2.5,,,,,,,,81.0,0,13.0,2.22,186.0,3.28,1.074,55.0,570500,1.198,True
2021,rojasjo01,Josh Rojas,ARI,H,2B,27.0,139.0,0.8,550.0,11.0,9.0,0.264,0.341,0.411,103.0,,,,,,,,,,0.884,False
2021,rojasmi02,Miguel Rojas,MIA,H,SS,32.0,132.0,2.6,539.0,9.0,13.0,0.265,0.322,0.392,93.0,,,,,,,,,5000000.0,6.25,False
2021,romanjo03,Jordan Romano,TOR,P,RP,28.0,62.0,2.4,,,,,,,,63.0,0,23.0,2.14,209.0,3.15,1.048,85.0,570500,1.297,True
2021,romose01,Sergio Romo,ATH,P,RP,38.0,66.0,0.1,,,,,,,,61.67,0,3.0,4.67,89.0,4.24,1.249,60.0,2250000.0,12.564,False
2021,rosaram01,Amed Rosario,CLE,H,SS,25.0,141.0,1.9,588.0,11.0,13.0,0.282,0.321,0.409,100.0,,,,,,,,,2400000.0,3.36,False
2021,rosared01,Eddie Rosario,2TM,H,LF,29.0,111.0,1.1,412.0,14.0,11.0,0.259,0.305,0.435,99.0,,,,,,,,,8000000.0,5.698,False
2021,rossjo01,Joe Ross,WSN,P,SP,28.0,20.0,1.3,39.0,,,,,,,108.0,19.0,0.0,4.17,97.0,4.36,1.222,109.0,1500000.0,4.105,False
2021,rufda01,Darin Ruf,SFG,H,1B,34.0,117.0,2.8,312.0,16.0,2.0,0.271,0.385,0.519,143.0,1.0,0,0.0,18.0,31.0,3.17,3.0,0.0,1275000.0,3.802,False
2021,ruizjo01,José Ruiz,CHW,P,RP,26.0,59.0,1.1,1.0,,,,,,,65.0,0,0.0,3.05,144.0,3.99,1.169,63.0,,1.279,False
2021,ryuhy01,Hyun Jin Ryu,TOR,P,SP,34.0,31.0,1.9,4.0,,,,,,,169.0,31.0,0.0,4.37,102.0,4.02,1.225,143.0,20000000.0,8.0,False
2021,sanchga02,Gary Sánchez,NYY,H,C,28.0,117.0,0.7,440.0,23.0,0.0,0.204,0.307,0.423,99.0,,,,,,,,,6350000.0,4.5,False
2021,sandopa02,Patrick Sandoval,LAA,P,SP,24.0,17.0,2.0,4.0,,,,,,,87.0,14.0,1.0,3.62,124.0,4.03,1.207,94.0,,0.866,False
2021,sanomi01,Miguel Sanó,MIN,H,1B,28.0,135.0,0.9,532.0,30.0,2.0,0.223,0.312,0.466,112.0,,,,,,,,,11000000.0,5.384,False
2021,santaan02,Anthony Santander,BAL,H,RF,26.0,110.0,0.4,438.0,18.0,1.0,0.241,0.286,0.433,94.0,,,,,,,,,2100000.0,2.942,False
2021,santaca01,Carlos Santana,KCR,H,1B,35.0,158.0,-0.1,659.0,19.0,2.0,0.214,0.319,0.342,81.0,,,,,,,,,7000000.0,10.669,False
2021,santade01,Dennis Santana,2TM,P,RP,25.0,55.0,-0.1,2.0,,,,,,,54.67,0,0.0,4.28,103.0,4.36,1.463,46.0,,1.552,False
2021,santaer01,Ervin Santana,KCR,P,RP,38.0,38.0,0.5,,,,,,,,65.33,2.0,0.0,4.68,97.0,4.47,1.332,52.0,,15.605,False
2021,sawamhi01,Hirokazu Sawamura,BOS,P,RP,33.0,55.0,0.8,,,,,,,,53.0,0,0.0,3.06,154.0,5.0,1.453,61.0,1200000.0,0.0,False
2021,sborzjo01,Josh Sborz,TEX,P,RP,27.0,63.0,0.3,1.0,,,,,,,59.0,0,1.0,3.97,112.0,4.0,1.424,69.0,570500,0.32,True
2021,scherma01,Max Scherzer,2TM,P,SP,36.0,30.0,5.4,63.0,,,,,,,179.33,30.0,0.0,2.46,167.0,2.97,0.864,236.0,34503480.0,12.459,False
2021,schoojo01,Jonathan Schoop,DET,H,1B,29.0,156.0,1.9,674.0,22.0,2.0,0.278,0.32,0.435,109.0,,,,,,,,,4500000.0,7.157,False
2021,schwaky01,Kyle Schwarber,2TM,H,LF,28.0,113.0,3.5,471.0,32.0,1.0,0.266,0.374,0.554,149.0,,,,,,,,,7000000.0,5.5,False
2021,scottta01,Tanner Scott,BAL,P,RP,26.0,62.0,-0.1,,,,,,,,54.0,0,0.0,5.17,87.0,4.41,1.574,70.0,570500,2.343,True
2021,seageco01,Corey Seager,LAD,H,SS,27.0,95.0,3.4,409.0,16.0,1.0,0.306,0.394,0.521,142.0,,,,,,,,,13750000.0,5.186,False
2021,seageky01,Kyle Seager,SEA,H,3B,33.0,159.0,1.9,670.0,35.0,3.0,0.212,0.285,0.438,100.0,,,,,,,,,18500000.0,9.494,False
2021,segurje01,Jean Segura,PHI,H,2B,31.0,131.0,3.8,567.0,14.0,9.0,0.29,0.348,0.436,111.0,,,,,,,,,14850000.0,8.378,False
2021,semiema01,Marcus Semien,TOR,H,2B,30.0,162.0,7.1,724.0,45.0,15.0,0.265,0.334,0.538,131.0,,,,,,,,,18000000.0,6.686,False
2021,senzaan01,Antonio Senzatela,COL,P,SP,26.0,28.0,1.4,51.0,,,,,,,156.67,28.0,0.0,4.42,109.0,3.61,1.34,105.0,3000000.0,3.616,False
2021,severpe01,Pedro Severino,BAL,H,C,27.0,113.0,1.1,419.0,11.0,0.0,0.248,0.308,0.383,88.0,,,,,,,,,1825000.0,3.576,False
2021,sewalpa01,Paul Sewald,SEA,P,RP,31.0,62.0,1.6,,,,,,,,64.67,0,11.0,3.06,135.0,3.08,1.021,104.0,570500,2.419,True
2021,shawbr01,Bryan Shaw,CLE,P,RP,33.0,81.0,1.2,,,,,,,,77.33,0,2.0,3.49,123.0,4.53,1.384,71.0,1000000.0,8.86,False
2021,sheffju01,Justus Sheffield,SEA,P,SP,25.0,21.0,-1.8,2.0,,,,,,,80.33,15.0,0.0,6.83,60.0,5.66,1.842,63.0,570500,,True
2021,shoemma01,Matt Shoemaker,MIN,P,SP,34.0,16.0,-1.8,,,,,,,,60.33,11.0,0.0,8.06,53.0,6.57,1.657,40.0,2000000.0,6.965,False
2021,shrevch01,Chasen Shreve,PIT,P,RP,30.0,57.0,1.3,,,,,,,,56.33,0,0.0,3.2,134.0,4.73,1.26,45.0,1500000.0,5.07,False
2021,simmoan01,Andrelton Simmons,MIN,H,SS,31.0,131.0,1.3,451.0,3.0,1.0,0.223,0.283,0.274,57.0,,,,,,,,,10500000.0,8.709,False
2021,singebr01,Brady Singer,KCR,P,SP,24.0,27.0,0,,,,,,,,128.33,27.0,0.0,4.91,93.0,4.04,1.551,131.0,,0.907,False
2021,skubata01,Tarik Skubal,DET,P,SP,24.0,31.0,1.8,3.0,,,,,,,149.33,29.0,0.0,4.34,98.0,5.09,1.259,164.0,570500,0.663,True
2021,slateau01,Austin Slater,SFG,H,CF,28.0,129.0,1.4,306.0,12.0,15.0,0.241,0.32,0.423,101.0,0.33,0,0.0,0.0,,12.17,3.0,0.0,1150000.0,2.855,False
2021,smithca03,Caleb Smith,ARI,P,RP,29.0,45.0,0.8,25.0,,,,,,,113.67,13.0,0.0,4.83,87.0,5.1,1.372,124.0,1450000.0,3.453,False
2021,smithdo02,Dominic Smith,NYM,H,LF,26.0,145.0,-0.7,493.0,11.0,2.0,0.244,0.304,0.363,83.0,,,,,,,,,2550000.0,2.849,False
2021,smithpa04,Pavin Smith,ARI,H,1B,25.0,145.0,-0.1,545.0,11.0,1.0,0.267,0.328,0.404,98.0,,,,,,,,,570500,0.0,True
2021,smithri01,Riley Smith,ARI,P,RP,26.0,24.0,-0.5,17.0,,,,,,,67.33,6.0,1.0,6.01,70.0,4.88,1.5,36.0,570500,,True
2021,smithwi04,Will Smith,ATL,P,RP,31.0,71.0,1.5,,,,,,,,68.0,0,37.0,3.44,127.0,4.17,1.132,87.0,13000000.0,7.901,False
2021,smithwi05,Will Smith,LAD,H,C,26.0,130.0,3.3,501.0,25.0,3.0,0.258,0.365,0.495,127.0,,,,,,,,,570500,1.523,True
2021,smylydr01,Drew Smyly,ATL,P,SP,32.0,29.0,0.3,43.0,,,,,,,126.67,23.0,0.0,4.48,97.0,5.11,1.374,117.0,11000000.0,8.831,False
2021,snellbl01,Blake Snell,SDP,P,SP,28.0,27.0,1.3,37.0,,,,,,,128.67,27.0,0.0,4.2,92.0,3.82,1.321,170.0,11100000.0,4.419,False
2021,solakni01,Nick Solak,TEX,H,2B,26.0,127.0,1.0,511.0,11.0,7.0,0.242,0.314,0.362,87.0,,,,,,,,,570500,,True
2021,solando01,Donovan Solano,SFG,H,2B,33.0,101.0,1.1,344.0,7.0,2.0,0.28,0.344,0.404,103.0,,,,,,,,,3250000.0,5.471,False
2021,solerjo01,Jorge Soler,2TM,H,RF,29.0,149.0,0.1,602.0,27.0,0.0,0.223,0.316,0.432,99.0,,,,,,,,,8050000.0,5.831,False
2021,sosaed01,Edmundo Sosa,STL,H,SS,25.0,113.0,3.2,326.0,6.0,4.0,0.271,0.346,0.389,104.0,,,,,,,,,570500,0.814,True
2021,sotogr01,Gregory Soto,DET,P,RP,26.0,62.0,1.4,,,,,,,,63.67,0,18.0,3.39,126.0,4.14,1.351,76.0,,1.593,False
2021,sotoju01,Juan Soto,WSN,H,RF,22.0,151.0,7.3,654.0,29.0,9.0,0.313,0.465,0.534,175.0,,,,,,,,,8500000.0,2.779,False
2021,springe01,George Springer,TOR,H,CF,31.0,78.0,2.3,342.0,22.0,4.0,0.264,0.352,0.555,141.0,,,,,,,,,23666667.0,6.965,False
2021,stallja01,Jacob Stallings,PIT,H,C,31.0,112.0,3.0,427.0,8.0,0.0,0.246,0.335,0.369,91.0,,,,,,,,,1300000.0,2.866,False
2021,stammcr01,Craig Stammen,SDP,P,RP,37.0,67.0,1.5,7.0,,,,,,,88.33,4.0,1.0,3.06,127.0,3.75,1.042,83.0,4000000.0,9.93,False
2021,stanery01,Ryne Stanek,HOU,P,RP,29.0,72.0,0.5,,,,,,,,68.33,0,2.0,3.42,126.0,4.11,1.215,83.0,1100000.0,3.221,False
2021,stantmi03,Giancarlo Stanton,NYY,H,DH,31.0,139.0,3.1,579.0,35.0,0.0,0.273,0.354,0.516,136.0,,,,,,,,,29000000.0,10.686,False
2021,stassma01,Max Stassi,LAA,H,C,30.0,87.0,1.8,319.0,13.0,0.0,0.241,0.326,0.426,103.0,,,,,,,,,1600000.0,4.285,False
2021,staumjo01,Josh Staumont,KCR,P,RP,27.0,64.0,1.5,,,,,,,,65.67,0,5.0,2.88,159.0,3.49,1.066,72.0,570500,1.419,True
2021,steckdr01,Drew Steckenrider,SEA,P,RP,30.0,62.0,2.5,,,,,,,,67.67,0,14.0,2.0,207.0,3.35,1.02,58.0,,3.547,False
2021,steelju01,Justin Steele,CHC,P,RP,25.0,20.0,0.6,13.0,,,,,,,57.0,9.0,0.0,4.26,99.0,5.52,1.351,59.0,,0.0,False
2021,stephtr01,Trevor Stephan,CLE,P,RP,25.0,43.0,0.4,,,,,,,,63.33,0,1.0,4.41,98.0,5.49,1.405,75.0,570500,0.0,True
2021,stephty01,Tyler Stephenson,CIN,H,C,24.0,132.0,2.0,402.0,10.0,0.0,0.286,0.366,0.431,106.0,,,,,,,,,570500,0.326,True
2021,stewadj01,DJ Stewart,BAL,H,LF,27.0,100.0,-0.3,318.0,12.0,0.0,0.204,0.324,0.374,91.0,,,,,,,,,570500,0.0,True
2021,storytr01,Trevor Story,COL,H,SS,28.0,142.0,4.3,595.0,24.0,20.0,0.251,0.329,0.471,102.0,,,,,,,,,18500000.0,5.0,False
2021,stratch01,Chris Stratton,PIT,P,RP,30.0,68.0,1.1,2.0,,,,,,,79.33,0,8.0,3.63,118.0,3.76,1.298,86.0,1100000.0,3.581,False
2021,strawmy01,Myles Straw,2TM,H,CF,26.0,158.0,3.3,638.0,4.0,30.0,0.271,0.349,0.348,93.0,,,,,,,,,,1.651,False
2021,strichu01,Hunter Strickland,3TM,P,RP,32.0,57.0,0.9,2.0,,,,,,,58.67,0,0.0,2.61,161.0,4.19,1.159,58.0,570500.0,5.192,False
2021,stripro01,Ross Stripling,TOR,P,SP,31.0,24.0,0.9,6.0,,,,,,,101.33,19.0,0.0,4.8,93.0,5.21,1.273,94.0,3000000.0,4.669,False
2021,stromma01,Marcus Stroman,NYM,P,SP,30.0,33.0,3.7,58.0,,,,,,,179.0,33.0,0.0,3.02,133.0,3.49,1.145,158.0,18900000.0,6.151,False
2021,suareeu01,Eugenio Suárez,CIN,H,3B,29.0,145.0,-0.5,574.0,31.0,0.0,0.198,0.286,0.428,82.0,,,,,,,,,10785714.0,6.355,False
2021,suarejo01,José Suarez,LAA,P,SP,23.0,23.0,1.8,1.0,,,,,,,98.33,14.0,0.0,3.75,119.0,4.12,1.231,85.0,570500,0.488,True
2021,suarera01,Ranger Suarez,PHI,P,RP,25.0,39.0,5.8,23.0,,,,,,,106.0,12.0,4.0,1.36,308.0,2.72,1.0,107.0,,1.651,False
2021,sulseco01,Cole Sulser,BAL,P,RP,31.0,60.0,2.3,,,,,,,,63.33,0,8.0,2.7,166.0,2.98,1.121,73.0,570500,1.163,True
2021,suterbr01,Brent Suter,MIL,P,RP,31.0,61.0,0.4,4.0,,,,,,,73.33,1.0,1.0,3.07,135.0,3.91,1.309,69.0,1550000.0,3.936,False
2021,swansda01,Dansby Swanson,ATL,H,SS,27.0,160.0,2.3,653.0,27.0,9.0,0.248,0.311,0.449,99.0,,,,,,,,,6000000.0,4.273,False
2021,taillja01,Jameson Taillon,NYY,P,SP,29.0,29.0,2.3,2.0,,,,,,,144.33,29.0,0.0,4.3,100.0,4.43,1.206,140.0,,4.64,False
2021,tapiara01,Raimel Tapia,COL,H,LF,27.0,133.0,0.9,533.0,6.0,20.0,0.273,0.327,0.372,79.0,,,,,,,,,1950000.0,3.116,False
2021,tatedi01,Dillon Tate,BAL,P,RP,27.0,62.0,0.9,,,,,,,,67.67,0,3.0,4.39,102.0,4.4,1.241,49.0,570500,1.279,True
2021,tatisfe02,Fernando Tatis Jr.,SDP,H,SS,22.0,130.0,6.6,546.0,42.0,25.0,0.282,0.364,0.611,166.0,,,,,,,,,1714286.0,2.0,False
2021,tayloch03,Chris Taylor,LAD,H,CF,30.0,148.0,2.5,582.0,20.0,13.0,0.254,0.344,0.438,107.0,,,,,,,,,7800000.0,5.215,False
2021,taylomi02,Michael A. Taylor,KCR,H,CF,30.0,142.0,3.0,528.0,12.0,14.0,0.244,0.297,0.356,77.0,,,,,,,,,1750000.0,5.75,False
2021,tellero01,Rowdy Tellez,2TM,H,1B,26.0,106.0,-0.4,325.0,11.0,0.0,0.242,0.305,0.414,93.0,,,,,,,,,570500,2.023,True
2021,teperry01,Ryan Tepera,2TM,P,RP,33.0,65.0,1.7,,,,,,,,61.33,0,2.0,2.79,154.0,2.73,0.88,74.0,800000.0,5.047,False
2021,thielca01,Caleb Thielbar,MIN,P,RP,34.0,59.0,1.2,,,,,,,,64.0,0,0.0,3.23,132.0,3.47,1.172,77.0,650000.0,2.762,False
2021,thompke02,Keegan Thompson,CHC,P,RP,26.0,32.0,0.8,8.0,,,,,,,53.33,6.0,1.0,3.38,125.0,5.16,1.481,55.0,570500,0.0,True
2021,thompza01,Zach Thompson,MIA,P,SP,27.0,26.0,1.0,18.0,,,,,,,75.0,14.0,0.0,3.24,130.0,3.69,1.213,66.0,570500,,True
2021,toroab01,Abraham Toro,2TM,H,2B,24.0,95.0,1.5,375.0,11.0,6.0,0.239,0.315,0.373,92.0,,,,,,,,,570500,0.866,True
2021,torregl01,Gleyber Torres,NYY,H,SS,24.0,127.0,0.7,516.0,9.0,14.0,0.259,0.331,0.366,93.0,,,,,,,,,4000000.0,2.942,False
2021,torrelu01,Luis Torrens,SEA,H,DH,25.0,108.0,1.0,378.0,15.0,0.0,0.243,0.299,0.431,102.0,,,,,,,,,570500,1.529,True
2021,torrero01,Ronald Torreyes,PHI,H,3B,28.0,111.0,0.1,344.0,7.0,2.0,0.242,0.286,0.346,71.0,2.67,0,0.0,13.5,35.0,12.17,2.25,1.0,,4.808,False
2021,toussto01,Touki Toussaint,ATL,P,SP,25.0,11.0,0.1,18.0,,,,,,,50.0,10.0,0.0,4.5,97.0,5.79,1.3,48.0,570500,,True
2021,treinbl01,Blake Treinen,LAD,P,RP,33.0,72.0,2.5,,,,,,,,72.33,0,7.0,1.99,212.0,2.88,0.982,85.0,8000000.0,6.378,False
2021,trevijo01,Jose Trevino,TEX,H,C,28.0,89.0,0.1,302.0,5.0,1.0,0.239,0.267,0.34,66.0,,,,,,,,,570500,1.366,True
2021,trivilo01,Lou Trivino,ATH,P,RP,29.0,71.0,1.2,,,,,,,,73.67,0,22.0,3.18,130.0,3.78,1.249,67.0,912000.0,2.948,False
2021,tuckeky01,Kyle Tucker,HOU,H,RF,24.0,140.0,5.3,567.0,30.0,14.0,0.294,0.359,0.557,147.0,,,,,,,,,570500,1.459,True
2021,turnbsp01,Spencer Turnbull,DET,P,SP,28.0,9.0,1.3,,,,,,,,50.0,9.0,0.0,2.88,148.0,2.95,0.98,44.0,570500,2.116,True
2021,turneju01,Justin Turner,LAD,H,3B,36.0,151.0,3.5,612.0,27.0,3.0,0.278,0.361,0.471,120.0,1.0,0,0.0,0.0,,3.17,2.0,0.0,12000000.0,10.262,False
2021,turnetr01,Trea Turner,2TM,H,SS,28.0,148.0,6.5,646.0,28.0,32.0,0.328,0.375,0.536,145.0,,,,,,,,,13000000.0,4.785,False
2021,underdu01,Duane Underwood Jr.,PIT,P,RP,26.0,43.0,0.1,4.0,,,,,,,72.67,0,0.0,4.33,98.0,4.27,1.431,65.0,570500,1.256,True
2021,uptonju01,Justin Upton,LAA,H,LF,33.0,89.0,-0.7,362.0,17.0,4.0,0.211,0.296,0.409,90.0,,,,,,,,,23000000.0,13.349,False
2021,urenajo01,José Ureña,DET,P,SP,29.0,26.0,-0.5,1.0,,,,,,,100.67,18.0,0.0,5.81,73.0,5.02,1.599,67.0,3250000.0,5.233,False
2021,uriasju01,Julio Urías,LAD,P,SP,24.0,32.0,5.1,70.0,,,,,,,185.67,32.0,0.0,2.96,143.0,3.13,1.018,195.0,3600000.0,3.68,False
2021,uriaslu01,Luis Urías,MIL,H,3B,24.0,150.0,3.3,570.0,23.0,5.0,0.249,0.345,0.445,112.0,,,,,,,,,,1.698,False
2021,urquijo01,José Urquidy,HOU,P,SP,26.0,20.0,2.0,4.0,,,,,,,107.0,20.0,0.0,3.62,119.0,4.14,0.991,90.0,,1.285,False
2021,urshegi01,Gio Urshela,NYY,H,3B,29.0,116.0,0.6,442.0,14.0,1.0,0.267,0.301,0.419,96.0,,,,,,,,,4650000.0,3.738,False
2021,valdefr01,Framber Valdez,HOU,P,SP,27.0,22.0,2.4,4.0,,,,,,,134.67,22.0,0.0,3.14,137.0,4.01,1.248,125.0,,1.948,False
2021,vanmejo01,Josh VanMeter,ARI,H,2B,26.0,112.0,-0.2,310.0,6.0,3.0,0.212,0.297,0.354,76.0,,,,,,,,,570500,,True
2021,varshda01,Daulton Varsho,ARI,H,C,24.0,95.0,1.6,315.0,11.0,6.0,0.246,0.318,0.437,102.0,,,,,,,,,,0.744,False
2021,vaughan01,Andrew Vaughn,CHW,H,LF,23.0,127.0,0.3,469.0,15.0,1.0,0.235,0.309,0.396,91.0,,,,,,,,,570500,0.0,True
2021,vazquch01,Christian Vázquez,BOS,H,C,30.0,138.0,1.2,498.0,6.0,8.0,0.258,0.308,0.352,77.0,,,,,,,,,6250000.0,6.18,False
2021,velasvi01,Vince Velasquez,2TM,P,SP,29.0,25.0,-0.4,30.0,,,,,,,94.33,21.0,0.0,6.3,66.0,5.88,1.484,101.0,4000000.0,5.5,False
2021,verdual01,Alex Verdugo,BOS,H,LF,25.0,146.0,2.2,604.0,13.0,6.0,0.289,0.351,0.426,107.0,,,,,,,,,570500,2.453,True
2021,villajo01,Jonathan Villar,NYM,H,3B,30.0,142.0,1.8,505.0,18.0,14.0,0.249,0.322,0.416,101.0,,,,,,,,,3550000.0,6.657,False
2021,vothau01,Austin Voth,WSN,P,RP,29.0,49.0,-0.3,3.0,,,,,,,57.33,1.0,0.0,5.34,76.0,4.9,1.483,59.0,570500,1.738,True
2021,vottojo01,Joey Votto,CIN,H,1B,37.0,129.0,3.3,533.0,36.0,1.0,0.266,0.375,0.563,139.0,,,,,,,,,25000000.0,13.157,False
2021,wachami01,Michael Wacha,TBR,P,SP,29.0,29.0,-0.5,3.0,,,,,,,124.67,23.0,0.0,5.05,80.0,4.47,1.307,121.0,3000000.0,7.36,False
2021,wadela01,LaMonte Wade Jr.,SFG,H,RF,27.0,109.0,1.4,381.0,18.0,6.0,0.253,0.326,0.482,117.0,,,,,,,,,570500,1.203,True
2021,wainwad01,Adam Wainwright,STL,P,SP,39.0,32.0,3.9,74.0,,,,,,,206.33,32.0,0.0,3.05,128.0,3.66,1.057,174.0,8000000.0,15.157,False
2021,walkech02,Christian Walker,ARI,H,1B,30.0,115.0,0.6,445.0,10.0,0.0,0.244,0.315,0.382,88.0,,,,,,,,,570500,2.721,True
2021,walketa01,Taijuan Walker,NYM,P,SP,28.0,30.0,0.4,51.0,,,,,,,159.0,29.0,0.0,4.47,90.0,4.57,1.182,146.0,10000000.0,6.826,False
2021,walshja01,Jared Walsh,LAA,H,1B,27.0,144.0,2.7,585.0,29.0,2.0,0.277,0.34,0.509,127.0,,,,,,,,,570500,1.058,True
2021,watkisp01,Spenser Watkins,BAL,P,SP,28.0,16.0,-0.9,,,,,,,,54.67,10.0,0.0,8.07,56.0,6.37,1.701,35.0,570500,,True
2021,watsoto01,Tony Watson,2TM,P,RP,36.0,62.0,0.8,1.0,,,,,,,57.33,0,0.0,3.92,111.0,3.48,1.012,44.0,1000000.0,9.587,False
2021,weathry01,Ryan Weathers,SDP,P,SP,21.0,30.0,-0.2,28.0,,,,,,,94.67,18.0,1.0,5.32,73.0,5.44,1.384,72.0,570500,0.0,True
2021,weavelu01,Luke Weaver,ARI,P,SP,27.0,13.0,1.1,22.0,,,,,,,65.67,13.0,0.0,4.25,100.0,4.42,1.188,62.0,1950000.0,3.651,False
2021,webblo01,Logan Webb,SFG,P,SP,24.0,27.0,4.1,53.0,,,,,,,148.33,26.0,0.0,3.03,136.0,2.72,1.106,158.0,570500,1.256,True
2021,wellsty01,Tyler Wells,BAL,P,RP,26.0,44.0,0.9,,,,,,,,57.0,0,4.0,4.11,109.0,3.63,0.912,65.0,,0.0,False
2021,wendljo01,Joey Wendle,TBR,H,3B,31.0,136.0,3.8,501.0,11.0,8.0,0.265,0.319,0.422,108.0,,,,,,,,,2250000.0,3.512,False
2021,wheelza01,Zack Wheeler,PHI,P,SP,31.0,32.0,7.6,73.0,,,,,,,213.33,32.0,0.0,2.78,150.0,2.59,1.008,247.0,22500000.0,7.57,False
2021,whitlga01,Garrett Whitlock,BOS,P,RP,25.0,46.0,2.9,2.0,,,,,,,73.33,0,2.0,1.96,239.0,2.84,1.105,81.0,570500,0.0,True
2021,widenta01,Taylor Widener,ARI,P,SP,26.0,23.0,0.7,18.0,,,,,,,70.33,13.0,0.0,4.35,97.0,5.56,1.45,73.0,570500,,True
2021,willide03,Devin Williams,MIL,P,RP,26.0,58.0,1.5,,,,,,,,54.0,0,3.0,2.5,166.0,2.82,1.185,87.0,570500,1.326,True
2021,willitr01,Trevor Williams,2TM,P,SP,29.0,23.0,0.4,28.0,,,,,,,91.0,15.0,0.0,4.35,96.0,3.88,1.495,90.0,2500000.0,4.157,False
2021,wilsobr02,Bryse Wilson,2TM,P,SP,23.0,16.0,0.0,25.0,,,,,,,74.0,16.0,0.0,5.35,81.0,5.49,1.446,46.0,570500,2.244,True
2021,winkeje01,Jesse Winker,CIN,H,LF,27.0,110.0,2.7,485.0,24.0,1.0,0.305,0.394,0.556,143.0,,,,,,,,,3150000.0,3.465,False
2021,wisdopa01,Patrick Wisdom,CHC,H,3B,29.0,106.0,2.1,375.0,28.0,4.0,0.231,0.305,0.518,118.0,,,,,,,,,570500,1.413,True
2021,wittgni01,Nick Wittgren,CLE,P,RP,30.0,60.0,-0.1,,,,,,,,62.33,1.0,1.0,5.05,85.0,4.84,1.251,61.0,2000000.0,4.413,False
2021,wongko01,Kolten Wong,MIL,H,2B,30.0,116.0,3.3,492.0,14.0,12.0,0.272,0.335,0.447,110.0,,,,,,,,,7500000.0,7.262,False
2021,woodal02,Alex Wood,SFG,P,SP,30.0,26.0,1.4,47.0,,,,,,,138.67,26.0,0.0,3.83,108.0,3.48,1.183,152.0,3000000.0,7.715,False
2021,woodfja01,Jake Woodford,STL,P,RP,24.0,26.0,0.3,20.0,,,,,,,67.67,8.0,0.0,3.99,99.0,4.5,1.345,50.0,570500,0.302,True
2021,woodrbr01,Brandon Woodruff,MIL,P,SP,28.0,30.0,5.3,58.0,,,,,,,179.33,30.0,0.0,2.56,161.0,2.96,0.965,211.0,3275000.0,2.936,False
2021,yarbrry01,Ryan Yarbrough,TBR,P,SP,29.0,30.0,-1.0,4.0,,,,,,,155.0,21.0,0.0,5.11,79.0,4.45,1.226,117.0,2300000.0,2.855,False
2021,yastrmi01,Mike Yastrzemski,SFG,H,RF,30.0,139.0,2.5,532.0,25.0,4.0,0.224,0.311,0.457,106.0,,,,,,,,,,1.744,False
2021,yelicch01,Christian Yelich,MIL,H,LF,29.0,117.0,1.3,475.0,9.0,9.0,0.248,0.362,0.373,101.0,,,,,,,,,14000000.0,7.401,False
2021,ynoahu01,Huascar Ynoa,ATL,P,SP,23.0,18.0,1.6,32.0,,,,,,,91.0,17.0,0.0,4.05,107.0,3.93,1.11,100.0,,0.064,False
2021,youngal01,Alex Young,2TM,P,RP,27.0,40.0,-1.2,4.0,,,,,,,52.0,2.0,0.0,6.58,65.0,6.25,1.769,43.0,570500,0.831,True
2021,zimmebr01,Bradley Zimmer,CLE,H,CF,28.0,99.0,1.3,348.0,8.0,15.0,0.227,0.325,0.344,85.0,,,,,,,,,570500,2.448,True
2021,zimmebr02,Bruce Zimmermann,BAL,P,SP,26.0,14.0,0.6,4.0,,,,,,,64.33,13.0,0.0,5.04,89.0,5.38,1.508,56.0,570500,0.0,True
2021,zimmeky01,Kyle Zimmer,KCR,P,RP,29.0,52.0,-0.1,,,,,,,,54.0,2.0,2.0,4.83,95.0,4.82,1.407,46.0,570500,2.0,True
2021,zuninmi01,Mike Zunino,TBR,H,C,30.0,109.0,3.7,375.0,33.0,0.0,0.216,0.301,0.559,136.0,,,,,,,,,2000000.0,6.959,False
2022,abramcj01,CJ Abrams,2TM,H,SS,21.0,90.0,0.1,302.0,2.0,7.0,0.246,0.28,0.324,75.0,,,,,,,,,700000,0.0,True
2022,abreubr01,Bryan Abreu,HOU,P,RP,25.0,55.0,1.3,,,,,,,,60.33,0,2.0,1.94,198.0,2.12,1.177,88.0,700000,1.128,True
2022,abreujo02,José Abreu,CHW,H,1B,35.0,157.0,4.3,679.0,15.0,0.0,0.304,0.378,0.446,134.0,,,,,,,,,19666667.0,8.0,False
2022,acevedo01,Domingo Acevedo,ATH,P,RP,28.0,70.0,1.1,,,,,,,,67.67,0,4.0,3.33,112.0,4.01,0.99,58.0,700000,0.192,True
2022,acunaro01,Ronald Acuña Jr.,ATL,H,RF,24.0,119.0,2.3,533.0,15.0,29.0,0.266,0.351,0.413,112.0,,,,,,,,,15000000.0,3.924,False
2022,adamewi01,Willy Adames,MIL,H,SS,26.0,139.0,4.3,617.0,31.0,8.0,0.238,0.298,0.458,110.0,,,,,,,,,4600000.0,3.61,False
2022,adamja01,Jason Adam,TBR,P,RP,30.0,67.0,2.7,,,,,,,,63.33,0,8.0,1.56,235.0,2.86,0.758,75.0,900000.0,1.767,False
2022,adonjo01,Joan Adon,WSN,P,SP,23.0,14.0,-1.2,,,,,,,,64.67,14.0,0.0,7.1,56.0,5.11,1.778,55.0,700000,0.0,True
2022,aguilje01,Jesús Aguilar,2TM,H,1B,32.0,129.0,-1.0,507.0,16.0,1.0,0.235,0.281,0.379,85.0,,,,,,,,,7300000.0,5.477,False
2022,akinke01,Keegan Akin,BAL,P,RP,27.0,45.0,0.7,,,,,,,,81.67,1.0,2.0,3.2,122.0,3.59,1.09,77.0,700000,1.483,True
2022,alcansa01,Sandy Alcantara,MIA,P,SP,26.0,32.0,8.0,,,,,,,,228.67,32.0,0.0,2.28,180.0,2.99,0.98,207.0,3800000.0,3.581,False
2022,alexaja01,Jason Alexander,MIL,P,SP,29.0,18.0,-0.8,,,,,,,,71.67,11.0,0.0,5.4,75.0,5.34,1.619,46.0,,,False
2022,alexaty01,Tyler Alexander,DET,P,SP,27.0,27.0,-0.2,,,,,,,,101.0,17.0,0.0,4.81,81.0,4.99,1.317,61.0,700000,2.337,True
2022,allenni02,Nick Allen,ATH,H,SS,23.0,100.0,1.1,326.0,4.0,3.0,0.207,0.256,0.291,61.0,,,,,,,,,700000,0.0,True
2022,alonspe01,Pete Alonso,NYM,H,1B,27.0,160.0,4.4,685.0,40.0,5.0,0.271,0.352,0.518,146.0,,,,,,,,,7400000.0,3.0,False
2022,altuvjo01,Jose Altuve,HOU,H,2B,32.0,141.0,5.2,604.0,28.0,18.0,0.3,0.387,0.533,161.0,,,,,,,,,29000000.0,10.419,False
2022,alvarjo03,José Alvarado,PHI,P,RP,27.0,59.0,0.9,1.0,,,,,,,51.0,0,2.0,3.18,126.0,1.92,1.216,81.0,1900000.0,4.512,False
2022,alvaryo01,Yordan Alvarez,HOU,H,DH,25.0,135.0,6.8,561.0,37.0,1.0,0.306,0.406,0.613,188.0,,,,,,,,,764600.0,2.657,False
2022,anderbr06,Brian Anderson,MIA,H,3B,29.0,98.0,0.4,383.0,8.0,1.0,0.222,0.311,0.346,86.0,,,,,,,,,4475000.0,4.18,False
2022,anderia01,Ian Anderson,ATL,P,SP,24.0,22.0,-0.1,,,,,,,,111.67,22.0,0.0,5.0,82.0,4.25,1.513,97.0,710000.0,1.547,False
2022,anderti01,Tim Anderson,CHW,H,SS,29.0,79.0,1.3,351.0,6.0,13.0,0.301,0.339,0.395,109.0,,,,,,,,,9500000.0,5.669,False
2022,anderty01,Tyler Anderson,LAD,P,SP,32.0,30.0,3.9,1.0,,,,,,,178.67,28.0,0.0,2.57,157.0,3.31,1.002,138.0,8000000.0,6.378,False
2022,andruel01,Elvis Andrus,2TM,H,SS,33.0,149.0,3.1,577.0,17.0,18.0,0.249,0.303,0.404,104.0,,,,,,,,,14250000.0,13.0,False
2022,archech01,Chris Archer,MIN,P,SP,33.0,25.0,0.1,,,,,,,,102.67,25.0,0.0,4.56,86.0,4.49,1.315,84.0,2750000.0,8.907,False
2022,arenano01,Nolan Arenado,STL,H,3B,31.0,148.0,7.9,620.0,30.0,5.0,0.293,0.358,0.533,151.0,,,,,,,,,35000000.0,8.901,False
2022,armstsh01,Shawn Armstrong,2TM,P,RP,31.0,50.0,0.2,,,,,,,,61.67,3.0,2.0,4.38,86.0,3.47,1.346,66.0,700000.0,3.75,False
2022,arozara01,Randy Arozarena,TBR,H,LF,27.0,153.0,2.5,645.0,20.0,32.0,0.263,0.327,0.445,123.0,,,,,,,,,,1.75,False
2022,arraelu01,Luis Arraez,MIN,H,1B,25.0,144.0,4.1,603.0,8.0,4.0,0.316,0.375,0.42,128.0,,,,,,,,,2125000.0,2.703,False
2022,arroych01,Christian Arroyo,BOS,H,2B,27.0,87.0,0.7,300.0,6.0,5.0,0.286,0.322,0.414,103.0,,,,,,,,,1200000.0,3.209,False
2022,ashbyaa01,Aaron Ashby,MIL,P,SP,24.0,27.0,-0.5,,,,,,,,107.33,19.0,1.0,4.44,91.0,4.06,1.425,126.0,704500.0,0.267,False
2022,ashcrgr01,Graham Ashcraft,CIN,P,SP,24.0,19.0,0.8,,,,,,,,105.0,19.0,0.0,4.89,89.0,4.21,1.419,71.0,700000,0.0,True
2022,baderha01,Harrison Bader,2TM,H,CF,28.0,86.0,1.3,313.0,5.0,17.0,0.25,0.294,0.356,85.0,,,,,,,,,5200000.0,4.174,False
2022,baezja01,Javier Báez,DET,H,SS,29.0,144.0,2.4,590.0,17.0,9.0,0.238,0.278,0.393,91.0,,,,,,,,,20000000.0,6.517,False
2022,bakerbr01,Bryan Baker,BAL,P,RP,27.0,66.0,1.0,,,,,,,,69.67,2.0,1.0,3.49,112.0,2.74,1.234,76.0,700000,0.047,True
2022,banksta01,Tanner Banks,CHW,P,RP,30.0,35.0,0.4,,,,,,,,53.0,0,0.0,3.06,131.0,3.56,1.132,49.0,700000,0.0,True
2022,bardda01,Daniel Bard,COL,P,RP,37.0,57.0,3.7,,,,,,,,60.33,0,34.0,1.79,260.0,2.86,0.994,69.0,4400000.0,5.599,False
2022,barlosc01,Scott Barlow,KCR,P,RP,29.0,69.0,2.8,,,,,,,,74.33,0,24.0,2.18,188.0,3.62,0.996,77.0,2400000.0,3.174,False
2022,barnhtu01,Tucker Barnhart,DET,H,C,31.0,94.0,-0.1,308.0,1.0,0.0,0.221,0.287,0.267,61.0,1.0,0,0.0,9.0,60.0,3.11,3.0,0.0,7500000.0,7.436,False
2022,barrija01,Jaime Barria,LAA,P,RP,25.0,35.0,1.9,,,,,,,,79.33,1.0,0.0,2.61,154.0,4.39,1.034,54.0,,2.203,False
2022,bassan01,Anthony Bass,2TM,P,RP,34.0,73.0,2.7,,,,,,,,70.33,0,0.0,1.54,264.0,3.0,1.009,73.0,3000000.0,7.058,False
2022,bassich01,Chris Bassitt,NYM,P,SP,33.0,30.0,3.2,,,,,,,,181.67,30.0,0.0,3.42,113.0,3.66,1.145,167.0,8650000.0,5.756,False
2022,bautife01,Félix Bautista,BAL,P,RP,27.0,65.0,2.4,,,,,,,,65.67,0,15.0,2.19,178.0,2.91,0.929,88.0,700000,0.0,True
2022,bednada01,David Bednar,PIT,P,RP,27.0,45.0,1.3,,,,,,,,51.67,0,19.0,2.61,156.0,2.43,1.123,69.0,700000,1.442,True
2022,beedety01,Tyler Beede,2TM,P,RP,29.0,31.0,-0.2,,,,,,,,61.33,5.0,0.0,5.14,80.0,4.99,1.63,39.0,700000,1.593,True
2022,beeksja02,Jalen Beeks,TBR,P,RP,28.0,42.0,1.2,,,,,,,,61.0,7.0,2.0,2.8,131.0,3.49,1.164,70.0,750000.0,3.407,False
2022,bellaan01,Andrew Bellatti,PHI,P,RP,30.0,59.0,0.8,,,,,,,,54.33,1.0,2.0,3.31,121.0,2.87,1.325,78.0,700000,0.483,True
2022,bellico01,Cody Bellinger,LAD,H,CF,26.0,144.0,1.3,550.0,19.0,14.0,0.21,0.265,0.389,81.0,,,,,,,,,17000000.0,4.93,False
2022,belljo02,Josh Bell,2TM,H,1B,29.0,156.0,2.9,647.0,17.0,0.0,0.266,0.362,0.422,127.0,,,,,,,,,10000000.0,5.308,False
2022,bellobr01,Brayan Bello,BOS,P,SP,23.0,13.0,0.4,,,,,,,,57.33,11.0,0.0,4.71,90.0,2.94,1.779,55.0,,0.0,False
2022,beninan01,Andrew Benintendi,2TM,H,LF,27.0,126.0,2.9,521.0,5.0,8.0,0.304,0.373,0.399,120.0,,,,,,,,,8500000.0,5.36,False
2022,berrijo01,José Berríos,TOR,P,SP,28.0,32.0,-0.7,,,,,,,,172.0,32.0,0.0,5.23,74.0,4.55,1.419,149.0,10714286.0,5.256,False
2022,bertijo01,Jon Berti,MIA,H,2B,32.0,102.0,2.4,404.0,4.0,41.0,0.24,0.324,0.338,88.0,,,,,,,,,1200000.0,2.977,False
2022,bethach01,Christian Bethancourt,2TM,H,C,30.0,100.0,1.2,333.0,11.0,5.0,0.252,0.283,0.409,100.0,4.0,0,0.0,2.25,197.0,6.61,1.75,1.0,700000,2.221,True
2022,bettsmo01,Mookie Betts,LAD,H,RF,29.0,142.0,6.7,639.0,35.0,12.0,0.269,0.34,0.533,140.0,,,,,,,,,22916666.0,7.407,False
2022,bichebo01,Bo Bichette,TOR,H,SS,24.0,159.0,3.7,697.0,24.0,13.0,0.29,0.333,0.469,128.0,,,,,,,,,700000,2.366,True
2022,bickfph01,Phil Bickford,LAD,P,RP,26.0,60.0,-0.3,,,,,,,,61.0,0,0.0,4.72,86.0,4.26,1.098,67.0,700000,0.779,True
2022,biebesh01,Shane Bieber,CLE,P,SP,27.0,31.0,3.5,,,,,,,,200.0,31.0,0.0,2.88,131.0,2.87,1.04,198.0,6000000.0,3.564,False
2022,biggica01,Cavan Biggio,TOR,H,2B,27.0,97.0,0.8,303.0,6.0,2.0,0.202,0.318,0.35,93.0,,,,,,,,,2123000.0,2.75,False
2022,blackch02,Charlie Blackmon,COL,H,DH,35.0,135.0,0.2,577.0,16.0,4.0,0.264,0.314,0.419,96.0,,,,,,,,,21000000.0,9.593,False
2022,blackpa01,Paul Blackburn,ATH,P,SP,28.0,21.0,1.3,,,,,,,,111.33,21.0,0.0,4.28,86.0,4.21,1.257,89.0,700000,2.105,True
2022,bleieri01,Richard Bleier,MIA,P,RP,35.0,55.0,0.6,,,,,,,,50.67,1.0,1.0,3.55,116.0,3.27,1.441,32.0,2250000.0,5.43,False
2022,bogaexa01,Xander Bogaerts,BOS,H,SS,29.0,150.0,5.7,631.0,15.0,8.0,0.307,0.377,0.456,131.0,,,,,,,,,20000000.0,8.244,False
2022,bohmal01,Alec Bohm,PHI,H,3B,25.0,152.0,0.9,631.0,13.0,2.0,0.28,0.315,0.398,101.0,,,,,,,,,700000,1.616,True
2022,boxbebr01,Brad Boxberger,MIL,P,RP,34.0,70.0,1.2,,,,,,,,64.0,0,1.0,2.95,137.0,3.57,1.234,68.0,1750000.0,8.192,False
2022,bradiky01,Kyle Bradish,BAL,P,SP,25.0,23.0,0.2,,,,,,,,117.67,23.0,0.0,4.9,80.0,4.45,1.402,111.0,,0.0,False
2022,bradlja02,Jackie Bradley Jr.,2TM,H,RF,32.0,131.0,-0.8,370.0,4.0,2.0,0.203,0.255,0.311,58.0,1.0,0,0.0,9.0,64.0,10.11,4.0,1.0,9500000.0,7.872,False
2022,brashma01,Matt Brash,SEA,P,RP,24.0,39.0,0.1,,,,,,,,50.67,5.0,0.0,4.44,84.0,3.51,1.559,62.0,700000,0.0,True
2022,brasiry01,Ryan Brasier,BOS,P,RP,34.0,68.0,-0.8,,,,,,,,62.33,0,1.0,5.78,73.0,3.61,1.299,64.0,1400000.0,4.634,False
2022,brebbjo01,John Brebbia,SFG,P,RP,32.0,76.0,1.5,,,,,,,,68.0,11.0,0.0,3.18,124.0,3.32,1.309,54.0,838000.0,4.453,False
2022,bregmal01,Alex Bregman,HOU,H,3B,28.0,155.0,4.5,656.0,23.0,1.0,0.259,0.366,0.454,134.0,,,,,,,,,13000000.0,5.407,False
2022,briesbe01,Beau Brieske,DET,P,SP,24.0,15.0,0.9,,,,,,,,81.67,15.0,0.0,4.19,93.0,4.97,1.2,54.0,700000,0.0,True
2022,brownse01,Seth Brown,ATH,H,1B,29.0,150.0,1.9,555.0,25.0,11.0,0.23,0.305,0.444,117.0,,,,,,,,,700000,1.605,True
2022,brubajt01,JT Brubaker,PIT,P,SP,28.0,28.0,0,,,,,,,,144.0,28.0,0.0,4.69,87.0,3.92,1.465,147.0,700000,2.0,True
2022,bubickr01,Kris Bubic,KCR,P,SP,24.0,28.0,-0.3,,,,,,,,129.0,27.0,0.0,5.58,73.0,4.78,1.698,110.0,,1.785,False
2022,buehlwa01,Walker Buehler,LAD,P,SP,27.0,12.0,0.3,,,,,,,,65.0,12.0,0.0,4.02,101.0,3.8,1.292,58.0,4250000.0,3.977,False
2022,bumgama01,Madison Bumgarner,ARI,P,SP,32.0,30.0,-0.7,,,,,,,,158.67,30.0,0.0,4.88,82.0,4.85,1.437,112.0,23000000.0,11.738,False
2022,bundydy01,Dylan Bundy,MIN,P,SP,29.0,29.0,-0.2,,,,,,,,140.0,29.0,0.0,4.89,80.0,4.66,1.279,94.0,4000000.0,6.151,False
2022,burkebr01,Brock Burke,TEX,P,RP,25.0,52.0,2.1,,,,,,,,82.33,0,0.0,1.97,202.0,3.29,1.057,90.0,700000,1.378,True
2022,burneco01,Corbin Burnes,MIL,P,SP,27.0,33.0,4.3,,,,,,,,202.0,33.0,0.0,2.94,137.0,3.14,0.965,243.0,6500000.0,3.285,False
2022,bushma01,Matt Bush,2TM,P,RP,36.0,65.0,0,,,,,,,,59.67,6.0,3.0,3.47,116.0,4.08,1.022,74.0,,3.767,False
2022,buxtoby01,Byron Buxton,MIN,H,CF,28.0,92.0,3.9,382.0,28.0,6.0,0.224,0.306,0.526,133.0,,,,,,,,,9142857.0,5.93,False
2022,cabreed02,Edward Cabrera,MIA,P,SP,24.0,14.0,2.1,,,,,,,,71.67,14.0,0.0,3.01,137.0,4.59,1.074,75.0,,0.0,False
2022,cabremi01,Miguel Cabrera,DET,H,DH,39.0,112.0,-1.1,433.0,5.0,1.0,0.254,0.305,0.317,80.0,,,,,,,,,32000000.0,18.587,False
2022,calhoko01,Kole Calhoun,TEX,H,RF,34.0,125.0,-1.7,424.0,12.0,3.0,0.196,0.257,0.33,66.0,,,,,,,,,5200000.0,8.756,False
2022,candeje01,Jeimer Candelario,DET,H,3B,28.0,124.0,0.5,467.0,13.0,0.0,0.217,0.272,0.361,81.0,,,,,,,,,5800000.0,4.221,False
2022,canhama01,Mark Canha,NYM,H,LF,33.0,140.0,2.5,542.0,13.0,3.0,0.266,0.367,0.403,122.0,,,,,,,,,13000000.0,6.535,False
2022,caratvi01,Victor Caratini,MIL,H,C,28.0,95.0,0.4,314.0,9.0,0.0,0.199,0.3,0.342,82.0,1.0,0,0.0,27.0,21.0,9.11,3.0,0.0,,4.297,False
2022,carlsdy01,Dylan Carlson,STL,H,CF,23.0,128.0,1.8,488.0,8.0,5.0,0.236,0.316,0.38,99.0,,,,,,,,,700000,1.605,True
2022,carraca01,Carlos Carrasco,NYM,P,SP,35.0,29.0,1.3,,,,,,,,152.0,29.0,0.0,3.97,97.0,3.53,1.329,152.0,,10.855,False
2022,casteni01,Nick Castellanos,PHI,H,RF,30.0,136.0,-0.1,558.0,13.0,7.0,0.263,0.305,0.389,96.0,,,,,,,,,20000000.0,8.169,False
2022,castidi01,Diego Castillo,SEA,P,RP,28.0,59.0,0,,,,,,,,54.33,0,7.0,3.64,102.0,3.68,1.141,53.0,2150000.0,3.686,False
2022,castilu02,Luis Castillo,2TM,P,SP,29.0,25.0,3.9,,,,,,,,150.33,25.0,0.0,2.99,136.0,3.07,1.084,167.0,7350000.0,4.587,False
2022,castrha01,Harold Castro,DET,H,1B,28.0,120.0,-0.3,443.0,7.0,0.0,0.271,0.3,0.381,95.0,4.0,0,0.0,4.5,95.0,4.11,1.75,1.0,1275000.0,2.82,False
2022,castrwi01,Willi Castro,DET,H,RF,25.0,112.0,0.8,392.0,8.0,9.0,0.241,0.284,0.367,86.0,,,,,,,,,,2.099,False
2022,ceasedy01,Dylan Cease,CHW,P,SP,26.0,32.0,6.4,,,,,,,,184.0,32.0,0.0,2.2,180.0,3.1,1.109,227.0,700000,2.517,True
2022,celesgi01,Gilberto Celestino,MIN,H,CF,23.0,122.0,0.5,347.0,2.0,4.0,0.238,0.313,0.302,78.0,,,,,,,,,,,False
2022,cessalu01,Luis Cessa,CIN,P,RP,30.0,46.0,0.6,,,,,,,,80.67,10.0,0.0,4.57,95.0,5.02,1.289,59.0,1800000.0,4.762,False
2022,chafian01,Andrew Chafin,DET,P,RP,32.0,64.0,0.4,,,,,,,,57.33,0,3.0,2.83,138.0,3.06,1.169,67.0,6500000.0,7.116,False
2022,chapmma01,Matt Chapman,TOR,H,3B,29.0,155.0,3.7,621.0,27.0,2.0,0.229,0.324,0.433,116.0,,,,,,,,,12500000.0,4.634,False
2022,chaveje01,Jesse Chavez,3TM,P,RP,38.0,60.0,0.4,,,,,,,,69.33,1.0,0.0,3.76,110.0,3.39,1.313,74.0,700000.0,11.221,False
2022,chavimi01,Michael Chavis,PIT,H,1B,26.0,129.0,-0.2,426.0,14.0,1.0,0.229,0.265,0.389,83.0,,,,,,,,,700000,2.517,True
2022,choiji01,Jiman Choi,TBR,H,1B,31.0,113.0,1.2,419.0,11.0,0.0,0.233,0.341,0.388,113.0,,,,,,,,,3200000.0,4.442,False
2022,cimbead01,Adam Cimber,TOR,P,RP,31.0,77.0,0.9,,,,,,,,70.67,0,4.0,2.8,138.0,3.47,1.118,58.0,1575000.0,3.907,False
2022,cishest01,Steve Cishek,WSN,P,RP,36.0,69.0,0.4,,,,,,,,66.33,0,1.0,4.21,94.0,4.85,1.221,74.0,1750000.0,10.831,False
2022,civalaa01,Aaron Civale,CLE,P,SP,27.0,20.0,-0.9,,,,,,,,97.0,20.0,0.0,4.92,77.0,3.86,1.186,98.0,700000,2.337,True
2022,claseem01,Emmanuel Clase,CLE,P,RP,24.0,77.0,2.8,,,,,,,,72.67,0,42.0,1.36,278.0,1.98,0.729,77.0,1900000.0,1.343,False
2022,clevimi01,Mike Clevinger,SDP,P,SP,31.0,23.0,0.8,,,,,,,,114.33,22.0,0.0,4.33,87.0,4.97,1.198,91.0,8000000.0,5.192,False
2022,cobbal01,Alex Cobb,SFG,P,SP,34.0,28.0,2.5,,,,,,,,149.67,28.0,0.0,3.73,106.0,2.8,1.303,151.0,9000000.0,10.355,False
2022,colege01,Gerrit Cole,NYY,P,SP,31.0,33.0,2.6,,,,,,,,200.67,33.0,0.0,3.5,112.0,3.47,1.017,257.0,36000000.0,8.645,False
2022,colemdy01,Dylan Coleman,KCR,P,RP,25.0,68.0,1.6,,,,,,,,68.0,0,0.0,2.78,148.0,3.88,1.235,71.0,700000,0.081,True
2022,contrro01,Roansy Contreras,PIT,P,SP,22.0,21.0,1.2,,,,,,,,95.0,18.0,0.0,3.79,107.0,4.38,1.274,86.0,700000,0.0,True
2022,contrwi01,Willson Contreras,CHC,H,C,30.0,113.0,3.8,487.0,22.0,4.0,0.243,0.349,0.466,126.0,,,,,,,,,9625000.0,5.628,False
2022,contrwi02,William Contreras,ATL,H,C,24.0,97.0,2.6,376.0,20.0,2.0,0.278,0.354,0.506,136.0,,,,,,,,,700000,0.651,True
2022,coopega03,Garrett Cooper,MIA,H,1B,31.0,119.0,1.0,469.0,9.0,0.0,0.261,0.337,0.415,112.0,,,,,,,,,2500000.0,4.308,False
2022,corbipa01,Patrick Corbin,WSN,P,SP,32.0,31.0,-2.3,,,,,,,,152.67,31.0,0.0,6.31,62.0,4.83,1.697,128.0,23416666.0,9.61,False
2022,correca01,Carlos Correa,MIN,H,SS,27.0,136.0,5.3,590.0,22.0,0.0,0.291,0.366,0.467,138.0,,,,,,,,,35100000.0,6.692,False
2022,cortene01,Nestor Cortes,NYY,P,SP,27.0,28.0,4.4,,,,,,,,158.33,28.0,0.0,2.44,161.0,3.12,0.922,163.0,700000,2.547,True
2022,crawfbr01,Brandon Crawford,SFG,H,SS,35.0,118.0,0.7,458.0,9.0,1.0,0.231,0.308,0.344,86.0,,,,,,,,,16000000.0,10.547,False
2022,crawfjp01,J.P. Crawford,SEA,H,SS,27.0,145.0,2.7,603.0,6.0,3.0,0.243,0.339,0.336,100.0,,,,,,,,,6000000.0,3.948,False
2022,crawfku01,Kutter Crawford,BOS,P,SP,26.0,21.0,0.1,,,,,,,,77.33,12.0,0.0,5.47,77.0,4.34,1.422,77.0,,0.0,False
2022,crismna01,Nabil Crismatt,SDP,P,RP,27.0,50.0,0.6,,,,,,,,67.33,1.0,0.0,2.94,129.0,3.22,1.173,65.0,700000,1.192,True
2022,croncj01,C.J. Cron,COL,H,1B,32.0,150.0,2.3,632.0,29.0,0.0,0.257,0.315,0.468,108.0,,,,,,,,,7250000.0,7.564,False
2022,croneja01,Jake Cronenworth,SDP,H,2B,28.0,158.0,3.9,684.0,17.0,3.0,0.239,0.332,0.39,109.0,,,,,,,,,700000,2.0,True
2022,crowewi01,Wil Crowe,PIT,P,RP,27.0,60.0,0,,,,,,,,76.0,1.0,4.0,4.38,93.0,4.31,1.395,68.0,700000,1.064,True
2022,cruzne02,Nelson Cruz,WSN,H,DH,41.0,124.0,0.1,507.0,10.0,4.0,0.234,0.313,0.337,89.0,,,,,,,,,12000000.0,14.477,False
2022,cruzon01,Oneil Cruz,PIT,H,SS,23.0,87.0,2.3,361.0,17.0,10.0,0.233,0.294,0.45,108.0,,,,,,,,,700000,0.0,True
2022,cuetojo01,Johnny Cueto,CHW,P,SP,36.0,25.0,3.5,,,,,,,,158.33,24.0,0.0,3.35,118.0,3.79,1.225,102.0,,14.0,False
2022,dalbebo01,Bobby Dalbec,BOS,H,1B,27.0,117.0,-0.7,353.0,12.0,3.0,0.215,0.283,0.369,80.0,,,,,,,,,714000.0,1.471,False
2022,darnatr01,Travis d'Arnaud,ATL,H,C,33.0,107.0,2.8,426.0,18.0,0.0,0.268,0.319,0.472,117.0,,,,,,,,,8000000.0,8.256,False
2022,darviyu01,Yu Darvish,SDP,P,SP,35.0,30.0,4.5,,,,,,,,194.67,30.0,0.0,3.1,122.0,3.31,0.95,197.0,19000000.0,10.0,False
2022,davidtu01,Tucker Davidson,2TM,P,SP,26.0,12.0,-0.8,,,,,,,,52.0,11.0,0.0,6.75,61.0,5.79,1.712,33.0,700000,0.227,True
2022,davieza02,Zach Davies,ARI,P,SP,29.0,27.0,0.9,,,,,,,,134.33,27.0,0.0,4.09,98.0,4.83,1.295,102.0,1500000.0,6.116,False
2022,davisau01,Austin Davis,2TM,P,RP,29.0,52.0,-0.5,,,,,,,,56.0,3.0,0.0,5.79,73.0,4.02,1.607,64.0,700000,,True
2022,davisjd01,J.D. Davis,2TM,H,DH,29.0,115.0,0.7,365.0,12.0,1.0,0.248,0.34,0.418,116.0,,,,,,,,,2760000.0,3.797,False
2022,dazayo01,Yonathan Daza,COL,H,CF,28.0,113.0,1.4,408.0,2.0,0.0,0.301,0.349,0.384,98.0,,,,,,,,,700000,1.587,True
2022,degroja01,Jacob deGrom,NYM,P,SP,34.0,11.0,1.5,,,,,,,,64.33,11.0,0.0,3.08,126.0,2.13,0.746,102.0,35500000.0,7.808,False
2022,dejonch01,Chase De Jong,PIT,P,RP,28.0,42.0,1.5,,,,,,,,71.67,0,1.0,2.64,155.0,4.74,1.144,59.0,700000,1.355,True
2022,delacbr01,Bryan De La Cruz,MIA,H,CF,25.0,115.0,0.7,355.0,13.0,4.0,0.252,0.294,0.432,102.0,,,,,,,,,700000,0.326,True
2022,delosen01,Enyel De Los Santos,CLE,P,RP,26.0,50.0,0.7,,,,,,,,53.33,0,1.0,3.04,125.0,2.62,1.069,61.0,700000,1.087,True
2022,detmere01,Reid Detmers,LAA,P,SP,22.0,25.0,2.4,,,,,,,,129.0,25.0,0.0,3.77,106.0,3.79,1.209,122.0,,0.372,False
2022,deverra01,Rafael Devers,BOS,H,3B,25.0,141.0,4.5,614.0,27.0,3.0,0.295,0.358,0.521,141.0,,,,,,,,,11200000.0,4.407,False
2022,diazal02,Aledmys Díaz,HOU,H,LF,31.0,92.0,1.1,327.0,12.0,1.0,0.243,0.287,0.403,96.0,,,,,,,,,4450000.0,5.581,False
2022,diazal03,Alexis Díaz,CIN,P,RP,25.0,59.0,2.9,,,,,,,,63.67,0,10.0,1.84,237.0,3.32,0.958,83.0,700000,0.0,True
2022,diazed04,Edwin Díaz,NYM,P,RP,28.0,61.0,3.2,,,,,,,,62.0,0,32.0,1.31,297.0,0.9,0.839,118.0,10200000.0,5.703,False
2022,diazel01,Elias Díaz,COL,H,C,31.0,105.0,0.4,381.0,9.0,0.0,0.228,0.281,0.368,73.0,,,,,,,,,3000000.0,5.512,False
2022,diazya01,Yandy Díaz,TBR,H,3B,30.0,137.0,3.4,558.0,9.0,3.0,0.296,0.401,0.423,142.0,,,,,,,,,2800000.0,3.709,False
2022,diekmja01,Jake Diekman,2TM,P,RP,35.0,70.0,-0.3,,,,,,,,57.67,0,1.0,4.99,83.0,5.0,1.63,79.0,3500000.0,9.291,False
2022,dominse01,Seranthony Domínguez,PHI,P,RP,27.0,54.0,1.4,,,,,,,,51.0,0,9.0,3.0,133.0,3.09,1.137,61.0,725000.0,3.762,False
2022,donaljo02,Josh Donaldson,NYY,H,3B,36.0,132.0,2.2,546.0,15.0,2.0,0.222,0.308,0.374,93.0,,,,,,,,,21750000.0,9.919,False
2022,donovbr01,Brendan Donovan,STL,H,2B,25.0,126.0,4.0,468.0,5.0,2.0,0.281,0.394,0.379,124.0,,,,,,,,,700000,0.0,True
2022,dovalca01,Camilo Doval,SFG,P,RP,24.0,68.0,1.8,,,,,,,,67.67,0,27.0,2.53,156.0,2.98,1.241,80.0,700000,0.413,True
2022,doziehu01,Hunter Dozier,KCR,H,1B,30.0,128.0,-1.2,500.0,12.0,4.0,0.236,0.292,0.387,91.0,1.0,0,0.0,18.0,31.0,19.11,3.0,0.0,4750000.0,4.349,False
2022,drurybr01,Brandon Drury,2TM,H,3B,29.0,138.0,2.7,568.0,28.0,2.0,0.263,0.32,0.492,123.0,,,,,,,,,700000.0,5.006,False
2022,dunnida01,Dane Dunning,TEX,P,SP,27.0,29.0,1.1,,,,,,,,153.33,29.0,0.0,4.46,89.0,4.45,1.435,137.0,700000,1.483,True
2022,duranjh01,Jhoan Duran,MIN,P,RP,24.0,57.0,2.9,,,,,,,,67.67,0,8.0,1.86,210.0,2.52,0.975,89.0,700000,0.0,True
2022,duvalad01,Adam Duvall,ATL,H,CF,33.0,86.0,-0.1,315.0,12.0,0.0,0.213,0.276,0.401,86.0,,,,,,,,,9275000.0,5.878,False
2022,edmanto01,Tommy Edman,STL,H,2B,27.0,153.0,6.2,630.0,13.0,32.0,0.265,0.324,0.4,107.0,,,,,,,,,700000,2.663,True
2022,edwarca01,Carl Edwards Jr.,WSN,P,RP,30.0,57.0,1.4,,,,,,,,62.0,0,2.0,2.76,143.0,4.24,1.226,56.0,,5.57,False
2022,effrosc01,Scott Effross,2TM,P,RP,28.0,60.0,1.3,,,,,,,,56.67,1.0,4.0,2.54,164.0,2.46,1.059,62.0,700000,0.215,True
2022,eflinza01,Zach Eflin,PHI,P,SP,28.0,20.0,0.9,,,,,,,,75.67,13.0,1.0,4.04,99.0,3.56,1.123,65.0,5550000.0,5.105,False
2022,elderbr01,Bryce Elder,ATL,P,SP,23.0,10.0,0.9,,,,,,,,54.0,9.0,0.0,3.17,130.0,3.78,1.241,47.0,700000,0.0,True
2022,eovalna01,Nathan Eovaldi,BOS,P,SP,32.0,20.0,1.6,,,,,,,,109.33,20.0,0.0,3.87,109.0,4.3,1.235,103.0,17000000.0,10.076,False
2022,escobed01,Eduardo Escobar,NYM,H,3B,33.0,136.0,1.2,542.0,20.0,0.0,0.24,0.295,0.43,106.0,,,,,,,,,10000000.0,9.744,False
2022,espinpa01,Paolo Espino,WSN,P,RP,35.0,42.0,0.6,,,,,,,,113.33,19.0,0.0,4.84,81.0,4.93,1.368,92.0,700000,,True
2022,espinsa01,Santiago Espinal,TOR,H,2B,27.0,135.0,2.4,491.0,7.0,6.0,0.267,0.322,0.37,99.0,,,,,,,,,,1.866,False
2022,estevca01,Carlos Estévez,COL,P,RP,29.0,62.0,1.1,,,,,,,,57.0,0,2.0,3.47,134.0,4.08,1.175,54.0,3025000.0,5.128,False
2022,estrath01,Thairo Estrada,SFG,H,2B,26.0,140.0,1.8,541.0,14.0,21.0,0.26,0.322,0.4,105.0,,,,,,,,,,1.983,False
2022,faedoal01,Alex Faedo,DET,P,SP,26.0,12.0,-0.4,,,,,,,,53.67,12.0,0.0,5.53,71.0,4.62,1.64,44.0,700000,0.0,True
2022,falteba01,Bailey Falter,PHI,P,SP,25.0,20.0,1.1,,,,,,,,84.0,16.0,0.0,3.86,103.0,4.65,1.214,74.0,,0.186,False
2022,farmeky01,Kyle Farmer,CIN,H,SS,31.0,145.0,1.2,583.0,14.0,4.0,0.255,0.315,0.386,92.0,,,,,,,,,3155000.0,3.75,False
2022,feddeer01,Erick Fedde,WSN,P,SP,29.0,27.0,-0.6,,,,,,,,127.0,27.0,0.0,5.81,68.0,5.15,1.63,94.0,2150000.0,3.576,False
2022,feltnry01,Ryan Feltner,COL,P,SP,25.0,20.0,-0.1,,,,,,,,97.33,19.0,0.0,5.83,80.0,4.76,1.408,84.0,,0.0,False
2022,festama01,Matt Festa,SEA,P,RP,29.0,53.0,0.1,,,,,,,,54.0,0,2.0,4.17,89.0,4.26,1.13,64.0,700000,0.494,True
2022,finneky01,Kyle Finnegan,WSN,P,RP,30.0,66.0,1.0,,,,,,,,66.67,0,11.0,3.51,113.0,3.76,1.14,70.0,700000,2.0,True
2022,flexech01,Chris Flexen,SEA,P,SP,27.0,33.0,1.2,,,,,,,,137.67,22.0,2.0,3.73,99.0,4.49,1.329,95.0,3050000.0,1.622,False
2022,florewi01,Wilmer Flores,SFG,H,2B,30.0,151.0,0.9,602.0,19.0,0.0,0.229,0.316,0.394,101.0,,,,,,,,,3500000.0,8.017,False
2022,florody01,Dylan Floro,MIA,P,RP,31.0,56.0,0.8,,,,,,,,53.67,0,10.0,3.02,137.0,3.13,1.174,48.0,3000000.0,4.308,False
2022,foleyja01,Jason Foley,DET,P,RP,26.0,60.0,0.4,,,,,,,,60.33,0,0.0,3.88,101.0,2.76,1.376,43.0,700000,0.192,True
2022,francma02,Maikel Franco,WSN,H,3B,29.0,103.0,-1.2,388.0,9.0,1.0,0.229,0.255,0.342,71.0,,,,,,,,,700000.0,6.767,False
2022,francty01,Ty France,SEA,H,1B,27.0,140.0,3.0,613.0,20.0,0.0,0.274,0.338,0.436,125.0,,,,,,,,,700000,2.517,True
2022,francwa01,Wander Franco,TBR,H,SS,21.0,83.0,2.4,344.0,6.0,8.0,0.277,0.328,0.417,116.0,,,,,,,,,1454545.0,0.605,False
2022,fraziad01,Adam Frazier,SEA,H,2B,30.0,156.0,0.9,602.0,3.0,11.0,0.238,0.301,0.311,80.0,,,,,,,,,8000000.0,5.436,False
2022,freelky01,Kyle Freeland,COL,P,SP,29.0,31.0,2.3,,,,,,,,174.67,31.0,0.0,4.53,102.0,4.21,1.408,131.0,7000000.0,4.837,False
2022,freemfr01,Freddie Freeman,LAD,H,1B,32.0,159.0,6.2,708.0,21.0,13.0,0.325,0.407,0.511,156.0,,,,,,,,,27000000.0,11.192,False
2022,friedma01,Max Fried,ATL,P,SP,28.0,30.0,6.0,,,,,,,,185.33,30.0,0.0,2.48,166.0,2.7,1.014,170.0,6850000.0,3.86,False
2022,fulmemi01,Michael Fulmer,2TM,P,RP,29.0,67.0,0.9,,,,,,,,63.67,0,3.0,3.39,116.0,3.57,1.366,61.0,4950000.0,5.913,False
2022,gallegi01,Giovanny Gallegos,STL,P,RP,30.0,57.0,0.8,,,,,,,,59.0,0,14.0,3.05,128.0,2.87,1.017,73.0,2410000.0,3.494,False
2022,galleza01,Zac Gallen,ARI,P,SP,26.0,31.0,5.3,,,,,,,,184.0,31.0,0.0,2.54,158.0,3.05,0.913,192.0,700000,2.581,True
2022,gallojo01,Joey Gallo,2TM,H,LF,28.0,126.0,0.4,410.0,19.0,3.0,0.16,0.28,0.357,79.0,,,,,,,,,10275000.0,5.599,False
2022,gamelbe01,Ben Gamel,PIT,H,LF,30.0,115.0,0,423.0,9.0,5.0,0.232,0.324,0.369,97.0,,,,,,,,,1800000.0,5.169,False
2022,garciad02,Adolis García,TEX,H,RF,29.0,156.0,3.7,657.0,27.0,25.0,0.25,0.3,0.456,112.0,,,,,,,,,700000,1.552,True
2022,garciav01,Avisaíl García,MIA,H,RF,31.0,98.0,-1.1,380.0,8.0,4.0,0.224,0.266,0.317,64.0,,,,,,,,,12000000.0,8.971,False
2022,garcija04,Jarlín García,SFG,P,RP,29.0,58.0,0.3,,,,,,,,65.0,0,1.0,3.74,106.0,4.27,1.2,56.0,1725000.0,4.663,False
2022,garcile02,Leury García,CHW,H,2B,31.0,97.0,-0.9,315.0,3.0,2.0,0.21,0.233,0.267,42.0,,,,,,,,,5500000.0,7.145,False
2022,garcilu03,Luis García,SDP,P,RP,35.0,64.0,0.3,,,,,,,,61.0,0,3.0,3.39,112.0,2.6,1.213,68.0,3250000.0,6.041,False
2022,garcilu04,Luis García Jr.,WSN,H,SS,22.0,93.0,0,377.0,7.0,3.0,0.275,0.295,0.408,101.0,,,,,,,,,,0.953,False
2022,garcilu05,Luis Garcia,HOU,P,SP,25.0,28.0,1.2,,,,,,,,157.33,28.0,0.0,3.72,103.0,3.93,1.131,157.0,700000,1.483,True
2022,garciro03,Rony García,DET,P,SP,24.0,16.0,0.2,,,,,,,,51.0,8.0,0.0,4.41,89.0,4.52,1.039,48.0,700000,1.826,True
2022,garciyi01,Yimi García,TOR,P,RP,31.0,61.0,0.6,,,,,,,,61.0,0,1.0,3.1,125.0,3.47,1.049,58.0,4500000.0,6.866,False
2022,garrebr01,Braxton Garrett,MIA,P,SP,24.0,17.0,1.3,,,,,,,,88.0,17.0,0.0,3.58,115.0,3.56,1.25,90.0,,0.0,False
2022,gausmke01,Kevin Gausman,TOR,P,SP,31.0,31.0,3.0,,,,,,,,174.67,31.0,0.0,3.35,115.0,2.38,1.237,205.0,21000000.0,7.878,False
2022,germado01,Domingo Germán,NYY,P,SP,29.0,15.0,0.7,,,,,,,,72.33,14.0,0.0,3.61,109.0,4.44,1.161,58.0,1750000.0,3.099,False
2022,gibsoky01,Kyle Gibson,PHI,P,SP,34.0,31.0,0.4,,,,,,,,167.67,31.0,0.0,5.05,79.0,4.28,1.336,144.0,,8.227,False
2022,gilbelo01,Logan Gilbert,SEA,P,SP,25.0,32.0,3.2,,,,,,,,185.67,32.0,0.0,3.2,116.0,3.46,1.18,174.0,,0.837,False
2022,gimenan01,Andrés Giménez,CLE,H,2B,23.0,146.0,7.4,557.0,17.0,20.0,0.297,0.371,0.466,141.0,,,,,,,,,,1.616,False
2022,giolilu01,Lucas Giolito,CHW,P,SP,27.0,30.0,0.5,,,,,,,,161.67,30.0,0.0,4.9,81.0,4.06,1.435,177.0,7450000.0,4.465,False
2022,givenmy01,Mychal Givens,2TM,P,RP,32.0,59.0,0.9,,,,,,,,61.33,1.0,2.0,3.38,122.0,3.96,1.321,71.0,3500000.0,6.401,False
2022,goldspa01,Paul Goldschmidt,STL,H,1B,34.0,151.0,7.7,651.0,35.0,7.0,0.317,0.404,0.578,177.0,,,,,,,,,26000000.0,10.343,False
2022,gombeau01,Austin Gomber,COL,P,SP,28.0,33.0,0.2,,,,,,,,124.67,17.0,0.0,5.56,83.0,4.54,1.372,95.0,700000,2.645,True
2022,gonsoto01,Tony Gonsolin,LAD,P,SP,28.0,24.0,4.3,,,,,,,,130.33,24.0,0.0,2.14,188.0,3.28,0.875,119.0,,1.884,False
2022,gonzalu03,Luis González,SFG,H,RF,26.0,98.0,0.3,350.0,4.0,10.0,0.254,0.323,0.36,95.0,6.33,0,0.0,5.68,73.0,3.59,1.579,0.0,700000,,True
2022,gonzama02,Marco Gonzales,SEA,P,SP,30.0,32.0,-0.1,,,,,,,,183.0,32.0,0.0,4.13,90.0,5.05,1.333,103.0,5750000.0,4.593,False
2022,gonzaos01,Oscar González,CLE,H,RF,24.0,91.0,2.2,382.0,11.0,1.0,0.296,0.327,0.461,125.0,,,,,,,,,700000,0.0,True
2022,gordoni01,Nick Gordon,MIN,H,LF,26.0,136.0,1.3,443.0,9.0,6.0,0.272,0.316,0.427,111.0,3.67,0,0.0,22.09,19.0,13.48,3.818,0.0,700000,0.791,True
2022,gorema01,MacKenzie Gore,SDP,P,SP,23.0,16.0,0.3,,,,,,,,70.0,13.0,0.0,4.5,84.0,4.11,1.471,72.0,700000,0.0,True
2022,gormano01,Nolan Gorman,STL,H,2B,22.0,89.0,0.7,313.0,14.0,1.0,0.226,0.3,0.42,104.0,,,,,,,,,700000,0.0,True
2022,gourryu01,Yuli Gurriel,HOU,H,1B,38.0,146.0,-0.2,584.0,8.0,8.0,0.242,0.288,0.36,85.0,,,,,,,,,8000000.0,5.25,False
2022,grandya01,Yasmani Grandal,CHW,H,C,33.0,99.0,-1.4,376.0,5.0,1.0,0.202,0.301,0.269,64.0,,,,,,,,,18250000.0,9.669,False
2022,graveke01,Kendall Graveman,CHW,P,RP,31.0,65.0,1.0,,,,,,,,65.0,0,6.0,3.18,125.0,3.42,1.4,66.0,8000000.0,6.453,False
2022,grayjo02,Jon Gray,TEX,P,SP,30.0,24.0,1.3,,,,,,,,127.33,24.0,0.0,3.96,100.0,3.8,1.131,134.0,15000000.0,6.36,False
2022,grayjo03,Josiah Gray,WSN,P,SP,24.0,28.0,0.6,,,,,,,,148.67,28.0,0.0,5.02,78.0,5.86,1.359,154.0,700000,0.436,True
2022,grayso01,Sonny Gray,MIN,P,SP,32.0,24.0,2.4,,,,,,,,119.67,24.0,0.0,3.08,126.0,3.4,1.128,117.0,,8.355,False
2022,greenhu01,Hunter Greene,CIN,P,SP,22.0,24.0,2.0,,,,,,,,125.67,24.0,0.0,4.44,98.0,4.37,1.21,164.0,,0.0,False
2022,greenri03,Riley Greene,DET,H,CF,21.0,93.0,1.3,418.0,5.0,1.0,0.253,0.321,0.362,97.0,,,,,,,,,700000,0.0,True
2022,greinza01,Zack Greinke,KCR,P,SP,38.0,26.0,2.5,,,,,,,,137.0,26.0,0.0,3.68,111.0,4.03,1.343,73.0,13000000.0,17.331,False
2022,grichra01,Randal Grichuk,COL,H,RF,30.0,140.0,0.3,538.0,19.0,4.0,0.259,0.299,0.425,93.0,1.0,0,0.0,0.0,,3.11,0.0,0.0,,7.192,False
2022,grishtr01,Trent Grisham,SDP,H,CF,25.0,152.0,2.7,524.0,17.0,7.0,0.184,0.284,0.341,81.0,,,,,,,,,700000,2.349,True
2022,grossro01,Robbie Grossman,2TM,H,LF,32.0,129.0,0.6,477.0,7.0,6.0,0.209,0.31,0.311,78.0,,,,,,,,,5000000.0,7.349,False
2022,guerrvl02,Vladimir Guerrero Jr.,TOR,H,1B,23.0,160.0,4.0,706.0,32.0,8.0,0.274,0.339,0.48,133.0,,,,,,,,,7900000.0,2.913,False
2022,guilllu01,Luis Guillorme,NYM,H,2B,27.0,102.0,1.5,335.0,2.0,1.0,0.273,0.351,0.34,101.0,,,,,,,,,875000.0,2.971,False
2022,gurrilo01,Lourdes Gurriel Jr.,TOR,H,LF,28.0,121.0,2.0,493.0,5.0,3.0,0.291,0.343,0.4,114.0,,,,,,,,,4928572.0,3.547,False
2022,haaseer01,Eric Haase,DET,H,C,29.0,110.0,1.9,351.0,14.0,0.0,0.254,0.305,0.443,112.0,,,,,,,,,700000,1.419,True
2022,haderjo01,Josh Hader,2TM,P,RP,28.0,56.0,-1.0,,,,,,,,50.0,0,36.0,5.22,77.0,3.45,1.28,81.0,11000000.0,4.669,False
2022,happia01,Ian Happ,CHC,H,LF,27.0,158.0,4.3,641.0,17.0,9.0,0.271,0.342,0.44,117.0,,,,,,,,,6850000.0,4.209,False
2022,harpebr03,Bryce Harper,PHI,H,DH,29.0,99.0,2.5,426.0,18.0,11.0,0.286,0.364,0.514,146.0,,,,,,,,,27538461.0,9.924,False
2022,harrijo05,Josh Harrison,CHW,H,2B,34.0,119.0,1.6,425.0,7.0,2.0,0.256,0.317,0.37,95.0,3.0,0,0.0,18.0,25.0,8.11,3.667,2.0,4000000.0,9.977,False
2022,harrimi04,Michael Harris II,ATL,H,CF,21.0,114.0,5.1,441.0,19.0,20.0,0.297,0.339,0.514,133.0,,,,,,,,,700000.0,0.0,False
2022,hayeske01,Ke'Bryan Hayes,PIT,H,3B,25.0,136.0,4.5,560.0,7.0,20.0,0.244,0.314,0.345,88.0,,,,,,,,,10000000.0,1.436,False
2022,haysau01,Austin Hays,BAL,H,LF,26.0,145.0,2.9,582.0,16.0,2.0,0.25,0.306,0.413,105.0,,,,,,,,,700000,2.331,True
2022,heanean01,Andrew Heaney,LAD,P,SP,31.0,16.0,0.5,,,,,,,,72.67,14.0,0.0,3.1,130.0,3.75,1.087,110.0,8500000.0,6.872,False
2022,hearnta01,Taylor Hearn,TEX,P,RP,27.0,31.0,-0.5,,,,,,,,100.0,13.0,1.0,5.13,78.0,3.98,1.5,97.0,1050000.0,2.814,False
2022,heasljo01,Jonathan Heasley,KCR,P,SP,25.0,21.0,-0.1,,,,,,,,104.0,21.0,0.0,5.28,78.0,5.67,1.49,70.0,700000,0.0,True
2022,hedgeau01,Austin Hedges,CLE,H,C,29.0,105.0,-0.4,338.0,7.0,2.0,0.163,0.241,0.248,42.0,,,,,,,,,4000000.0,5.965,False
2022,heimjo01,Jonah Heim,TEX,H,C,27.0,127.0,2.4,450.0,16.0,2.0,0.227,0.298,0.399,96.0,,,,,,,,,700000,1.564,True
2022,helslry01,Ryan Helsley,STL,P,RP,27.0,54.0,2.8,,,,,,,,64.67,0,19.0,1.25,313.0,2.34,0.742,94.0,700000,2.61,True
2022,hendrky01,Kyle Hendricks,CHC,P,SP,32.0,16.0,0.6,,,,,,,,84.33,16.0,0.0,4.8,87.0,4.82,1.292,66.0,14000000.0,7.471,False
2022,hendrli01,Liam Hendriks,CHW,P,RP,33.0,58.0,1.7,,,,,,,,57.67,0,37.0,2.81,142.0,2.68,1.04,85.0,13333334.0,7.953,False
2022,hentgsa01,Sam Hentges,CLE,P,RP,25.0,57.0,1.3,,,,,,,,62.0,0,1.0,2.32,163.0,2.48,0.968,72.0,700000,0.913,True
2022,hergeji01,Jimmy Herget,LAA,P,RP,28.0,49.0,2.3,,,,,,,,69.0,1.0,9.0,2.48,162.0,2.82,0.913,63.0,700000,2.192,True
2022,hernaca04,Carlos Hernández,KCR,P,RP,25.0,27.0,-1.3,,,,,,,,56.0,7.0,0.0,7.39,56.0,5.2,1.839,35.0,700000,0.843,True
2022,hernace02,César Hernández,WSN,H,2B,32.0,147.0,0.5,617.0,1.0,10.0,0.248,0.311,0.318,83.0,,,,,,,,,4000000.0,7.895,False
2022,hernael01,Elieser Hernández,MIA,P,SP,27.0,20.0,-1.1,,,,,,,,62.33,10.0,0.0,6.35,65.0,6.4,1.428,60.0,1325000.0,3.686,False
2022,hernaen02,Kiké Hernández,BOS,H,CF,30.0,93.0,0.9,402.0,6.0,0.0,0.222,0.291,0.338,75.0,,,,,,,,,8000000.0,7.314,False
2022,hernate01,Teoscar Hernández,TOR,H,RF,29.0,131.0,3.0,535.0,25.0,6.0,0.267,0.316,0.491,128.0,,,,,,,,,10650000.0,4.564,False
2022,hernaya01,Yadiel Hernández,WSN,H,LF,34.0,94.0,0.6,327.0,9.0,2.0,0.269,0.312,0.41,107.0,,,,,,,,,,,False
2022,hicksaa01,Aaron Hicks,NYY,H,CF,32.0,130.0,1.3,453.0,8.0,10.0,0.216,0.33,0.313,85.0,,,,,,,,,10785714.0,8.238,False
2022,hicksjo03,Jordan Hicks,STL,P,RP,25.0,35.0,-0.3,,,,,,,,61.33,8.0,0.0,4.84,81.0,4.17,1.321,63.0,938000.0,4.0,False
2022,hillga02,Garrett Hill,DET,P,RP,26.0,17.0,0.4,,,,,,,,60.33,8.0,0.0,4.03,97.0,5.15,1.359,40.0,700000,0.0,True
2022,hillri01,Rich Hill,BOS,P,SP,42.0,26.0,0.8,,,,,,,,124.33,26.0,0.0,4.27,98.0,3.92,1.303,109.0,5000000.0,12.738,False
2022,hoernni01,Nico Hoerner,CHC,H,SS,25.0,135.0,4.2,517.0,10.0,20.0,0.281,0.327,0.41,105.0,,,,,,,,,700000,2.081,True
2022,holmecl01,Clay Holmes,NYY,P,RP,29.0,62.0,1.4,,,,,,,,63.67,0,20.0,2.54,155.0,2.84,1.021,65.0,1100000.0,3.18,False
2022,hoskirh01,Rhys Hoskins,PHI,H,1B,29.0,156.0,3.0,672.0,30.0,2.0,0.246,0.332,0.462,123.0,,,,,,,,,7700000.0,4.308,False
2022,hosmeer01,Eric Hosmer,2TM,H,1B,32.0,104.0,1.0,419.0,8.0,0.0,0.268,0.334,0.382,107.0,,,,,,,,,21000000.0,10.849,False
2022,houckta01,Tanner Houck,BOS,P,RP,26.0,32.0,1.6,,,,,,,,60.0,4.0,8.0,3.15,134.0,3.3,1.183,56.0,700000,0.581,True
2022,housead01,Adrian Houser,MIL,P,SP,29.0,22.0,-0.7,,,,,,,,102.67,21.0,0.0,4.73,85.0,4.21,1.461,69.0,2425000.0,3.058,False
2022,hudsoda02,Dakota Hudson,STL,P,SP,27.0,27.0,0.4,,,,,,,,139.67,26.0,0.0,4.45,88.0,4.34,1.446,78.0,1050000.0,3.384,False
2022,hughebr01,Brandon Hughes,CHC,P,RP,26.0,57.0,1.4,,,,,,,,57.67,0,8.0,3.12,135.0,4.64,1.092,68.0,700000,0.0,True
2022,hutchdr01,Drew Hutchison,DET,P,SP,31.0,28.0,0.2,,,,,,,,105.33,18.0,0.0,4.53,86.0,4.93,1.481,68.0,700000.0,4.756,False
2022,iglesjo01,Jose Iglesias,COL,H,SS,32.0,118.0,1.2,467.0,3.0,2.0,0.292,0.328,0.38,91.0,,,,,,,,,5000000.0,9.209,False
2022,iglesra01,Raisel Iglesias,2TM,P,RP,32.0,67.0,1.6,,,,,,,,62.0,0,17.0,2.47,166.0,2.47,0.968,78.0,10000000.0,6.895,False
2022,indiajo01,Jonathan India,CIN,H,2B,25.0,103.0,-0.3,431.0,10.0,3.0,0.249,0.327,0.378,94.0,,,,,,,,,700000,1.0,True
2022,irvinco01,Cole Irvin,ATH,P,SP,28.0,30.0,2.0,,,,,,,,181.0,30.0,0.0,3.98,93.0,4.21,1.16,128.0,700000,1.698,True
2022,janseke01,Kenley Jansen,ATL,P,RP,34.0,65.0,1.0,,,,,,,,64.0,0,41.0,3.38,122.0,3.21,1.047,85.0,16000000.0,11.424,False
2022,javiecr01,Cristian Javier,HOU,P,SP,25.0,30.0,3.6,,,,,,,,148.67,25.0,0.0,2.54,150.0,3.16,0.948,194.0,,2.0,False
2022,jaxgr01,Griffin Jax,MIN,P,RP,27.0,65.0,1.0,,,,,,,,72.33,0,1.0,3.36,116.0,3.17,1.051,78.0,700000,0.529,True
2022,jimenel02,Eloy Jiménez,CHW,H,DH,25.0,84.0,1.9,327.0,16.0,0.0,0.295,0.358,0.5,141.0,,,,,,,,,7333333.0,3.0,False
2022,jimenjo02,Joe Jiménez,DET,P,RP,27.0,62.0,0.5,,,,,,,,56.67,0,2.0,3.49,112.0,2.0,1.094,77.0,1790000.0,4.355,False
2022,joeco01,Connor Joe,COL,H,LF,29.0,111.0,0.9,467.0,7.0,6.0,0.238,0.338,0.359,89.0,,,,,,,,,,0.791,False
2022,judgeaa01,Aaron Judge,NYY,H,CF,30.0,157.0,10.8,696.0,62.0,16.0,0.311,0.425,0.686,210.0,,,,,,,,,19000000.0,5.297,False
2022,junisja01,Jakob Junis,SFG,P,SP,29.0,23.0,1.5,,,,,,,,112.0,17.0,0.0,4.42,89.0,3.65,1.295,98.0,1750000.0,4.093,False
2022,kaprija01,James Kaprielian,ATH,P,SP,28.0,26.0,1.1,,,,,,,,134.0,26.0,0.0,4.23,87.0,4.63,1.343,98.0,700000,1.023,True
2022,kellebr01,Brad Keller,KCR,P,SP,26.0,35.0,0.2,,,,,,,,139.67,22.0,1.0,5.09,80.0,4.5,1.504,102.0,4825000.0,4.0,False
2022,kellemi03,Mitch Keller,PIT,P,SP,26.0,31.0,1.8,,,,,,,,159.0,29.0,0.0,3.91,104.0,3.88,1.396,138.0,700000,2.151,True
2022,kellyca02,Carson Kelly,ARI,H,C,27.0,104.0,0.8,354.0,7.0,2.0,0.211,0.282,0.334,75.0,4.67,0,0.0,7.71,56.0,7.18,2.357,0.0,3325000.0,3.936,False
2022,kellyme01,Merrill Kelly,ARI,P,SP,33.0,33.0,3.8,,,,,,,,200.33,33.0,0.0,3.37,119.0,3.65,1.138,177.0,5250000.0,3.0,False
2022,kempto01,Tony Kemp,ATH,H,2B,30.0,147.0,1.3,558.0,7.0,11.0,0.235,0.307,0.334,90.0,,,,,,,,,2250000.0,4.57,False
2022,kenneia01,Ian Kennedy,ARI,P,RP,37.0,57.0,-1.1,,,,,,,,50.33,0,10.0,5.36,75.0,5.58,1.57,44.0,4750000.0,12.721,False
2022,keplema01,Max Kepler,MIN,H,RF,29.0,115.0,1.8,446.0,9.0,3.0,0.227,0.318,0.348,92.0,,,,,,,,,6750000.0,5.884,False
2022,kershcl01,Clayton Kershaw,LAD,P,SP,34.0,22.0,3.5,,,,,,,,126.33,22.0,0.0,2.28,177.0,2.57,0.942,137.0,17000000.0,13.61,False
2022,keuchda01,Dallas Keuchel,3TM,P,SP,34.0,14.0,-2.5,,,,,,,,60.67,14.0,0.0,9.2,44.0,5.52,2.06,45.0,18000000.0,9.18,False
2022,kikucyu01,Yusei Kikuchi,TOR,P,SP,31.0,32.0,-1.1,,,,,,,,100.67,20.0,1.0,5.19,74.0,5.62,1.5,124.0,16000000.0,3.0,False
2022,kimbrcr01,Craig Kimbrel,LAD,P,RP,34.0,63.0,0.1,,,,,,,,60.0,0,22.0,3.75,108.0,3.23,1.317,72.0,,10.936,False
2022,kimha01,Ha-Seong Kim,SDP,H,SS,26.0,150.0,5.0,582.0,11.0,12.0,0.251,0.325,0.383,105.0,,,,,,,,,6000000.0,1.0,False
2022,kineris01,Isiah Kiner-Falefa,NYY,H,SS,27.0,142.0,2.9,531.0,4.0,22.0,0.261,0.314,0.327,84.0,,,,,,,,,4700000.0,4.0,False
2022,kingjo01,John King,TEX,P,RP,27.0,39.0,0.1,,,,,,,,51.33,0,0.0,4.03,99.0,4.09,1.461,30.0,700000,0.86,True
2022,kingmi01,Michael King,NYY,P,RP,27.0,34.0,1.9,,,,,,,,51.0,0,1.0,2.29,172.0,2.23,1.0,66.0,700000,2.023,True
2022,kirbyge01,George Kirby,SEA,P,SP,24.0,25.0,1.4,,,,,,,,130.0,25.0,0.0,3.39,109.0,2.99,1.208,133.0,,0.0,False
2022,kirkal01,Alejandro Kirk,TOR,H,C,23.0,139.0,4.0,541.0,14.0,0.0,0.285,0.372,0.415,127.0,,,,,,,,,700000,1.273,True
2022,klubeco01,Corey Kluber,TBR,P,SP,36.0,31.0,0.8,,,,,,,,164.0,31.0,0.0,4.34,84.0,3.57,1.213,139.0,8000000.0,9.43,False
2022,kopecmi01,Michael Kopech,CHW,P,SP,26.0,25.0,2.3,,,,,,,,119.33,25.0,0.0,3.54,112.0,4.49,1.19,105.0,700000,2.238,True
2022,krehbjo01,Joey Krehbiel,BAL,P,RP,29.0,56.0,0.2,,,,,,,,57.67,0,1.0,3.9,100.0,4.67,1.231,45.0,700000,1.017,True
2022,kremede01,Dean Kremer,BAL,P,SP,26.0,22.0,2.7,,,,,,,,125.33,21.0,0.0,3.23,121.0,3.8,1.253,87.0,700000,0.651,True
2022,kuhlch01,Chad Kuhl,COL,P,SP,29.0,27.0,-0.1,,,,,,,,137.0,27.0,0.0,5.72,81.0,5.26,1.555,110.0,3000000.0,5.459,False
2022,kuhnejo01,Joel Kuhnel,CIN,P,RP,27.0,53.0,-0.5,,,,,,,,58.0,0,1.0,6.36,69.0,3.96,1.397,56.0,700000,0.238,True
2022,kwanst01,Steven Kwan,CLE,H,LF,24.0,147.0,5.7,638.0,6.0,19.0,0.298,0.373,0.4,124.0,,,,,,,,,700000,0.0,True
2022,langeal01,Alex Lange,DET,P,RP,26.0,71.0,0.5,,,,,,,,63.33,0,0.0,3.41,115.0,3.25,1.232,82.0,700000,0.651,True
2022,lauerer01,Eric Lauer,MIL,P,SP,27.0,29.0,1.7,,,,,,,,158.67,29.0,0.0,3.69,109.0,4.5,1.223,157.0,2425000.0,3.192,False
2022,laurera01,Ramón Laureano,ATH,H,RF,27.0,94.0,0.9,383.0,13.0,11.0,0.211,0.287,0.376,94.0,,,,,,,,,2450000.0,3.081,False
2022,leedy01,Dylan Lee,ATL,P,RP,27.0,46.0,1.3,,,,,,,,50.67,0,0.0,2.13,193.0,2.66,0.987,59.0,700000,0.0,True
2022,leitema02,Mark Leiter Jr.,CHC,P,RP,31.0,35.0,0.9,,,,,,,,67.67,4.0,3.0,3.99,105.0,4.29,1.138,73.0,700000,1.18,True
2022,lemahdj01,DJ LeMahieu,NYY,H,3B,33.0,125.0,3.6,541.0,12.0,4.0,0.261,0.357,0.377,110.0,,,,,,,,,15000000.0,9.744,False
2022,lindofr01,Francisco Lindor,NYM,H,SS,28.0,161.0,5.4,706.0,26.0,16.0,0.27,0.339,0.449,125.0,,,,,,,,,34100000.0,6.657,False
2022,lodolni01,Nick Lodolo,CIN,P,SP,24.0,19.0,2.6,,,,,,,,103.33,19.0,0.0,3.66,119.0,3.9,1.248,131.0,700000,0.0,True
2022,logueza01,Zach Logue,ATH,P,SP,26.0,14.0,-1.1,,,,,,,,57.0,10.0,0.0,6.79,55.0,5.76,1.544,42.0,700000,,True
2022,lopezjo02,Jorge López,2TM,P,RP,29.0,67.0,1.7,,,,,,,,71.0,0,23.0,2.54,155.0,3.42,1.183,72.0,1500000.0,3.593,False
2022,lopezni01,Nicky Lopez,KCR,H,2B,27.0,141.0,-0.4,480.0,0.0,13.0,0.227,0.281,0.273,58.0,1.0,0,0.0,18.0,31.0,29.11,3.0,0.0,2550000.0,2.808,False
2022,lopezpa01,Pablo López,MIA,P,SP,26.0,32.0,3.0,,,,,,,,180.0,32.0,0.0,3.75,109.0,3.71,1.167,174.0,2450000.0,3.541,False
2022,lopezre01,Reynaldo López,CHW,P,RP,28.0,61.0,1.5,,,,,,,,65.33,1.0,0.0,2.76,145.0,1.93,0.949,63.0,2625000.0,4.023,False
2022,lorenmi01,Michael Lorenzen,LAA,P,SP,30.0,18.0,0.9,,,,,,,,97.67,18.0,0.0,4.24,95.0,4.31,1.28,85.0,7000000.0,6.924,False
2022,loupaa01,Aaron Loup,LAA,P,RP,34.0,65.0,-0.9,,,,,,,,58.67,0,1.0,3.84,105.0,3.76,1.295,52.0,7500000.0,9.233,False
2022,lowena01,Nathaniel Lowe,TEX,H,1B,26.0,157.0,3.2,645.0,27.0,2.0,0.302,0.358,0.492,139.0,,,,,,,,,,1.843,False
2022,luetglu01,Lucas Luetge,NYY,P,RP,35.0,50.0,0.7,,,,,,,,57.33,0,2.0,2.67,148.0,3.02,1.395,60.0,905000.0,3.087,False
2022,lugose01,Seth Lugo,NYM,P,RP,32.0,62.0,0.8,,,,,,,,65.0,0,3.0,3.6,108.0,3.76,1.169,69.0,2925000.0,5.477,False
2022,luxga01,Gavin Lux,LAD,H,2B,24.0,129.0,2.8,471.0,6.0,7.0,0.276,0.346,0.399,109.0,,,,,,,,,700000,1.663,True
2022,luzarje01,Jesús Luzardo,MIA,P,SP,24.0,18.0,2.0,,,,,,,,100.33,18.0,0.0,3.32,124.0,3.12,1.037,120.0,,1.959,False
2022,lylesjo01,Jordan Lyles,BAL,P,SP,31.0,32.0,0.8,,,,,,,,179.0,32.0,0.0,4.42,88.0,4.4,1.385,144.0,6000000.0,10.012,False
2022,lynchda02,Daniel Lynch IV,KCR,P,SP,25.0,27.0,0.6,,,,,,,,131.67,27.0,0.0,5.13,80.0,4.63,1.572,122.0,700000,0.483,True
2022,lynnla01,Lance Lynn,CHW,P,SP,35.0,21.0,0.7,,,,,,,,121.67,21.0,0.0,3.99,99.0,3.82,1.134,124.0,,10.692,False
2022,machaan02,Andrés Machado,WSN,P,RP,29.0,51.0,0.1,,,,,,,,59.33,0,0.0,3.34,119.0,4.51,1.365,46.0,,,False
2022,machama01,Manny Machado,SDP,H,3B,29.0,150.0,6.8,644.0,32.0,9.0,0.298,0.366,0.531,157.0,,,,,,,,,32000000.0,9.326,False
2022,mahlety01,Tyler Mahle,2TM,P,SP,27.0,23.0,1.9,,,,,,,,120.67,23.0,0.0,4.4,98.0,3.87,1.218,126.0,5200000.0,4.105,False
2022,maldoma01,Martín Maldonado,HOU,H,C,35.0,113.0,0.4,379.0,15.0,0.0,0.186,0.248,0.352,70.0,,,,,,,,,5000000.0,9.907,False
2022,manaese01,Sean Manaea,SDP,P,SP,30.0,30.0,-0.7,,,,,,,,158.0,28.0,0.0,4.96,76.0,4.53,1.297,156.0,,5.913,False
2022,mancitr01,Trey Mancini,2TM,H,DH,30.0,143.0,1.5,587.0,18.0,0.0,0.239,0.319,0.391,103.0,,,,,,,,,7500000.0,5.087,False
2022,mannima02,Matt Manning,DET,P,SP,24.0,12.0,0.9,,,,,,,,63.0,12.0,0.0,3.43,114.0,3.78,1.175,48.0,700000,0.57,True
2022,manoaal01,Alek Manoah,TOR,P,SP,24.0,31.0,6.0,,,,,,,,196.67,31.0,0.0,2.24,172.0,3.35,0.992,180.0,700000,0.756,True
2022,mantijo01,Joe Mantiply,ARI,P,RP,31.0,69.0,0.9,,,,,,,,60.0,0,2.0,2.85,142.0,2.83,1.083,61.0,700000,1.285,True
2022,margoma01,Manuel Margot,TBR,H,RF,27.0,89.0,1.5,363.0,4.0,7.0,0.274,0.325,0.375,104.0,,,,,,,,,5600000.0,5.07,False
2022,marquge01,Germán Márquez,COL,P,SP,27.0,31.0,1.4,,,,,,,,181.67,31.0,0.0,4.95,93.0,4.71,1.365,150.0,11300000.0,5.157,False
2022,marshbr02,Brandon Marsh,2TM,H,LF,24.0,134.0,1.8,461.0,11.0,10.0,0.245,0.295,0.384,91.0,,,,,,,,,700000,0.453,True
2022,marteke01,Ketel Marte,ARI,H,2B,28.0,137.0,1.4,558.0,12.0,5.0,0.24,0.321,0.407,105.0,,,,,,,,,8400000.0,5.942,False
2022,martest01,Starling Marte,NYM,H,RF,33.0,118.0,3.8,505.0,16.0,18.0,0.292,0.347,0.468,132.0,,,,,,,,,15750000.0,8.942,False
2022,martiad01,Adrián Martínez,ATH,P,SP,25.0,12.0,-0.8,,,,,,,,57.67,12.0,0.0,6.24,60.0,5.35,1.526,53.0,700000,0.0,True
2022,martibr01,Brett Martin,TEX,P,RP,27.0,55.0,-0.1,,,,,,,,50.0,1.0,3.0,4.14,96.0,3.63,1.36,40.0,1025000.0,2.878,False
2022,martich02,Chris Martin,2TM,P,RP,36.0,60.0,1.0,,,,,,,,56.0,0,2.0,3.05,136.0,2.18,0.982,74.0,2500000.0,4.773,False
2022,martida03,Davis Martin,CHW,P,SP,25.0,14.0,0,,,,,,,,63.33,9.0,0.0,4.83,82.0,4.28,1.295,48.0,700000,0.0,True
2022,martijd02,J.D. Martinez,BOS,H,DH,34.0,139.0,1.1,596.0,16.0,0.0,0.274,0.341,0.448,117.0,,,,,,,,,19350000.0,10.209,False
2022,martini01,Nick Martinez,SDP,P,RP,31.0,47.0,1.2,,,,,,,,106.33,10.0,8.0,3.47,109.0,4.43,1.288,95.0,6000000.0,3.012,False
2022,mateojo01,Jorge Mateo,BAL,H,SS,27.0,150.0,3.7,533.0,13.0,35.0,0.221,0.267,0.379,84.0,,,,,,,,,,2.0,False
2022,matonph01,Phil Maton,HOU,P,RP,29.0,67.0,-0.3,,,,,,,,65.67,0,0.0,3.84,100.0,4.33,1.249,73.0,1550000.0,4.273,False
2022,mayermi01,Mike Mayers,LAA,P,RP,30.0,24.0,-0.8,,,,,,,,50.67,3.0,0.0,5.68,71.0,6.37,1.382,45.0,2150000.0,4.116,False
2022,mccarja02,Jake McCarthy,ARI,H,RF,24.0,99.0,2.4,354.0,8.0,23.0,0.283,0.342,0.427,117.0,,,,,,,,,700000,0.0,True
2022,mcclash01,Shane McClanahan,TBR,P,SP,25.0,28.0,4.1,,,,,,,,166.33,28.0,0.0,2.54,144.0,3.0,0.926,194.0,,0.919,False
2022,mccorch01,Chas McCormick,HOU,H,LF,27.0,119.0,1.7,407.0,14.0,4.0,0.245,0.332,0.407,111.0,,,,,,,,,700000,1.0,True
2022,mccutan01,Andrew McCutchen,MIL,H,DH,35.0,134.0,1.0,580.0,17.0,8.0,0.237,0.316,0.384,97.0,,,,,,,,,8500000.0,12.715,False
2022,mchugco01,Collin McHugh,ATL,P,RP,35.0,58.0,2.0,,,,,,,,69.33,0,0.0,2.6,159.0,2.71,0.938,75.0,4000000.0,7.494,False
2022,mckentr01,Triston McKenzie,CLE,P,SP,24.0,31.0,3.9,,,,,,,,191.33,30.0,0.0,2.96,127.0,3.59,0.951,190.0,700000,1.43,True
2022,mcmahry01,Ryan McMahon,COL,H,3B,27.0,153.0,3.2,597.0,20.0,7.0,0.246,0.327,0.414,98.0,,,,,,,,,5000000.0,4.035,False
2022,mcneije01,Jeff McNeil,NYM,H,2B,30.0,148.0,5.9,589.0,9.0,4.0,0.326,0.382,0.454,140.0,,,,,,,,,3000000.0,3.401,False
2022,melanma01,Mark Melancon,ARI,P,RP,37.0,62.0,-0.8,,,,,,,,56.0,0,18.0,4.66,87.0,4.2,1.5,35.0,6000000.0,11.57,False
2022,melenmj01,MJ Melendez,KCR,H,C,23.0,129.0,0.5,534.0,18.0,2.0,0.217,0.313,0.393,99.0,,,,,,,,,,0.0,False
2022,merriwh01,Whit Merrifield,2TM,H,2B,33.0,139.0,-0.3,550.0,11.0,16.0,0.25,0.298,0.375,90.0,1.0,0,0.0,18.0,30.0,19.11,2.0,0.0,7000000.0,5.587,False
2022,mikolmi01,Miles Mikolas,STL,P,SP,33.0,33.0,2.6,,,,,,,,202.33,32.0,0.0,3.29,118.0,3.87,1.033,153.0,17000000.0,5.215,False
2022,milleow01,Owen Miller,CLE,H,1B,25.0,130.0,0.3,472.0,6.0,2.0,0.243,0.301,0.351,89.0,,,,,,,,,700000,0.529,True
2022,milneho01,Hoby Milner,MIL,P,RP,31.0,67.0,0.5,,,,,,,,64.67,0,0.0,3.76,107.0,3.16,1.175,64.0,,3.087,False
2022,minormi01,Mike Minor,CIN,P,SP,34.0,19.0,-0.8,,,,,,,,98.0,19.0,0.0,6.06,72.0,6.18,1.633,76.0,,10.802,False
2022,minteaj01,A.J. Minter,ATL,P,RP,28.0,75.0,1.9,,,,,,,,70.0,0,5.0,2.06,200.0,2.13,0.914,94.0,2200000.0,3.895,False
2022,miranjo01,José Miranda,MIN,H,1B,24.0,125.0,0.9,483.0,15.0,1.0,0.268,0.325,0.426,114.0,,,,,,,,,700000,0.0,True
2022,moncayo01,Yoán Moncada,CHW,H,3B,27.0,104.0,0.9,433.0,12.0,2.0,0.212,0.273,0.353,77.0,,,,,,,,,13800000.0,4.616,False
2022,montafr02,Frankie Montas,2TM,P,SP,29.0,27.0,1.0,,,,,,,,144.33,27.0,0.0,4.05,93.0,3.78,1.247,142.0,5025000.0,4.087,False
2022,montera01,Rafael Montero,HOU,P,RP,31.0,71.0,1.2,,,,,,,,68.33,0,14.0,2.37,161.0,2.64,1.024,73.0,2725000.0,5.802,False
2022,montgjo01,Jordan Montgomery,2TM,P,SP,29.0,32.0,1.9,,,,,,,,178.33,32.0,0.0,3.48,113.0,3.61,1.093,158.0,6000000.0,4.89,False
2022,moorema02,Matt Moore,TEX,P,RP,33.0,63.0,2.4,,,,,,,,74.0,0,5.0,1.95,205.0,2.98,1.176,83.0,100000.0,9.0,False
2022,morelch01,Christopher Morel,CHC,H,CF,23.0,113.0,1.0,425.0,16.0,10.0,0.235,0.308,0.433,104.0,,,,,,,,,700000,0.0,True
2022,morgael01,Eli Morgan,CLE,P,RP,26.0,50.0,0.2,,,,,,,,66.67,1.0,0.0,3.38,112.0,3.58,0.885,72.0,700000,0.628,True
2022,mortoch02,Charlie Morton,ATL,P,SP,38.0,31.0,1.7,,,,,,,,172.0,31.0,0.0,4.34,94.0,4.26,1.233,205.0,20000000.0,13.058,False
2022,mountry01,Ryan Mountcastle,BAL,H,1B,25.0,145.0,1.6,609.0,22.0,4.0,0.25,0.305,0.423,108.0,,,,,,,,,700000,1.61,True
2022,mullice01,Cedric Mullins,BAL,H,CF,27.0,156.0,4.0,672.0,16.0,34.0,0.258,0.318,0.403,107.0,,,,,,,,,700000,2.453,True
2022,muncyma01,Max Muncy,LAD,H,3B,31.0,136.0,3.1,565.0,21.0,2.0,0.196,0.329,0.384,100.0,,,,,,,,,13000000.0,5.157,False
2022,munozan01,Andrés Muñoz,SEA,P,RP,23.0,64.0,1.4,,,,,,,,65.0,0,4.0,2.49,149.0,2.04,0.892,96.0,,2.465,False
2022,murfepe01,Penn Murfee,SEA,P,RP,28.0,64.0,1.1,,,,,,,,69.33,1.0,0.0,2.99,124.0,3.1,0.952,76.0,700000,0.0,True
2022,murphse01,Sean Murphy,ATH,H,C,27.0,148.0,3.7,612.0,18.0,1.0,0.25,0.332,0.426,122.0,,,,,,,,,700000,2.169,True
2022,musgrjo01,Joe Musgrove,SDP,P,SP,29.0,30.0,3.5,,,,,,,,181.0,30.0,0.0,2.93,129.0,3.59,1.083,184.0,8625000.0,5.366,False
2022,naquity01,Tyler Naquin,2TM,H,RF,31.0,105.0,0,334.0,11.0,4.0,0.229,0.282,0.423,94.0,,,,,,,,,4025000.0,5.192,False
2022,naylojo01,Josh Naylor,CLE,H,1B,25.0,122.0,1.7,498.0,20.0,6.0,0.256,0.319,0.452,121.0,,,,,,,,,1200000.0,2.738,False
2022,nelsoni01,Nick Nelson,PHI,P,RP,26.0,47.0,0.1,,,,,,,,68.67,2.0,1.0,4.85,82.0,3.04,1.485,69.0,700000,,True
2022,nerishe01,Hector Neris,HOU,P,RP,33.0,70.0,0.5,,,,,,,,65.33,0,3.0,3.72,103.0,2.35,1.01,79.0,8000000.0,6.395,False
2022,newmake01,Kevin Newman,PIT,H,2B,28.0,78.0,1.1,309.0,2.0,8.0,0.274,0.316,0.372,95.0,,,,,,,,,1950000.0,3.267,False
2022,nidoto01,Tomás Nido,NYM,H,C,28.0,98.0,0.3,313.0,3.0,0.0,0.239,0.276,0.324,72.0,,,,,,,,,890000.0,3.517,False
2022,nimmobr01,Brandon Nimmo,NYM,H,CF,29.0,151.0,5.0,673.0,16.0,3.0,0.274,0.367,0.433,130.0,,,,,,,,,7000000.0,5.244,False
2022,nolaaa01,Aaron Nola,PHI,P,SP,29.0,32.0,5.7,,,,,,,,205.0,32.0,0.0,3.25,123.0,2.58,0.961,235.0,15500000.0,6.442,False
2022,nolaau01,Austin Nola,SDP,H,C,32.0,110.0,1.9,397.0,4.0,2.0,0.251,0.321,0.329,90.0,,,,,,,,,700000,2.616,True
2022,nootbla01,Lars Nootbaar,STL,H,RF,24.0,108.0,2.3,347.0,14.0,4.0,0.228,0.34,0.448,124.0,,,,,,,,,700000,0.442,True
2022,norrida01,Daniel Norris,2TM,P,RP,29.0,41.0,-0.5,,,,,,,,58.67,3.0,0.0,5.22,78.0,5.14,1.261,66.0,1750000.0,6.424,False
2022,oberba01,Bailey Ober,MIN,P,SP,26.0,11.0,1.0,,,,,,,,56.0,11.0,0.0,3.21,122.0,2.92,1.054,51.0,700000,0.541,True
2022,odorija01,Jake Odorizzi,2TM,P,SP,32.0,22.0,-0.2,,,,,,,,106.33,22.0,0.0,4.4,90.0,4.28,1.326,86.0,8000000.0,8.244,False
2022,odorro01,Rougned Odor,BAL,H,2B,28.0,135.0,-0.3,472.0,13.0,6.0,0.207,0.275,0.357,81.0,,,,,,,,,,7.703,False
2022,ohtansh01,Shohei Ohtani,LAA,H,DH,27.0,157.0,9.7,666.0,34.0,11.0,0.273,0.356,0.519,144.0,166.0,28.0,0.0,2.33,172.0,2.4,1.012,219.0,5500000.0,4.0,False
2022,okertst01,Steven Okert,MIA,P,RP,30.0,60.0,1.0,,,,,,,,51.33,0,0.0,2.98,138.0,4.36,1.169,63.0,700000,1.634,True
2022,ollerad01,Adam Oller,ATH,P,SP,27.0,19.0,-1.0,,,,,,,,74.33,14.0,0.0,6.3,59.0,6.5,1.628,46.0,700000,0.0,True
2022,olsonma02,Matt Olson,ATL,H,1B,28.0,162.0,3.3,699.0,34.0,0.0,0.24,0.325,0.477,120.0,,,,,,,,,15000000.0,4.599,False
2022,oneilty01,Tyler O'Neill,STL,H,LF,27.0,96.0,1.1,383.0,14.0,14.0,0.228,0.308,0.392,99.0,,,,,,,,,3400000.0,3.343,False
2022,ortegra01,Rafael Ortega,CHC,H,CF,31.0,118.0,0.1,371.0,7.0,12.0,0.241,0.331,0.358,93.0,,,,,,,,,,3.081,False
2022,ottavad01,Adam Ottavino,NYM,P,RP,36.0,66.0,2.3,,,,,,,,65.67,0,3.0,2.06,188.0,2.85,0.975,79.0,4000000.0,10.506,False
2022,ottogl01,Glenn Otto,TEX,P,SP,26.0,27.0,0.6,,,,,,,,135.67,27.0,0.0,4.64,86.0,5.21,1.334,107.0,700000,0.0,True
2022,oviedjo01,Johan Oviedo,2TM,P,RP,24.0,21.0,1.0,,,,,,,,56.0,8.0,0.0,3.21,126.0,3.74,1.286,54.0,700000,0.459,True
2022,ozunama01,Marcell Ozuna,ATL,H,DH,31.0,124.0,-0.9,507.0,23.0,2.0,0.226,0.274,0.413,88.0,,,,,,,,,16000000.0,8.721,False
2022,paganem01,Emilio Pagán,MIN,P,RP,31.0,59.0,-0.4,,,,,,,,63.0,0,9.0,4.43,88.0,4.21,1.365,84.0,,4.529,False
2022,pallaan01,Andre Pallante,STL,P,RP,23.0,47.0,1.7,,,,,,,,108.0,10.0,0.0,3.17,123.0,3.98,1.417,73.0,,0.0,False
2022,paredis01,Isaac Paredes,TBR,H,3B,23.0,111.0,2.5,381.0,20.0,0.0,0.205,0.304,0.435,113.0,,,,,,,,,,0.93,False
2022,payamjo01,Joel Payamps,2TM,P,RP,28.0,41.0,1.0,,,,,,,,55.67,0,0.0,3.23,125.0,4.24,1.365,41.0,700000,1.157,True
2022,pederjo01,Joc Pederson,SFG,H,LF,30.0,134.0,1.3,433.0,23.0,3.0,0.274,0.353,0.521,146.0,,,,,,,,,6000000.0,7.163,False
2022,penaje02,Jeremy Peña,HOU,H,SS,24.0,136.0,5.0,558.0,22.0,11.0,0.253,0.289,0.426,102.0,,,,,,,,,700000,0.0,True
2022,peralda01,David Peralta,2TM,H,LF,34.0,134.0,0.6,490.0,12.0,1.0,0.251,0.316,0.415,108.0,,,,,,,,,7500000.0,7.698,False
2022,peralfr01,Freddy Peralta,MIL,P,SP,26.0,18.0,1.2,,,,,,,,78.0,17.0,0.0,3.58,113.0,3.06,1.038,86.0,2484960.0,3.523,False
2022,peralwa01,Wandy Peralta,NYY,P,RP,30.0,56.0,1.1,,,,,,,,56.33,0,4.0,2.72,145.0,2.86,1.047,47.0,2150000.0,4.977,False
2022,perdoge01,Geraldo Perdomo,ARI,H,SS,22.0,148.0,0.6,500.0,5.0,9.0,0.195,0.285,0.262,57.0,,,,,,,,,700000,0.087,True
2022,perezci01,Cionel Pérez,BAL,P,RP,26.0,66.0,2.6,,,,,,,,57.67,0,1.0,1.4,278.0,2.8,1.162,55.0,700000,1.494,True
2022,perezma02,Martín Pérez,TEX,P,SP,31.0,32.0,5.1,,,,,,,,196.33,32.0,0.0,2.89,137.0,3.26,1.258,169.0,4000000.0,9.221,False
2022,perezsa02,Salvador Perez,KCR,H,C,32.0,114.0,2.7,473.0,23.0,0.0,0.254,0.292,0.465,110.0,,,,,,,,,18000000.0,10.291,False
2022,peterda01,David Peterson,NYM,P,SP,26.0,28.0,0.9,,,,,,,,105.67,19.0,0.0,3.83,101.0,3.64,1.334,126.0,700000,1.727,True
2022,peterja01,Jace Peterson,MIL,H,3B,32.0,112.0,2.2,328.0,8.0,12.0,0.236,0.316,0.382,97.0,1.0,0,0.0,0.0,,3.11,0.0,0.0,1825000.0,5.826,False
2022,phamth01,Tommy Pham,2TM,H,LF,34.0,144.0,0.4,622.0,17.0,8.0,0.236,0.312,0.374,89.0,,,,,,,,,6000000.0,6.622,False
2022,phelpda01,David Phelps,TOR,P,RP,35.0,65.0,1.1,,,,,,,,63.67,1.0,1.0,2.83,137.0,3.16,1.304,64.0,,9.907,False
2022,phillev01,Evan Phillips,LAD,P,RP,27.0,64.0,2.7,1.0,,,,,,,63.0,0,2.0,1.14,353.0,1.94,0.762,77.0,700000,1.791,True
2022,pilkiko01,Konnor Pilkington,CLE,P,SP,24.0,15.0,-0.1,,,,,,,,58.0,11.0,0.0,3.88,98.0,4.49,1.466,50.0,700000,,True
2022,pindech01,Chad Pinder,ATH,H,LF,30.0,111.0,-0.7,379.0,12.0,2.0,0.235,0.263,0.385,88.0,1.0,0,0.0,27.0,19.0,12.11,4.0,0.0,2725000.0,5.273,False
2022,pivetni01,Nick Pivetta,BOS,P,SP,29.0,33.0,2.5,,,,,,,,179.67,33.0,0.0,4.56,92.0,4.42,1.38,175.0,2650000.0,3.965,False
2022,plesaza01,Zach Plesac,CLE,P,SP,27.0,25.0,-0.8,,,,,,,,131.67,24.0,0.0,4.31,88.0,4.45,1.322,100.0,700000,2.5,True
2022,pocheco01,Colin Poche,TBR,P,RP,28.0,65.0,-0.1,,,,,,,,58.67,0,7.0,3.99,92.0,4.54,1.159,64.0,700000,2.663,True
2022,polanjo01,Jorge Polanco,MIN,H,2B,28.0,104.0,2.7,445.0,16.0,3.0,0.235,0.346,0.405,115.0,,,,,,,,,5500000.0,5.14,False
2022,polloaj01,AJ Pollock,CHW,H,LF,34.0,138.0,0.4,527.0,14.0,3.0,0.245,0.292,0.389,92.0,,,,,,,,,,9.302,False
2022,profaju01,Jurickson Profar,SDP,H,LF,29.0,152.0,2.9,658.0,15.0,5.0,0.243,0.331,0.391,109.0,,,,,,,,,8000000.0,7.959,False
2022,pruitau01,Austin Pruitt,ATH,P,RP,32.0,39.0,0.2,,,,,,,,55.33,1.0,1.0,4.23,88.0,4.87,1.03,38.0,700000,,True
2022,pujolal01,Albert Pujols,STL,H,DH,42.0,109.0,2.0,351.0,24.0,1.0,0.27,0.345,0.55,151.0,1.0,0,0.0,36.0,15.0,32.11,4.0,0.0,2500000.0,21.0,False
2022,pukaj01,A.J. Puk,ATH,P,RP,27.0,62.0,1.1,,,,,,,,66.33,0,4.0,3.12,119.0,3.68,1.146,76.0,700000,1.721,True
2022,quantca01,Cal Quantrill,CLE,P,SP,27.0,32.0,1.8,,,,,,,,186.33,32.0,0.0,3.38,112.0,4.12,1.208,128.0,2510000.0,2.767,False
2022,quintjo01,Jose Quintana,2TM,P,SP,33.0,32.0,3.5,,,,,,,,165.67,32.0,0.0,2.93,137.0,2.99,1.213,137.0,2000000.0,9.773,False
2022,raleica01,Cal Raleigh,SEA,H,C,25.0,119.0,3.9,415.0,27.0,1.0,0.211,0.284,0.489,122.0,,,,,,,,,700000,0.494,True
2022,raleybr01,Brooks Raley,TBR,P,RP,34.0,60.0,1.0,,,,,,,,53.67,0,6.0,2.68,137.0,2.74,0.969,61.0,4250000.0,2.262,False
2022,ramirer02,Erasmo Ramírez,WSN,P,RP,32.0,60.0,1.6,,,,,,,,86.33,2.0,0.0,2.92,135.0,4.05,1.077,61.0,100000.0,7.006,False
2022,ramirha02,Harold Ramírez,TBR,H,DH,27.0,120.0,1.3,435.0,6.0,3.0,0.3,0.343,0.404,118.0,,,,,,,,,,2.721,False
2022,ramirjo01,José Ramírez,CLE,H,3B,29.0,157.0,5.9,685.0,29.0,20.0,0.28,0.355,0.514,148.0,,,,,,,,,22000000.0,7.43,False
2022,ramirno01,Noé Ramirez,ARI,P,RP,32.0,55.0,-0.8,,,,,,,,50.0,0,0.0,5.22,77.0,5.15,1.42,51.0,1250000.0,4.483,False
2022,rasmudr01,Drew Rasmussen,TBR,P,SP,26.0,28.0,3.1,,,,,,,,146.0,28.0,0.0,2.84,129.0,3.26,1.041,125.0,700000,1.645,True
2022,rayro02,Robbie Ray,SEA,P,SP,30.0,32.0,2.1,,,,,,,,189.0,32.0,0.0,3.71,100.0,4.16,1.19,212.0,21000000.0,7.041,False
2022,realmjt01,J.T. Realmuto,PHI,H,C,31.0,139.0,6.5,562.0,22.0,21.0,0.276,0.342,0.478,130.0,,,,,,,,,23875000.0,7.221,False
2022,renfrhu01,Hunter Renfroe,MIL,H,RF,30.0,125.0,2.4,522.0,29.0,1.0,0.255,0.315,0.492,124.0,,,,,,,,,7650000.0,4.959,False
2022,rengilu01,Luis Rengifo,LAA,H,2B,25.0,127.0,2.5,511.0,17.0,6.0,0.264,0.294,0.429,102.0,,,,,,,,,,2.25,False
2022,reyesfr01,Franmil Reyes,2TM,H,DH,26.0,118.0,-0.9,473.0,14.0,2.0,0.221,0.273,0.365,80.0,1.0,0,0.0,0.0,,4.11,0.0,1.0,4550000.0,3.669,False
2022,reyesvi01,Víctor Reyes,DET,H,RF,27.0,92.0,-0.1,336.0,3.0,2.0,0.254,0.289,0.362,86.0,,,,,,,,,1400000.0,3.436,False
2022,reynobr01,Bryan Reynolds,PIT,H,CF,27.0,145.0,3.0,614.0,27.0,7.0,0.262,0.345,0.461,127.0,,,,,,,,,6750000.0,2.948,False
2022,richatr01,Trevor Richards,TOR,P,RP,29.0,62.0,-0.8,,,,,,,,64.0,4.0,0.0,5.34,72.0,4.07,1.438,82.0,1000000.0,3.488,False
2022,rileyau01,Austin Riley,ATL,H,3B,25.0,159.0,6.4,693.0,38.0,2.0,0.273,0.349,0.528,140.0,,,,,,,,,3950000.0,2.802,False
2022,riverem01,Emmanuel Rivera,2TM,H,3B,26.0,102.0,1.5,359.0,12.0,1.0,0.233,0.292,0.409,97.0,,,,,,,,,700000,0.151,True
2022,rizzoan01,Anthony Rizzo,NYY,H,1B,32.0,130.0,2.3,548.0,32.0,6.0,0.224,0.338,0.48,130.0,,,,,,,,,16000000.0,9.977,False
2022,roberda08,David Robertson,2TM,P,RP,37.0,58.0,2.7,1.0,,,,,,,63.67,0,20.0,2.4,173.0,3.58,1.162,81.0,3500000.0,12.692,False
2022,roberlu01,Luis Robert Jr.,CHW,H,CF,24.0,98.0,2.2,401.0,12.0,11.0,0.284,0.319,0.426,110.0,,,,,,,,,6000000.0,2.0,False
2022,roblevi01,Víctor Robles,WSN,H,CF,25.0,132.0,1.8,407.0,6.0,15.0,0.224,0.273,0.311,69.0,,,,,,,,,1650000.0,3.192,False
2022,rodgebr02,Brendan Rodgers,COL,H,2B,25.0,137.0,4.3,581.0,13.0,0.0,0.266,0.325,0.408,97.0,,,,,,,,,700000,2.436,True
2022,rodonca01,Carlos Rodón,SFG,P,SP,29.0,31.0,5.2,,,,,,,,178.0,31.0,0.0,2.88,137.0,2.25,1.028,237.0,21500000.0,6.977,False
2022,rodried05,Eduardo Rodríguez,DET,P,SP,29.0,17.0,0.3,,,,,,,,91.0,17.0,0.0,4.05,96.0,4.43,1.33,72.0,14000000.0,6.756,False
2022,rodrijo06,Joely Rodríguez,NYM,P,RP,30.0,55.0,-0.2,,,,,,,,50.33,0,0.0,4.47,87.0,3.23,1.351,57.0,,2.558,False
2022,rodriju01,Julio Rodríguez,SEA,H,CF,21.0,132.0,6.2,560.0,28.0,25.0,0.284,0.345,0.509,147.0,,,,,,,,,700000.0,0.0,False
2022,rogerta01,Taylor Rogers,2TM,P,RP,31.0,66.0,-0.6,,,,,,,,64.33,0,31.0,4.76,82.0,3.31,1.181,84.0,7300000.0,5.843,False
2022,rogertr01,Trevor Rogers,MIA,P,SP,24.0,23.0,-0.5,,,,,,,,107.0,23.0,0.0,5.47,75.0,4.35,1.505,106.0,700000,1.547,True
2022,rogerty01,Tyler Rogers,SFG,P,RP,31.0,68.0,0.9,,,,,,,,75.67,0,0.0,3.57,111.0,3.44,1.269,49.0,700000,2.198,True
2022,rojasjo01,Josh Rojas,ARI,H,3B,28.0,125.0,3.1,510.0,9.0,23.0,0.269,0.349,0.391,110.0,,,,,,,,,,1.884,False
2022,rojasmi02,Miguel Rojas,MIA,H,SS,33.0,140.0,2.5,507.0,6.0,9.0,0.236,0.283,0.323,71.0,,,,,,,,,5000000.0,7.25,False
2022,romanjo03,Jordan Romano,TOR,P,RP,29.0,63.0,2.9,,,,,,,,64.0,0,36.0,2.11,183.0,2.82,1.016,73.0,700000,2.297,True
2022,rosaram01,Amed Rosario,CLE,H,SS,26.0,153.0,4.2,670.0,11.0,18.0,0.283,0.312,0.403,106.0,,,,,,,,,4950000.0,4.36,False
2022,ruckemi01,Michael Rucker,CHC,P,RP,28.0,41.0,0.6,,,,,,,,54.67,0,0.0,3.95,106.0,4.28,1.28,50.0,700000,0.192,True
2022,rufda01,Darin Ruf,2TM,H,1B,35.0,118.0,-1.6,388.0,11.0,2.0,0.204,0.307,0.338,85.0,2.0,0,0.0,0.0,,3.11,0.5,0.0,3000000.0,4.802,False
2022,ruizjo01,José Ruiz,CHW,P,RP,27.0,63.0,0.3,,,,,,,,60.67,0,0.0,4.6,87.0,4.43,1.418,68.0,,2.279,False
2022,ruizke01,Keibert Ruiz,WSN,H,C,23.0,112.0,1.5,433.0,7.0,6.0,0.251,0.313,0.36,94.0,,,,,,,,,,0.372,False
2022,rutscad01,Adley Rutschman,BAL,H,C,24.0,113.0,5.4,470.0,13.0,4.0,0.254,0.362,0.445,131.0,,,,,,,,,700000,0.0,True
2022,ryanjo04,Joe Ryan,MIN,P,SP,26.0,27.0,2.3,,,,,,,,147.0,27.0,0.0,3.55,110.0,3.99,1.102,151.0,700000,0.192,True
2022,sampsad01,Adrian Sampson,CHC,P,SP,30.0,21.0,2.3,,,,,,,,104.33,19.0,0.0,3.11,135.0,3.79,1.227,73.0,100000.0,2.052,False
2022,sanchaa01,Aaron Sanchez,2TM,P,SP,29.0,15.0,-0.9,,,,,,,,60.0,10.0,0.0,6.6,60.0,4.48,1.55,41.0,100000.0,6.186,False
2022,sanchan01,Aníbal Sánchez,WSN,P,SP,38.0,14.0,0.8,,,,,,,,69.33,14.0,0.0,4.28,92.0,5.77,1.269,48.0,,15.483,False
2022,sanchga02,Gary Sánchez,MIN,H,C,29.0,128.0,0.7,471.0,16.0,2.0,0.205,0.282,0.377,88.0,,,,,,,,,9000000.0,5.5,False
2022,sanchje02,Jesús Sánchez,MIA,H,CF,24.0,98.0,0.9,343.0,13.0,1.0,0.214,0.28,0.403,90.0,,,,,,,,,,0.686,False
2022,sandopa02,Patrick Sandoval,LAA,P,SP,25.0,27.0,3.3,,,,,,,,148.67,27.0,0.0,2.91,138.0,3.09,1.339,151.0,,1.866,False
2022,sanmare01,Reiver Sanmartín,CIN,P,RP,26.0,45.0,-0.7,2.0,,,,,,,57.0,4.0,0.0,6.32,69.0,4.81,1.667,47.0,700000,0.0,True
2022,santaan02,Anthony Santander,BAL,H,RF,27.0,152.0,2.1,647.0,33.0,0.0,0.24,0.318,0.455,120.0,,,,,,,,,3150000.0,3.942,False
2022,santaca01,Carlos Santana,2TM,H,1B,36.0,131.0,1.1,506.0,19.0,0.0,0.202,0.316,0.376,100.0,,,,,,,,,10500000.0,11.669,False
2022,santade01,Dennis Santana,TEX,P,RP,26.0,63.0,-0.7,,,,,,,,58.67,1.0,1.0,5.22,76.0,3.35,1.33,54.0,,2.552,False
2022,sawamhi01,Hirokazu Sawamura,BOS,P,RP,34.0,49.0,0.7,,,,,,,,50.67,0,0.0,3.73,113.0,4.16,1.421,40.0,1200000.0,1.0,False
2022,scherma01,Max Scherzer,NYM,P,SP,37.0,23.0,5.3,,,,,,,,145.33,23.0,0.0,2.29,169.0,2.62,0.908,173.0,43333333.0,13.459,False
2022,schmicl01,Clarke Schmidt,NYY,P,RP,26.0,29.0,0.8,,,,,,,,57.67,3.0,2.0,3.12,127.0,3.6,1.197,56.0,,0.86,False
2022,schoojo01,Jonathan Schoop,DET,H,2B,30.0,131.0,0.1,510.0,11.0,5.0,0.202,0.239,0.322,60.0,,,,,,,,,7500000.0,8.157,False
2022,schrejo01,John Schreiber,BOS,P,RP,28.0,64.0,2.6,,,,,,,,65.0,0,8.0,2.22,190.0,2.5,0.985,74.0,700000,1.157,True
2022,schwaky01,Kyle Schwarber,PHI,H,LF,29.0,155.0,2.3,669.0,46.0,10.0,0.218,0.323,0.504,131.0,,,,,,,,,19000000.0,6.5,False
2022,scottta01,Tanner Scott,MIA,P,RP,27.0,67.0,0.1,,,,,,,,62.67,0,20.0,4.31,96.0,3.67,1.612,90.0,,3.343,False
2022,seageco01,Corey Seager,TEX,H,SS,28.0,151.0,3.8,663.0,33.0,3.0,0.245,0.317,0.455,117.0,,,,,,,,,33000000.0,6.186,False
2022,searsjp01,JP Sears,2TM,P,SP,26.0,17.0,0.8,,,,,,,,70.0,11.0,0.0,3.86,99.0,4.21,1.286,51.0,700000,0.0,True
2022,segurje01,Jean Segura,PHI,H,2B,32.0,98.0,1.8,387.0,10.0,13.0,0.277,0.336,0.387,105.0,,,,,,,,,14850000.0,9.378,False
2022,semiema01,Marcus Semien,TEX,H,2B,31.0,161.0,5.7,724.0,26.0,25.0,0.248,0.304,0.429,106.0,,,,,,,,,25000000.0,7.686,False
2022,senzaan01,Antonio Senzatela,COL,P,SP,27.0,19.0,0.4,,,,,,,,92.33,19.0,0.0,5.07,91.0,4.05,1.69,54.0,7250000.0,4.616,False
2022,senzeni01,Nick Senzel,CIN,H,CF,27.0,110.0,-1.1,420.0,5.0,8.0,0.231,0.296,0.306,66.0,,,,,,,,,1250000.0,2.872,False
2022,severlu01,Luis Severino,NYY,P,SP,28.0,19.0,1.7,,,,,,,,102.0,19.0,0.0,3.18,124.0,3.7,1.0,112.0,11500000.0,5.988,False
2022,sewalpa01,Paul Sewald,SEA,P,RP,32.0,65.0,1.6,,,,,,,,64.0,0,20.0,2.67,139.0,3.88,0.766,72.0,1735000.0,3.419,False
2022,shawbr01,Bryan Shaw,CLE,P,RP,34.0,60.0,-1.0,,,,,,,,58.33,2.0,1.0,5.4,70.0,4.88,1.44,52.0,3000000.0,9.884,False
2022,sheetga01,Gavin Sheets,CHW,H,RF,26.0,124.0,-0.5,410.0,15.0,0.0,0.241,0.295,0.411,99.0,,,,,,,,,700000,0.442,True
2022,singebr01,Brady Singer,KCR,P,SP,25.0,27.0,4.5,,,,,,,,153.33,24.0,0.0,3.23,127.0,3.58,1.141,150.0,,1.907,False
2022,sirijo01,Jose Siri,2TM,H,CF,26.0,104.0,1.5,325.0,7.0,14.0,0.213,0.268,0.339,75.0,,,,,,,,,700000,0.087,True
2022,skubata01,Tarik Skubal,DET,P,SP,25.0,21.0,1.4,,,,,,,,117.67,21.0,0.0,3.52,111.0,2.96,1.156,117.0,700000,1.663,True
2022,slateau01,Austin Slater,SFG,H,CF,29.0,125.0,1.6,325.0,7.0,12.0,0.264,0.366,0.408,121.0,,,,,,,,,1850000.0,3.855,False
2022,smeltde01,Devin Smeltzer,MIN,P,SP,26.0,15.0,0.9,,,,,,,,70.33,12.0,0.0,3.71,105.0,5.23,1.223,40.0,700000,,True
2022,smithca03,Caleb Smith,ARI,P,RP,30.0,44.0,0.1,,,,,,,,70.0,1.0,0.0,4.11,98.0,5.57,1.371,65.0,2000000.0,4.453,False
2022,smithwi04,Will Smith,2TM,P,RP,32.0,65.0,-0.6,,,,,,,,59.0,0,5.0,3.97,102.0,4.26,1.407,65.0,13000000.0,8.901,False
2022,smithwi05,Will Smith,LAD,H,C,27.0,137.0,4.5,578.0,24.0,1.0,0.26,0.343,0.465,124.0,,,,,,,,,700000,2.523,True
2022,smylydr01,Drew Smyly,CHC,P,SP,33.0,22.0,2.0,,,,,,,,106.33,22.0,0.0,3.47,121.0,4.23,1.194,91.0,4250000.0,9.831,False
2022,snellbl01,Blake Snell,SDP,P,SP,29.0,24.0,2.2,,,,,,,,128.0,24.0,0.0,3.38,112.0,2.8,1.203,171.0,13100000.0,5.419,False
2022,solando01,Donovan Solano,CIN,H,1B,34.0,80.0,0.9,304.0,4.0,0.0,0.284,0.339,0.385,99.0,,,,,,,,,4500000.0,6.471,False
2022,solerjo01,Jorge Soler,MIA,H,LF,30.0,72.0,0.4,306.0,13.0,0.0,0.207,0.295,0.4,95.0,,,,,,,,,12000000.0,6.831,False
2022,sotogr01,Gregory Soto,DET,P,RP,27.0,64.0,0.1,,,,,,,,60.33,0,30.0,3.28,119.0,3.59,1.376,60.0,,2.593,False
2022,sotoju01,Juan Soto,2TM,H,RF,23.0,153.0,5.5,664.0,27.0,6.0,0.242,0.401,0.452,147.0,,,,,,,,,17100000.0,3.779,False
2022,springe01,George Springer,TOR,H,CF,32.0,133.0,4.2,583.0,25.0,14.0,0.267,0.342,0.472,132.0,,,,,,,,,29666666.0,7.965,False
2022,sprinje01,Jeffrey Springs,TBR,P,SP,29.0,33.0,3.8,,,,,,,,135.33,25.0,0.0,2.46,149.0,3.04,1.071,144.0,948000.0,3.32,False
2022,stallja01,Jacob Stallings,MIA,H,C,32.0,114.0,-0.8,384.0,4.0,0.0,0.223,0.292,0.292,67.0,,,,,,,,,2450000.0,3.866,False
2022,stanery01,Ryne Stanek,HOU,P,RP,30.0,59.0,2.1,,,,,,,,54.67,0,1.0,1.15,333.0,3.02,1.226,62.0,2100000.0,4.221,False
2022,stantmi03,Giancarlo Stanton,NYY,H,DH,32.0,110.0,0.7,452.0,31.0,0.0,0.211,0.297,0.462,112.0,,,,,,,,,29000000.0,11.686,False
2022,stassma01,Max Stassi,LAA,H,C,31.0,102.0,-0.5,375.0,9.0,0.0,0.18,0.267,0.303,62.0,,,,,,,,,3000000.0,5.285,False
2022,steelju01,Justin Steele,CHC,P,SP,26.0,24.0,2.1,,,,,,,,119.0,24.0,0.0,3.18,132.0,3.2,1.353,126.0,,0.831,False
2022,stephja01,Jackson Stephens,ATL,P,RP,28.0,39.0,0,,,,,,,,53.67,1.0,2.0,3.69,112.0,3.54,1.342,47.0,700000,1.0,True
2022,stephro01,Robert Stephenson,2TM,P,RP,29.0,58.0,-0.3,,,,,,,,58.0,0,0.0,5.43,84.0,4.23,1.328,55.0,1280000.0,4.285,False
2022,stephtr01,Trevor Stephan,CLE,P,RP,26.0,66.0,1.0,,,,,,,,63.67,0,3.0,2.69,141.0,2.19,1.178,82.0,700000,1.0,True
2022,storytr01,Trevor Story,BOS,H,2B,29.0,94.0,2.5,396.0,16.0,13.0,0.238,0.303,0.434,102.0,,,,,,,,,20000000.0,6.0,False
2022,stottbr01,Bryson Stott,PHI,H,SS,24.0,127.0,1.2,466.0,10.0,12.0,0.234,0.295,0.358,85.0,,,,,,,,,700000,0.0,True
2022,stratch01,Chris Stratton,2TM,P,RP,31.0,60.0,-0.2,,,,,,,,63.33,1.0,2.0,4.26,95.0,3.32,1.532,60.0,2700000.0,4.581,False
2022,strawmy01,Myles Straw,CLE,H,CF,27.0,152.0,2.7,596.0,0.0,21.0,0.221,0.291,0.273,65.0,,,,,,,,,1650000.0,2.651,False
2022,strichu01,Hunter Strickland,CIN,P,RP,33.0,66.0,0,,,,,,,,62.33,0,7.0,4.91,89.0,4.78,1.508,60.0,1825000.0,6.192,False
2022,stridsp01,Spencer Strider,ATL,P,SP,23.0,31.0,3.8,,,,,,,,131.67,20.0,0.0,2.67,154.0,1.83,0.995,202.0,700000,0.017,True
2022,stripro01,Ross Stripling,TOR,P,SP,32.0,32.0,2.7,,,,,,,,134.33,24.0,1.0,3.01,128.0,3.11,1.02,111.0,3790000.0,5.669,False
2022,stromma01,Marcus Stroman,CHC,P,SP,31.0,25.0,2.7,,,,,,,,138.67,25.0,0.0,3.5,119.0,3.76,1.147,119.0,25000000.0,7.151,False
2022,suareeu01,Eugenio Suárez,SEA,H,3B,30.0,150.0,4.1,629.0,31.0,0.0,0.236,0.332,0.459,129.0,,,,,,,,,,7.355,False
2022,suarejo01,José Suarez,LAA,P,SP,24.0,22.0,1.6,,,,,,,,109.0,20.0,0.0,3.96,101.0,3.91,1.248,103.0,700000,1.488,True
2022,suarera01,Ranger Suarez,PHI,P,SP,26.0,29.0,2.3,,,,,,,,155.33,29.0,0.0,3.65,109.0,3.87,1.333,129.0,,2.651,False
2022,suterbr01,Brent Suter,MIL,P,RP,32.0,54.0,0.4,,,,,,,,66.67,0,0.0,3.78,107.0,4.4,1.2,53.0,2700000.0,4.936,False
2022,suwinja01,Jack Suwinski,PIT,H,LF,23.0,106.0,1.3,372.0,19.0,4.0,0.202,0.298,0.411,99.0,,,,,,,,,700000,0.0,True
2022,suzukse01,Seiya Suzuki,CHC,H,RF,27.0,111.0,1.8,446.0,14.0,9.0,0.262,0.336,0.433,113.0,,,,,,,,,8000000.0,0.0,False
2022,swansda01,Dansby Swanson,ATL,H,SS,28.0,162.0,5.5,696.0,25.0,18.0,0.277,0.329,0.447,114.0,,,,,,,,,10000000.0,5.273,False
2022,swanser01,Erik Swanson,SEA,P,RP,28.0,57.0,1.7,,,,,,,,53.67,1.0,3.0,1.68,222.0,1.84,0.913,70.0,700000,2.558,True
2022,syndeno01,Noah Syndergaard,2TM,P,SP,29.0,25.0,1.9,,,,,,,,134.67,24.0,0.0,3.94,102.0,3.83,1.255,95.0,21000000.0,6.866,False
2022,taillja01,Jameson Taillon,NYY,P,SP,30.0,32.0,1.4,,,,,,,,177.33,32.0,0.0,3.91,101.0,3.94,1.128,151.0,5800000.0,5.64,False
2022,tapiara01,Raimel Tapia,TOR,H,LF,28.0,128.0,0.5,433.0,7.0,8.0,0.265,0.292,0.38,92.0,,,,,,,,,3950000.0,4.116,False
2022,tatedi01,Dillon Tate,BAL,P,RP,28.0,67.0,1.2,,,,,,,,73.67,0,5.0,3.05,128.0,3.48,0.991,60.0,700000,2.279,True
2022,taverle01,Leody Taveras,TEX,H,CF,23.0,99.0,0.5,341.0,5.0,11.0,0.261,0.309,0.366,92.0,,,,,,,,,,0.721,False
2022,tayloch03,Chris Taylor,LAD,H,LF,31.0,118.0,0.7,454.0,10.0,10.0,0.221,0.304,0.373,89.0,,,,,,,,,15000000.0,6.215,False
2022,taylomi02,Michael A. Taylor,KCR,H,CF,31.0,124.0,3.4,456.0,9.0,4.0,0.254,0.313,0.357,90.0,2.0,0,0.0,9.0,54.0,10.61,3.5,2.0,4500000.0,6.75,False
2022,tayloty01,Tyrone Taylor,MIL,H,CF,28.0,120.0,2.2,405.0,17.0,3.0,0.233,0.286,0.442,102.0,,,,,,,,,700000,1.541,True
2022,tellero01,Rowdy Tellez,MIL,H,1B,27.0,153.0,0.8,599.0,35.0,2.0,0.219,0.306,0.461,113.0,,,,,,,,,1940000.0,3.023,False
2022,teperry01,Ryan Tepera,LAA,P,RP,34.0,59.0,0.6,,,,,,,,57.33,0,6.0,3.61,112.0,4.21,1.081,47.0,7000000.0,6.047,False
2022,thielca01,Caleb Thielbar,MIN,P,RP,35.0,67.0,0.6,,,,,,,,59.33,0,1.0,3.49,112.0,2.42,1.163,80.0,1300000.0,3.762,False
2022,thomaal01,Alek Thomas,ARI,H,CF,22.0,113.0,1.4,411.0,8.0,4.0,0.231,0.275,0.344,75.0,,,,,,,,,700000,0.0,True
2022,thomala02,Lane Thomas,WSN,H,LF,26.0,146.0,1.6,548.0,17.0,8.0,0.241,0.301,0.404,102.0,,,,,,,,,700000,2.081,True
2022,thompke02,Keegan Thompson,CHC,P,SP,27.0,29.0,1.4,,,,,,,,115.0,17.0,1.0,3.76,111.0,4.4,1.27,108.0,700000,0.762,True
2022,thompza01,Zach Thompson,PIT,P,SP,28.0,29.0,-0.4,,,,,,,,121.67,22.0,0.0,5.18,79.0,4.87,1.512,90.0,700000,,True
2022,torkesp01,Spencer Torkelson,DET,H,1B,22.0,110.0,-1.4,404.0,8.0,0.0,0.203,0.285,0.319,74.0,,,,,,,,,700000,0.0,True
2022,toroab01,Abraham Toro,SEA,H,2B,25.0,109.0,-0.7,352.0,10.0,2.0,0.185,0.239,0.324,63.0,,,,,,,,,700000,1.866,True
2022,torregl01,Gleyber Torres,NYY,H,2B,25.0,140.0,4.1,572.0,24.0,10.0,0.257,0.31,0.451,113.0,,,,,,,,,6250000.0,3.942,False
2022,trevijo01,Jose Trevino,NYY,H,C,29.0,115.0,2.3,353.0,11.0,2.0,0.248,0.283,0.388,89.0,,,,,,,,,700000,2.366,True
2022,trivilo01,Lou Trivino,2TM,P,RP,30.0,64.0,-0.2,,,,,,,,53.67,0,11.0,4.53,85.0,3.63,1.64,67.0,3000000.0,3.948,False
2022,troutmi01,Mike Trout,LAA,H,CF,30.0,119.0,6.1,499.0,40.0,1.0,0.283,0.369,0.63,176.0,,,,,,,,,37116666.0,10.407,False
2022,tuckeky01,Kyle Tucker,HOU,H,RF,25.0,150.0,5.5,609.0,30.0,25.0,0.257,0.33,0.478,129.0,,,,,,,,,700000,2.459,True
2022,turneju01,Justin Turner,LAD,H,3B,37.0,128.0,2.3,532.0,13.0,3.0,0.278,0.35,0.438,120.0,,,,,,,,,20000000.0,11.262,False
2022,turnetr01,Trea Turner,LAD,H,SS,29.0,160.0,5.2,708.0,21.0,27.0,0.298,0.343,0.466,124.0,,,,,,,,,21000000.0,5.785,False
2022,underdu01,Duane Underwood Jr.,PIT,P,RP,27.0,51.0,-0.5,,,,,,,,57.33,1.0,1.0,4.4,93.0,2.92,1.448,57.0,700000,2.256,True
2022,urenajo01,José Ureña,2TM,P,SP,30.0,21.0,0.2,,,,,,,,97.0,17.0,0.0,5.01,92.0,4.65,1.567,63.0,1250000.0,6.233,False
2022,uriasju01,Julio Urías,LAD,P,SP,25.0,31.0,4.6,,,,,,,,175.0,31.0,0.0,2.16,186.0,3.71,0.96,166.0,8000000.0,4.68,False
2022,uriaslu01,Luis Urías,MIL,H,3B,25.0,119.0,3.0,472.0,16.0,1.0,0.239,0.335,0.404,108.0,,,,,,,,,2550000.0,2.698,False
2022,uriasra01,Ramón Urías,BAL,H,3B,28.0,118.0,3.8,445.0,16.0,1.0,0.248,0.305,0.414,105.0,,,,,,,,,700000,1.145,True
2022,urquijo01,José Urquidy,HOU,P,SP,27.0,29.0,1.2,,,,,,,,164.33,28.0,0.0,3.94,97.0,4.6,1.168,134.0,,2.285,False
2022,urshegi01,Gio Urshela,MIN,H,3B,30.0,144.0,2.9,551.0,13.0,1.0,0.285,0.338,0.429,119.0,,,,,,,,,6550000.0,4.738,False
2022,valdefr01,Framber Valdez,HOU,P,SP,28.0,31.0,3.4,,,,,,,,201.33,31.0,0.0,2.82,135.0,3.06,1.157,194.0,3000000.0,2.948,False
2022,varshda01,Daulton Varsho,ARI,H,RF,25.0,151.0,4.9,592.0,27.0,16.0,0.235,0.302,0.443,108.0,,,,,,,,,,1.744,False
2022,vaughan01,Andrew Vaughn,CHW,H,RF,24.0,134.0,-0.3,555.0,17.0,0.0,0.271,0.321,0.429,111.0,,,,,,,,,700000,1.0,True
2022,vazquch01,Christian Vázquez,2TM,H,C,31.0,119.0,2.1,426.0,9.0,1.0,0.274,0.315,0.399,99.0,,,,,,,,,7000000.0,7.18,False
2022,velasvi01,Vince Velasquez,CHW,P,RP,30.0,27.0,0.4,,,,,,,,75.33,9.0,0.0,4.78,83.0,4.25,1.235,69.0,3000000.0,6.5,False
2022,velazan01,Andrew Velazquez,LAA,H,SS,27.0,125.0,1.4,349.0,9.0,17.0,0.196,0.236,0.304,52.0,,,,,,,,,700000,,True
2022,verdual01,Alex Verdugo,BOS,H,LF,26.0,152.0,0.9,644.0,11.0,1.0,0.28,0.328,0.405,102.0,,,,,,,,,3550000.0,3.453,False
2022,verlaju01,Justin Verlander,HOU,P,SP,39.0,28.0,5.6,,,,,,,,175.0,28.0,0.0,1.75,218.0,2.49,0.829,185.0,25000000.0,16.012,False
2022,vesiaal01,Alex Vesia,LAD,P,RP,26.0,63.0,1.4,,,,,,,,54.33,0,1.0,2.15,188.0,2.12,1.123,79.0,700000,1.599,True
2022,vestwi01,Will Vest,DET,P,RP,27.0,59.0,0.2,,,,,,,,63.0,2.0,1.0,4.0,98.0,3.54,1.333,63.0,700000,0.581,True
2022,vierlma01,Matt Vierling,PHI,H,CF,25.0,117.0,-0.4,357.0,6.0,7.0,0.246,0.297,0.351,84.0,,,,,,,,,700000,0.151,True
2022,vogelda01,Daniel Vogelbach,2TM,H,DH,29.0,130.0,1.4,461.0,18.0,0.0,0.238,0.36,0.433,126.0,,,,,,,,,800000.0,3.802,False
2022,voitlu01,Luke Voit,2TM,H,DH,31.0,135.0,0.7,568.0,22.0,1.0,0.226,0.308,0.402,104.0,,,,,,,,,5450000.0,3.983,False
2022,vothau01,Austin Voth,2TM,P,RP,30.0,41.0,0.9,,,,,,,,101.67,17.0,0.0,4.34,90.0,4.13,1.397,90.0,875000.0,2.738,False
2022,vottojo01,Joey Votto,CIN,H,1B,38.0,91.0,-0.2,376.0,11.0,0.0,0.205,0.319,0.37,89.0,,,,,,,,,25000000.0,14.157,False
2022,wachami01,Michael Wacha,BOS,P,SP,30.0,23.0,3.2,,,,,,,,127.33,23.0,0.0,3.32,127.0,4.14,1.115,104.0,7000000.0,8.36,False
2022,wainwad01,Adam Wainwright,STL,P,SP,40.0,32.0,2.1,,,,,,,,191.67,32.0,0.0,3.71,105.0,3.66,1.283,143.0,17500000.0,16.157,False
2022,walkech02,Christian Walker,ARI,H,1B,31.0,160.0,5.0,667.0,36.0,2.0,0.242,0.327,0.477,125.0,,,,,,,,,2600000.0,3.721,False
2022,walketa01,Taijuan Walker,NYM,P,SP,29.0,29.0,2.7,,,,,,,,157.33,29.0,0.0,3.49,111.0,3.65,1.195,132.0,7000000.0,7.826,False
2022,wallsta01,Taylor Walls,TBR,H,SS,25.0,142.0,2.5,466.0,8.0,10.0,0.172,0.268,0.285,62.0,,,,,,,,,700000,0.535,True
2022,walshja01,Jared Walsh,LAA,H,1B,28.0,118.0,-0.7,454.0,15.0,2.0,0.215,0.269,0.374,80.0,,,,,,,,,700000,2.058,True
2022,wantzan01,Andrew Wantz,LAA,P,RP,26.0,42.0,0.8,,,,,,,,50.33,1.0,0.0,3.22,125.0,4.48,1.152,52.0,700000,0.378,True
2022,wardta01,Taylor Ward,LAA,H,RF,28.0,135.0,3.5,564.0,23.0,5.0,0.281,0.36,0.473,134.0,,,,,,,,,,1.953,False
2022,watkisp01,Spenser Watkins,BAL,P,SP,29.0,23.0,-0.1,,,,,,,,105.33,20.0,0.0,4.7,83.0,4.24,1.415,63.0,700000,,True
2022,webblo01,Logan Webb,SFG,P,SP,25.0,32.0,4.6,,,,,,,,192.33,32.0,0.0,2.9,136.0,3.03,1.159,163.0,700000,2.256,True
2022,wellsty01,Tyler Wells,BAL,P,SP,27.0,23.0,1.0,,,,,,,,103.67,23.0,0.0,4.25,92.0,4.52,1.138,76.0,,1.0,False
2022,wendljo01,Joey Wendle,MIA,H,3B,32.0,101.0,2.4,371.0,3.0,12.0,0.259,0.297,0.36,85.0,,,,,,,,,4550000.0,4.512,False
2022,wheelza01,Zack Wheeler,PHI,P,SP,32.0,26.0,4.8,,,,,,,,153.0,26.0,0.0,2.82,141.0,2.89,1.039,163.0,26000000.0,8.57,False
2022,whitemi03,Mitch White,2TM,P,SP,27.0,25.0,-0.8,,,,,,,,99.0,18.0,0.0,5.45,73.0,3.87,1.465,78.0,700000,,True
2022,whitlga01,Garrett Whitlock,BOS,P,RP,26.0,31.0,1.8,,,,,,,,78.33,9.0,6.0,3.45,122.0,3.29,1.021,82.0,720000.0,1.0,False
2022,wickro01,Rowan Wick,CHC,P,RP,29.0,64.0,0.1,,,,,,,,64.0,0,9.0,4.22,100.0,4.19,1.688,69.0,700000,2.663,True
2022,willide03,Devin Williams,MIL,P,RP,27.0,65.0,2.3,,,,,,,,60.67,0,15.0,1.93,209.0,2.01,1.005,96.0,700000,2.326,True
2022,willitr01,Trevor Williams,NYM,P,RP,30.0,30.0,1.4,,,,,,,,89.67,9.0,1.0,3.21,120.0,3.88,1.227,84.0,3900000.0,5.157,False
2022,wilsobr02,Bryse Wilson,PIT,P,SP,24.0,25.0,-1.1,,,,,,,,115.67,20.0,0.0,5.52,74.0,5.06,1.418,79.0,700000,1.209,True
2022,wilsost02,Steven Wilson,SDP,P,RP,27.0,50.0,0.9,,,,,,,,53.0,1.0,1.0,3.06,124.0,4.13,1.057,53.0,700000,0.0,True
2022,winckjo01,Josh Winckowski,BOS,P,SP,24.0,15.0,-0.4,,,,,,,,70.33,14.0,0.0,5.89,72.0,4.95,1.592,44.0,700000,0.0,True
2022,windejo01,Josh Winder,MIN,P,SP,25.0,15.0,0,,,,,,,,67.0,11.0,0.0,4.7,83.0,4.87,1.299,47.0,700000,0.0,True
2022,winkeje01,Jesse Winker,SEA,H,LF,28.0,136.0,-0.1,547.0,14.0,0.0,0.219,0.344,0.344,103.0,,,,,,,,,6250000.0,4.465,False
2022,wisdopa01,Patrick Wisdom,CHC,H,3B,30.0,134.0,0.6,534.0,25.0,8.0,0.207,0.298,0.426,100.0,,,,,,,,,700000,1.337,True
2022,wittbo02,Bobby Witt Jr.,KCR,H,SS,22.0,150.0,0.9,632.0,20.0,30.0,0.254,0.294,0.428,102.0,,,,,,,,,,0.0,False
2022,wongko01,Kolten Wong,MIL,H,2B,31.0,134.0,3.0,497.0,15.0,17.0,0.251,0.339,0.43,116.0,,,,,,,,,8500000.0,8.262,False
2022,woodal02,Alex Wood,SFG,P,SP,31.0,26.0,0.1,,,,,,,,130.67,26.0,0.0,5.1,77.0,3.76,1.24,131.0,12500000.0,8.715,False
2022,woodrbr01,Brandon Woodruff,MIL,P,SP,29.0,27.0,3.0,,,,,,,,153.33,27.0,0.0,3.05,132.0,3.08,1.07,190.0,6800000.0,3.936,False
2022,wrighky01,Kyle Wright,ATL,P,SP,26.0,30.0,3.7,,,,,,,,180.33,30.0,0.0,3.19,128.0,3.58,1.159,174.0,700000,1.36,True
2022,yarbrry01,Ryan Yarbrough,TBR,P,RP,30.0,20.0,0.1,,,,,,,,80.0,9.0,0.0,4.5,82.0,4.77,1.375,61.0,3850000.0,3.855,False
2022,yastrmi01,Mike Yastrzemski,SFG,H,RF,31.0,148.0,2.0,558.0,17.0,5.0,0.214,0.305,0.392,97.0,,,,,,,,,3700000.0,2.744,False
2022,yelicch01,Christian Yelich,MIL,H,LF,30.0,154.0,2.5,671.0,14.0,19.0,0.252,0.355,0.383,109.0,,,,,,,,,26000000.0,8.401,False
2022,zimmebr02,Bruce Zimmermann,BAL,P,SP,27.0,15.0,-0.9,,,,,,,,73.67,13.0,0.0,5.99,65.0,6.06,1.48,49.0,700000,0.0,True
2023,abbotan01,Andrew Abbott,CIN,P,SP,24.0,21.0,2.7,,,,,,,,109.33,21.0,0.0,3.87,120.0,4.2,1.317,120.0,720000,0.0,True
2023,abramcj01,CJ Abrams,WSN,H,SS,22.0,151.0,3.5,614.0,18.0,47.0,0.245,0.3,0.412,96.0,,,,,,,,,724200.0,0.756,False
2023,abreual01,Albert Abreu,NYY,P,RP,27.0,45.0,-0.2,,,,,,,,59.0,0,0.0,4.73,92.0,5.26,1.475,61.0,738700.0,1.686,False
2023,abreubr01,Bryan Abreu,HOU,P,RP,26.0,72.0,2.5,,,,,,,,72.0,0,5.0,1.75,243.0,2.98,1.042,100.0,745200.0,2.128,False
2023,abreujo02,José Abreu,HOU,H,1B,36.0,141.0,-0.1,594.0,18.0,0.0,0.237,0.296,0.383,87.0,,,,,,,,,19500000.0,9.0,False
2023,acunaro01,Ronald Acuña Jr.,ATL,H,RF,25.0,159.0,8.4,735.0,41.0,73.0,0.337,0.416,0.596,171.0,,,,,,,,,17000000.0,4.924,False
2023,adamewi01,Willy Adames,MIL,H,SS,27.0,149.0,2.9,638.0,24.0,5.0,0.217,0.31,0.407,94.0,,,,,,,,,8700000.0,4.61,False
2023,adamja01,Jason Adam,TBR,P,RP,31.0,56.0,0.7,,,,,,,,54.33,0,12.0,2.98,142.0,3.99,1.012,69.0,1775000.0,2.767,False
2023,adonjo01,Joan Adon,WSN,P,SP,24.0,12.0,-0.3,,,,,,,,51.67,10.0,0.0,6.45,66.0,4.98,1.626,48.0,720000,0.0,True
2023,albieoz01,Ozzie Albies,ATL,H,2B,26.0,148.0,5.0,660.0,33.0,13.0,0.28,0.336,0.513,126.0,,,,,,,,,7000000.0,5.36,False
2023,alcansa01,Sandy Alcantara,MIA,P,SP,27.0,28.0,3.9,,,,,,,,184.67,28.0,0.0,4.14,113.0,4.03,1.213,151.0,6300000.0,4.581,False
2023,allenlo02,Logan Allen,CLE,P,SP,24.0,24.0,1.7,,,,,,,,125.33,24.0,0.0,3.81,112.0,4.19,1.396,119.0,720000,0.0,True
2023,allenni02,Nick Allen,ATH,H,SS,24.0,106.0,0.2,329.0,4.0,5.0,0.221,0.263,0.287,56.0,,,,,,,,,720000.0,0.733,False
2023,alonspe01,Pete Alonso,NYM,H,1B,28.0,154.0,3.3,658.0,46.0,4.0,0.217,0.318,0.504,123.0,,,,,,,,,14500000.0,4.0,False
2023,altuvjo01,Jose Altuve,HOU,H,2B,33.0,90.0,2.8,410.0,17.0,14.0,0.311,0.393,0.522,151.0,,,,,,,,,29000000.0,11.419,False
2023,alvarfr01,Francisco Alvarez,NYM,H,C,21.0,123.0,1.0,423.0,25.0,2.0,0.209,0.284,0.437,96.0,,,,,,,,,,0.035,False
2023,alvaryo01,Yordan Alvarez,HOU,H,DH,26.0,114.0,4.5,496.0,31.0,0.0,0.293,0.407,0.583,170.0,,,,,,,,,7833333.0,3.657,False
2023,alzolad01,Adbert Alzolay,CHC,P,RP,28.0,58.0,1.6,,,,,,,,64.0,0,22.0,2.67,160.0,3.02,1.016,67.0,744750.0,2.291,False
2023,anderbr06,Brian Anderson,MIL,H,3B,30.0,96.0,0.5,361.0,9.0,1.0,0.226,0.31,0.368,85.0,,,,,,,,,3500000.0,5.18,False
2023,anderch01,Chase Anderson,2TM,P,SP,35.0,19.0,0.6,,,,,,,,86.33,17.0,1.0,5.42,91.0,5.72,1.425,64.0,549682.0,7.936,False
2023,anderti01,Tim Anderson,CHW,H,SS,30.0,123.0,-1.8,524.0,1.0,13.0,0.245,0.286,0.296,62.0,,,,,,,,,12500000.0,6.669,False
2023,anderty01,Tyler Anderson,LAA,P,SP,33.0,27.0,0.2,,,,,,,,141.0,25.0,0.0,5.43,82.0,4.92,1.489,119.0,13000000.0,7.378,False
2023,andruel01,Elvis Andrus,CHW,H,2B,34.0,112.0,0.7,406.0,6.0,12.0,0.251,0.304,0.358,82.0,,,,,,,,,3000000.0,14.0,False
2023,arciaor01,Orlando Arcia,ATL,H,SS,28.0,139.0,1.7,533.0,17.0,1.0,0.264,0.321,0.42,99.0,,,,,,,,,2300000.0,5.663,False
2023,arenano01,Nolan Arenado,STL,H,3B,32.0,144.0,2.2,612.0,26.0,3.0,0.266,0.315,0.459,108.0,,,,,,,,,35000000.0,9.901,False
2023,ariasga01,Gabriel Arias,CLE,H,SS,23.0,122.0,-0.2,345.0,10.0,3.0,0.21,0.275,0.352,72.0,,,,,,,,,720100.0,0.11,False
2023,armstsh01,Shawn Armstrong,TBR,P,RP,32.0,39.0,1.7,,,,,,,,52.0,6.0,0.0,1.38,305.0,2.54,0.904,54.0,1200000.0,4.657,False
2023,arozara01,Randy Arozarena,TBR,H,LF,28.0,151.0,3.4,654.0,23.0,22.0,0.254,0.364,0.425,119.0,,,,,,,,,4150000.0,2.75,False
2023,arraelu01,Luis Arraez,MIA,H,2B,26.0,147.0,4.6,617.0,10.0,3.0,0.354,0.393,0.469,128.0,,,,,,,,,6100000.0,3.703,False
2023,ashcrgr01,Graham Ashcraft,CIN,P,SP,25.0,26.0,2.6,,,,,,,,145.67,26.0,0.0,4.76,98.0,5.06,1.373,111.0,722500.0,0.791,False
2023,assadja01,Javier Assad,CHC,P,RP,25.0,32.0,2.1,,,,,,,,109.33,10.0,0.0,3.05,140.0,4.29,1.226,94.0,721500.0,0.256,False
2023,avilape01,Pedro Avila,SDP,P,RP,26.0,14.0,0.4,,,,,,,,50.33,6.0,0.0,3.22,132.0,3.67,1.351,54.0,720000,0.0,True
2023,baddoak01,Akil Baddoo,DET,H,LF,24.0,112.0,0.7,357.0,11.0,14.0,0.218,0.31,0.372,88.0,,,,,,,,,,1.692,False
2023,baderha01,Harrison Bader,2TM,H,CF,29.0,98.0,0.6,344.0,7.0,20.0,0.232,0.274,0.348,69.0,,,,,,,,,5200000.0,5.174,False
2023,baeji01,Jihwan Bae,PIT,H,2B,23.0,111.0,-0.5,371.0,2.0,24.0,0.231,0.296,0.311,66.0,,,,,,,,,725000.0,0.076,False
2023,baezja01,Javier Báez,DET,H,SS,30.0,136.0,0.8,547.0,9.0,12.0,0.222,0.267,0.325,63.0,,,,,,,,,22000000.0,7.517,False
2023,bailepa01,Patrick Bailey,SFG,H,C,24.0,97.0,0.8,353.0,7.0,1.0,0.233,0.285,0.359,78.0,,,,,,,,,720000,0.0,True
2023,banksta01,Tanner Banks,CHW,P,RP,31.0,32.0,0.7,,,,,,,,61.0,3.0,1.0,4.43,100.0,4.7,1.23,51.0,720000,0.535,True
2023,barlosc01,Scott Barlow,2TM,P,RP,30.0,63.0,-0.1,,,,,,,,68.0,0,13.0,4.37,101.0,3.42,1.397,79.0,5300000.0,4.174,False
2023,barrija01,Jaime Barria,LAA,P,RP,26.0,34.0,-0.9,,,,,,,,82.33,6.0,0.0,5.68,79.0,6.07,1.47,62.0,1050000.0,3.203,False
2023,bassich01,Chris Bassitt,TOR,P,SP,34.0,33.0,2.6,,,,,,,,200.0,33.0,0.0,3.6,119.0,4.28,1.175,186.0,19000000.0,6.756,False
2023,batybr01,Brett Baty,NYM,H,3B,23.0,108.0,-0.7,389.0,9.0,2.0,0.212,0.275,0.323,66.0,,,,,,,,,720000,0.128,True
2023,baumami01,Mike Baumann,BAL,P,RP,27.0,60.0,0.6,,,,,,,,64.67,0,0.0,3.76,109.0,4.4,1.314,61.0,722300.0,0.471,False
2023,bautife01,Félix Bautista,BAL,P,RP,28.0,56.0,3.0,,,,,,,,61.0,0,33.0,1.48,277.0,1.88,0.918,110.0,731800.0,1.0,False
2023,becktr01,Tristan Beck,SFG,P,RP,27.0,33.0,1.1,,,,,,,,85.0,3.0,2.0,3.92,107.0,4.0,1.224,68.0,720000,0.0,True
2023,bednada01,David Bednar,PIT,P,RP,28.0,66.0,2.6,,,,,,,,67.33,0,39.0,2.0,224.0,2.53,1.099,80.0,745000.0,2.442,False
2023,bellico01,Cody Bellinger,CHC,H,CF,27.0,130.0,4.8,556.0,26.0,20.0,0.307,0.356,0.525,139.0,,,,,,,,,12500000.0,5.93,False
2023,belljo02,Josh Bell,2TM,H,DH,30.0,150.0,-0.1,617.0,22.0,0.0,0.247,0.325,0.419,101.0,,,,,,,,,16500000.0,6.308,False
2023,bellobr01,Brayan Bello,BOS,P,SP,24.0,28.0,3.1,,,,,,,,157.0,28.0,0.0,4.24,107.0,4.54,1.338,132.0,729500.0,0.477,False
2023,beltbr01,Brandon Belt,TOR,H,DH,35.0,103.0,2.0,404.0,19.0,0.0,0.254,0.369,0.49,135.0,,,,,,,,,9300000.0,11.744,False
2023,beninan01,Andrew Benintendi,CHW,H,LF,28.0,151.0,0.4,621.0,5.0,13.0,0.262,0.326,0.356,88.0,,,,,,,,,8600000.0,6.36,False
2023,bensowi01,Will Benson,CIN,H,RF,25.0,108.0,1.6,329.0,11.0,19.0,0.275,0.365,0.498,128.0,,,,,,,,,720000.0,0.384,False
2023,bernabr01,Brennan Bernardino,BOS,P,RP,31.0,55.0,1.3,,,,,,,,50.67,6.0,0.0,3.2,143.0,3.41,1.303,58.0,720000,0.0,True
2023,berrijo01,José Berríos,TOR,P,SP,29.0,32.0,2.5,,,,,,,,189.67,32.0,0.0,3.65,117.0,3.99,1.186,184.0,15714285.0,6.256,False
2023,bertijo01,Jon Berti,MIA,H,SS,33.0,133.0,2.2,424.0,7.0,16.0,0.294,0.344,0.405,98.0,,,,,,,,,2100000.0,3.977,False
2023,bethach01,Christian Bethancourt,TBR,H,C,31.0,104.0,0.6,332.0,11.0,1.0,0.225,0.254,0.381,73.0,0.33,0,0.0,81.0,11.0,42.26,9.0,0.0,1350000.0,3.221,False
2023,bettsmo01,Mookie Betts,LAD,H,RF,30.0,152.0,8.6,693.0,39.0,14.0,0.307,0.408,0.579,165.0,,,,,,,,,25416667.0,8.407,False
2023,bibeeta01,Tanner Bibee,CLE,P,SP,24.0,25.0,3.9,,,,,,,,142.0,25.0,0.0,2.98,143.0,3.52,1.176,141.0,,0.0,False
2023,bichebo01,Bo Bichette,TOR,H,SS,25.0,135.0,4.8,601.0,20.0,5.0,0.306,0.339,0.475,122.0,,,,,,,,,3933333.0,3.366,False
2023,bickfph01,Phil Bickford,2TM,P,RP,27.0,61.0,-0.2,,,,,,,,67.33,0,1.0,4.95,87.0,4.46,1.455,76.0,740000.0,1.779,False
2023,bidoos01,Osvaldo Bido,PIT,P,SP,27.0,16.0,-0.2,,,,,,,,50.67,9.0,0.0,5.86,77.0,4.1,1.5,48.0,720000,0.0,True
2023,biebesh01,Shane Bieber,CLE,P,SP,28.0,21.0,1.9,,,,,,,,128.0,21.0,0.0,3.8,112.0,3.87,1.234,107.0,10010000.0,4.564,False
2023,bielabr01,Brandon Bielak,HOU,P,SP,27.0,15.0,0.4,,,,,,,,80.0,13.0,0.0,3.83,111.0,5.19,1.525,62.0,720000,,True
2023,biggica01,Cavan Biggio,TOR,H,2B,28.0,111.0,0.6,338.0,9.0,5.0,0.235,0.34,0.37,97.0,,,,,,,,,2800000.0,3.75,False
2023,birdja01,Jake Bird,COL,P,RP,27.0,70.0,0.8,,,,,,,,89.33,3.0,0.0,4.33,115.0,3.55,1.354,77.0,722000.0,0.68,False
2023,blachty01,Ty Blach,COL,P,SP,32.0,20.0,0.2,,,,,,,,78.0,13.0,0.0,5.54,90.0,5.63,1.641,50.0,1100000.0,3.041,False
2023,blackch02,Charlie Blackmon,COL,H,DH,36.0,96.0,1.4,413.0,8.0,4.0,0.279,0.363,0.44,109.0,,,,,,,,,15000000.0,10.593,False
2023,blackpa01,Paul Blackburn,ATH,P,SP,29.0,21.0,1.6,,,,,,,,103.67,20.0,0.0,4.43,95.0,3.96,1.543,104.0,1900000.0,3.105,False
2023,blancro01,Ronel Blanco,HOU,P,RP,29.0,17.0,0.2,,,,,,,,52.0,7.0,0.0,4.5,95.0,5.99,1.481,52.0,721200.0,0.145,False
2023,bledajj01,JJ Bleday,ATH,H,LF,25.0,82.0,-0.1,303.0,10.0,5.0,0.195,0.31,0.355,88.0,,,,,,,,,720000,0.32,True
2023,bogaexa01,Xander Bogaerts,SDP,H,SS,30.0,155.0,4.2,665.0,19.0,19.0,0.285,0.35,0.44,117.0,,,,,,,,,25454545.0,9.244,False
2023,bohmal01,Alec Bohm,PHI,H,3B,26.0,145.0,0.5,611.0,20.0,4.0,0.274,0.327,0.437,107.0,,,,,,,,,748000.0,2.616,False
2023,boydma01,Matthew Boyd,DET,P,SP,32.0,15.0,-0.2,,,,,,,,71.0,15.0,0.0,5.45,80.0,4.35,1.324,73.0,10000000.0,6.791,False
2023,bradfco01,Cody Bradford,TEX,P,RP,25.0,20.0,-0.1,,,,,,,,56.0,8.0,0.0,5.3,81.0,4.68,1.214,51.0,720000,0.0,True
2023,bradiky01,Kyle Bradish,BAL,P,SP,26.0,30.0,4.8,,,,,,,,168.67,30.0,0.0,2.83,144.0,3.27,1.043,168.0,728100.0,0.93,False
2023,bradlta01,Taj Bradley,TBR,P,SP,22.0,23.0,-0.4,,,,,,,,104.67,21.0,0.0,5.59,75.0,4.79,1.385,129.0,720000,0.0,True
2023,brashma01,Matt Brash,SEA,P,RP,25.0,78.0,1.2,,,,,,,,70.67,0,4.0,3.06,130.0,2.26,1.33,107.0,725800.0,0.703,False
2023,brasiry01,Ryan Brasier,2TM,P,RP,35.0,59.0,1.3,,,,,,,,59.67,0,2.0,3.02,147.0,3.14,1.022,56.0,2000000.0,5.634,False
2023,brazohu01,Huascar Brazobán,MIA,P,RP,33.0,50.0,1.1,,,,,,,,58.67,0,0.0,4.14,114.0,3.94,1.432,65.0,724000.0,0.43,False
2023,bregmal01,Alex Bregman,HOU,H,3B,29.0,161.0,4.9,724.0,25.0,3.0,0.262,0.363,0.441,122.0,,,,,,,,,30500000.0,6.407,False
2023,brennwi02,Will Brennan,CLE,H,RF,25.0,138.0,0.3,455.0,5.0,13.0,0.266,0.299,0.356,81.0,,,,,,,,,720100.0,0.087,False
2023,britojh01,Jhony Brito,NYY,P,SP,25.0,25.0,0.7,,,,,,,,90.33,13.0,1.0,4.28,101.0,4.74,1.218,72.0,720000,0.0,True
2023,brownhu01,Hunter Brown,HOU,P,SP,24.0,31.0,0.1,,,,,,,,155.67,29.0,0.0,5.09,83.0,4.37,1.362,178.0,725000.0,0.203,False
2023,brownse01,Seth Brown,ATH,H,RF,30.0,112.0,0.3,378.0,14.0,3.0,0.222,0.286,0.405,93.0,,,,,,,,,730000.0,2.605,False
2023,bryankr01,Kris Bryant,COL,H,RF,31.0,80.0,-1.0,335.0,10.0,0.0,0.233,0.313,0.367,77.0,,,,,,,,,28000000.0,7.994,False
2023,bummeaa01,Aaron Bummer,CHW,P,RP,29.0,61.0,-1.0,,,,,,,,58.33,0,0.0,6.79,65.0,3.58,1.526,78.0,3750000.0,4.872,False
2023,burgeja01,Jake Burger,2TM,H,3B,27.0,141.0,2.5,540.0,34.0,1.0,0.25,0.309,0.518,119.0,,,,,,,,,720000,0.738,True
2023,burkebr01,Brock Burke,TEX,P,RP,26.0,53.0,-0.1,,,,,,,,59.67,0,0.0,4.37,98.0,4.9,1.223,52.0,742840.0,2.378,False
2023,burleal01,Alec Burleson,STL,H,LF,24.0,107.0,-0.8,347.0,8.0,3.0,0.244,0.3,0.39,87.0,1.67,0,0.0,21.6,25.0,9.86,4.8,1.0,721450.0,0.169,False
2023,burneco01,Corbin Burnes,MIL,P,SP,28.0,32.0,3.5,,,,,,,,193.67,32.0,0.0,3.39,127.0,3.81,1.069,200.0,10010000.0,4.285,False
2023,buxtoby01,Byron Buxton,MIN,H,DH,29.0,85.0,0.7,347.0,17.0,9.0,0.207,0.294,0.438,97.0,,,,,,,,,15142857.0,6.93,False
2023,cabreed02,Edward Cabrera,MIA,P,SP,25.0,22.0,2.0,,,,,,,,99.67,20.0,0.0,4.24,111.0,4.43,1.445,118.0,731000.0,0.977,False
2023,cabrege01,Génesis Cabrera,2TM,P,RP,26.0,61.0,0.2,,,,,,,,55.67,0,0.0,4.04,109.0,4.44,1.311,58.0,950000.0,3.064,False
2023,cabremi01,Miguel Cabrera,DET,H,DH,40.0,98.0,-0.3,370.0,4.0,0.0,0.257,0.322,0.353,87.0,,,,,,,,,32000000.0,19.587,False
2023,cabreos01,Oswaldo Cabrera,NYY,H,LF,24.0,115.0,-1.5,330.0,5.0,8.0,0.211,0.275,0.299,58.0,,,,,,,,,742100.0,0.291,False
2023,callal02,Alex Call,WSN,H,CF,28.0,128.0,1.0,439.0,8.0,9.0,0.2,0.307,0.307,72.0,,,,,,,,,721800.0,0.5,False
2023,candeje01,Jeimer Candelario,2TM,H,3B,29.0,140.0,3.3,576.0,22.0,8.0,0.251,0.336,0.471,121.0,,,,,,,,,5000000.0,5.221,False
2023,canhama01,Mark Canha,2TM,H,LF,34.0,139.0,2.2,507.0,11.0,11.0,0.262,0.355,0.4,108.0,,,,,,,,,11500000.0,7.535,False
2023,cannigr01,Griffin Canning,LAA,P,SP,27.0,24.0,2.0,,,,,,,,127.0,22.0,0.0,4.32,103.0,4.29,1.236,139.0,850000.0,3.436,False
2023,canoye01,Yennier Cano,BAL,P,RP,29.0,72.0,2.4,,,,,,,,72.67,0,8.0,2.11,194.0,2.84,1.005,65.0,720000,0.378,True
2023,carpeke01,Kerry Carpenter,DET,H,RF,25.0,118.0,2.1,459.0,20.0,6.0,0.278,0.34,0.471,122.0,,,,,,,,,723700.0,0.331,False
2023,carraca01,Carlos Carrasco,NYM,P,SP,36.0,20.0,-1.4,,,,,,,,90.0,20.0,0.0,6.8,61.0,5.86,1.7,66.0,14000000.0,11.855,False
2023,carroco02,Corbin Carroll,ARI,H,LF,22.0,155.0,5.3,645.0,25.0,54.0,0.285,0.362,0.506,133.0,,,,,,,,,1625000.0,0.221,False
2023,casastr01,Triston Casas,BOS,H,1B,23.0,132.0,2.2,502.0,24.0,0.0,0.263,0.367,0.49,129.0,,,,,,,,,723500.0,0.186,False
2023,casteni01,Nick Castellanos,PHI,H,RF,31.0,157.0,1.5,671.0,29.0,11.0,0.272,0.311,0.476,112.0,,,,,,,,,20000000.0,9.169,False
2023,castilu02,Luis Castillo,SEA,P,SP,30.0,33.0,3.2,,,,,,,,197.0,33.0,0.0,3.34,118.0,3.81,1.096,219.0,11400000.0,5.587,False
2023,castrmi01,Miguel Castro,ARI,P,RP,28.0,75.0,0.4,,,,,,,,64.67,0,7.0,4.31,102.0,4.31,1.175,60.0,3500000.0,6.459,False
2023,castrwi01,Willi Castro,MIN,H,LF,26.0,124.0,2.5,409.0,9.0,33.0,0.257,0.339,0.411,105.0,2.33,0,0.0,11.57,43.0,5.83,2.143,0.0,1800000.0,3.099,False
2023,ceasedy01,Dylan Cease,CHW,P,SP,27.0,33.0,2.2,,,,,,,,177.0,33.0,0.0,4.58,97.0,3.72,1.418,214.0,5700000.0,3.517,False
2023,chafian01,Andrew Chafin,2TM,P,RP,33.0,63.0,-0.2,,,,,,,,51.33,0,8.0,4.73,93.0,4.01,1.422,63.0,5500000.0,8.116,False
2023,chapmar01,Aroldis Chapman,2TM,P,RP,35.0,61.0,1.3,,,,,,,,58.33,0,6.0,3.09,143.0,2.52,1.251,103.0,3750000.0,12.052,False
2023,chapmma01,Matt Chapman,TOR,H,3B,30.0,140.0,4.3,581.0,17.0,4.0,0.24,0.33,0.424,107.0,,,,,,,,,12500000.0,5.634,False
2023,chiriyo01,Yonny Chirinos,2TM,P,RP,29.0,20.0,-0.4,,,,,,,,85.0,9.0,0.0,5.4,79.0,5.43,1.388,53.0,1275000.0,4.797,False
2023,chishja01,Jazz Chisholm Jr.,MIA,H,CF,25.0,97.0,1.0,383.0,19.0,22.0,0.25,0.304,0.457,99.0,,,,,,,,,749500.0,2.436,False
2023,cisnejo01,José Cisnero,DET,P,RP,34.0,63.0,-0.4,,,,,,,,59.33,0,2.0,5.31,82.0,4.6,1.483,70.0,2287500.0,5.116,False
2023,civalaa01,Aaron Civale,2TM,P,SP,28.0,23.0,2.6,,,,,,,,122.33,23.0,0.0,3.46,123.0,3.57,1.161,116.0,2600000.0,3.337,False
2023,clarkta01,Taylor Clarke,KCR,P,RP,30.0,58.0,-0.9,,,,,,,,59.0,2.0,3.0,5.95,75.0,5.07,1.61,65.0,1150000.0,3.698,False
2023,claseem01,Emmanuel Clase,CLE,P,RP,25.0,75.0,0.7,,,,,,,,72.67,0,44.0,3.22,132.0,2.91,1.156,64.0,1900000.0,2.343,False
2023,clevimi01,Mike Clevinger,CHW,P,SP,32.0,24.0,3.2,,,,,,,,131.33,24.0,0.0,3.77,117.0,4.28,1.226,110.0,8000000.0,6.192,False
2023,cobbal01,Alex Cobb,SFG,P,SP,35.0,28.0,2.5,,,,,,,,151.33,28.0,0.0,3.87,108.0,4.01,1.322,131.0,9000000.0,11.355,False
2023,colege01,Gerrit Cole,NYY,P,SP,32.0,33.0,7.4,,,,,,,,209.0,33.0,0.0,2.63,165.0,3.16,0.981,222.0,36000000.0,9.645,False
2023,confomi01,Michael Conforto,SFG,H,RF,30.0,125.0,0.8,470.0,15.0,4.0,0.239,0.334,0.384,100.0,,,,,,,,,18000000.0,6.25,False
2023,contrro01,Roansy Contreras,PIT,P,SP,23.0,19.0,-0.5,,,,,,,,68.33,11.0,1.0,6.59,68.0,5.19,1.566,55.0,725000.0,0.651,False
2023,contrwi01,Willson Contreras,STL,H,C,31.0,125.0,3.3,495.0,20.0,6.0,0.264,0.358,0.467,123.0,,,,,,,,,10000000.0,6.628,False
2023,contrwi02,William Contreras,MIL,H,C,25.0,141.0,3.7,611.0,17.0,6.0,0.289,0.367,0.457,124.0,,,,,,,,,739000.0,1.651,False
2023,coopega03,Garrett Cooper,2TM,H,1B,32.0,123.0,-0.3,457.0,17.0,0.0,0.251,0.304,0.419,92.0,,,,,,,,,3900000.0,5.308,False
2023,corbipa01,Patrick Corbin,WSN,P,SP,33.0,32.0,0.3,,,,,,,,180.0,32.0,0.0,5.2,82.0,5.28,1.483,124.0,24416667.0,10.61,False
2023,correca01,Carlos Correa,MIN,H,SS,28.0,135.0,1.3,580.0,18.0,0.0,0.23,0.312,0.399,94.0,,,,,,,,,33333333.0,7.692,False
2023,cortene01,Nestor Cortes,NYY,P,SP,28.0,12.0,0.5,,,,,,,,63.33,12.0,0.0,4.97,87.0,4.49,1.247,67.0,3200000.0,3.547,False
2023,cosgrto01,Tom Cosgrove,SDP,P,RP,27.0,54.0,1.5,,,,,,,,51.33,0,1.0,1.75,242.0,3.7,0.974,44.0,720000,0.0,True
2023,couloda01,Danny Coulombe,BAL,P,RP,33.0,61.0,1.1,,,,,,,,51.33,0,2.0,2.81,146.0,2.83,1.11,58.0,1000000.0,4.047,False
2023,crawfbr01,Brandon Crawford,SFG,H,SS,36.0,93.0,-1.3,320.0,7.0,3.0,0.194,0.273,0.314,63.0,1.0,0,0.0,0.0,,6.26,2.0,0.0,16000000.0,11.547,False
2023,crawfjp01,J.P. Crawford,SEA,H,SS,28.0,145.0,5.2,638.0,19.0,2.0,0.266,0.38,0.438,133.0,,,,,,,,,11000000.0,4.948,False
2023,crawfku01,Kutter Crawford,BOS,P,SP,27.0,31.0,2.5,,,,,,,,129.33,23.0,0.0,4.04,113.0,3.83,1.106,135.0,730000.0,0.791,False
2023,croneja01,Jake Cronenworth,SDP,H,1B,29.0,127.0,0.8,522.0,10.0,6.0,0.229,0.312,0.378,89.0,,,,,,,,,4225000.0,3.0,False
2023,cruzfe01,Fernando Cruz,CIN,P,RP,33.0,58.0,0.3,,,,,,,,66.0,2.0,0.0,4.91,95.0,2.83,1.212,98.0,720000.0,0.203,False
2023,cuasjo01,José Cuas,2TM,P,RP,29.0,72.0,0.9,,,,,,,,65.33,2.0,1.0,3.99,111.0,4.6,1.5,71.0,726000.0,0.75,False
2023,cuetojo01,Johnny Cueto,MIA,P,SP,37.0,13.0,0,,,,,,,,52.33,10.0,0.0,6.02,78.0,7.02,1.261,39.0,6000000.0,14.831,False
2023,curryxz01,Xzavion Curry,CLE,P,RP,24.0,41.0,0.7,,,,,,,,95.0,9.0,0.0,4.07,104.0,4.5,1.347,67.0,720100.0,0.017,False
2023,darviyu01,Yu Darvish,SDP,P,SP,36.0,24.0,0.9,,,,,,,,136.33,24.0,0.0,4.56,93.0,4.03,1.298,141.0,25000000.0,11.0,False
2023,davidtu01,Tucker Davidson,2TM,P,RP,27.0,38.0,-0.4,,,,,,,,51.33,1.0,2.0,5.96,76.0,4.27,1.617,46.0,740000.0,1.227,False
2023,davieza02,Zach Davies,ARI,P,SP,30.0,18.0,-1.4,,,,,,,,82.33,18.0,0.0,7.0,63.0,4.58,1.664,72.0,5250000.0,7.116,False
2023,davisjd01,J.D. Davis,SFG,H,3B,30.0,144.0,0.9,546.0,18.0,1.0,0.248,0.325,0.413,104.0,,,,,,,,,4210000.0,4.797,False
2023,dejonpa01,Paul DeJong,3TM,H,SS,29.0,112.0,-0.5,400.0,14.0,4.0,0.207,0.258,0.355,66.0,,,,,,,,,9166666.0,5.331,False
2023,delacbr01,Bryan De La Cruz,MIA,H,LF,26.0,153.0,-0.7,626.0,19.0,4.0,0.257,0.304,0.411,88.0,,,,,,,,,736000.0,1.326,False
2023,delacel01,Elly De La Cruz,CIN,H,SS,21.0,98.0,0.7,427.0,13.0,35.0,0.235,0.3,0.41,87.0,,,,,,,,,720000,0.0,True
2023,delosen01,Enyel De Los Santos,CLE,P,RP,27.0,70.0,1.2,,,,,,,,65.67,0,0.0,3.29,130.0,3.48,1.142,62.0,750000.0,2.087,False
2023,desclan01,Anthony DeSclafani,SFG,P,SP,33.0,19.0,0.1,,,,,,,,99.67,18.0,0.0,4.88,86.0,4.35,1.254,79.0,12000000.0,8.36,False
2023,detmere01,Reid Detmers,LAA,P,SP,23.0,28.0,2.2,,,,,,,,148.67,28.0,0.0,4.48,100.0,4.13,1.352,168.0,740000.0,1.372,False
2023,deverra01,Rafael Devers,BOS,H,3B,26.0,153.0,3.5,656.0,33.0,5.0,0.271,0.351,0.5,126.0,,,,,,,,,17500000.0,5.407,False
2023,diazal02,Aledmys Díaz,ATH,H,3B,32.0,109.0,-1.0,344.0,4.0,1.0,0.229,0.28,0.337,74.0,,,,,,,,,6500000.0,6.581,False
2023,diazal03,Alexis Díaz,CIN,P,RP,26.0,71.0,1.9,,,,,,,,67.33,0,37.0,3.07,152.0,3.52,1.188,86.0,730000.0,1.0,False
2023,diazel01,Elias Díaz,COL,H,C,32.0,141.0,1.5,526.0,14.0,1.0,0.267,0.316,0.409,87.0,,,,,,,,,5500000.0,6.512,False
2023,diazya01,Yandy Díaz,TBR,H,1B,31.0,137.0,5.1,600.0,22.0,0.0,0.33,0.41,0.522,157.0,,,,,,,,,6000000.0,4.709,False
2023,diazya02,Yainer Diaz,HOU,H,C,24.0,104.0,3.2,377.0,23.0,0.0,0.282,0.308,0.538,128.0,,,,,,,,,720300.0,0.203,False
2023,diekmja01,Jake Diekman,2TM,P,RP,36.0,63.0,0.2,,,,,,,,56.67,0,0.0,3.34,129.0,3.75,1.324,64.0,3500000.0,10.291,False
2023,dominse01,Seranthony Domínguez,PHI,P,RP,28.0,57.0,0.4,,,,,,,,50.0,0,2.0,3.78,114.0,4.84,1.4,48.0,2500000.0,4.762,False
2023,donovbr01,Brendan Donovan,STL,H,2B,26.0,95.0,1.9,371.0,11.0,5.0,0.284,0.365,0.422,114.0,,,,,,,,,728600.0,1.0,False
2023,dovalca01,Camilo Doval,SFG,P,RP,25.0,69.0,1.4,,,,,,,,67.67,0,39.0,2.93,143.0,2.77,1.138,87.0,735000.0,1.413,False
2023,doylebr02,Brenton Doyle,COL,H,CF,25.0,126.0,0.8,431.0,10.0,22.0,0.203,0.25,0.343,53.0,,,,,,,,,,0.0,False
2023,drurybr01,Brandon Drury,LAA,H,2B,30.0,125.0,2.0,523.0,26.0,0.0,0.262,0.306,0.497,114.0,,,,,,,,,8500000.0,6.006,False
2023,dubonma01,Mauricio Dubón,HOU,H,2B,28.0,132.0,2.7,492.0,10.0,7.0,0.278,0.309,0.411,97.0,,,,,,,,,1400000.0,2.942,False
2023,dunnida01,Dane Dunning,TEX,P,SP,28.0,35.0,2.7,,,,,,,,172.67,26.0,0.0,3.7,116.0,4.27,1.263,140.0,742840.0,2.483,False
2023,duranez01,Ezequiel Durán,TEX,H,SS,24.0,122.0,1.1,439.0,14.0,8.0,0.276,0.324,0.443,110.0,,,,,,,,,724170.0,0.419,False
2023,duranja01,Jarren Duran,BOS,H,CF,26.0,102.0,2.2,362.0,8.0,24.0,0.295,0.346,0.482,121.0,,,,,,,,,,0.901,False
2023,duranjh01,Jhoan Duran,MIN,P,RP,25.0,59.0,2.0,,,,,,,,62.33,0,27.0,2.45,179.0,3.21,1.139,84.0,720000.0,1.0,False
2023,duvalad01,Adam Duvall,BOS,H,CF,34.0,92.0,1.6,353.0,21.0,4.0,0.247,0.303,0.531,119.0,,,,,,,,,7000000.0,6.878,False
2023,edmanto01,Tommy Edman,STL,H,2B,28.0,137.0,2.1,528.0,13.0,27.0,0.248,0.307,0.399,91.0,,,,,,,,,4200000.0,3.663,False
2023,eflinza01,Zach Eflin,TBR,P,SP,29.0,31.0,3.6,,,,,,,,177.67,31.0,0.0,3.5,120.0,3.01,1.024,186.0,11000000.0,6.105,False
2023,elderbr01,Bryce Elder,ATL,P,SP,24.0,31.0,2.7,,,,,,,,174.67,31.0,0.0,3.81,114.0,4.42,1.277,128.0,720000,0.233,True
2023,englema01,Mason Englert,DET,P,RP,23.0,31.0,-0.6,,,,,,,,56.0,1.0,0.0,5.46,80.0,5.59,1.5,41.0,720000,0.0,True
2023,eovalna01,Nathan Eovaldi,TEX,P,SP,33.0,25.0,2.8,,,,,,,,144.0,25.0,0.0,3.63,118.0,3.88,1.139,132.0,16000000.0,11.076,False
2023,erceglu01,Lucas Erceg,ATH,P,RP,28.0,50.0,0,,,,,,,,55.0,0,0.0,4.75,89.0,3.31,1.582,68.0,720000,0.0,True
2023,escobed01,Eduardo Escobar,2TM,H,3B,34.0,99.0,-1.0,309.0,6.0,2.0,0.226,0.269,0.344,67.0,3.67,0,0.0,2.45,198.0,4.89,0.818,0.0,9500000.0,10.744,False
2023,estevca01,Carlos Estévez,LAA,P,RP,30.0,63.0,0.6,,,,,,,,62.33,0,31.0,3.9,115.0,3.94,1.492,78.0,6750000.0,6.128,False
2023,estrath01,Thairo Estrada,SFG,H,2B,27.0,120.0,2.5,530.0,14.0,23.0,0.271,0.315,0.416,102.0,,,,,,,,,2250000.0,2.983,False
2023,faedoal01,Alex Faedo,DET,P,SP,27.0,15.0,0.5,,,,,,,,64.67,12.0,0.0,4.45,98.0,4.85,1.052,58.0,720000,0.0,True
2023,falteba01,Bailey Falter,2TM,P,SP,26.0,18.0,-0.2,,,,,,,,80.67,14.0,0.0,5.36,83.0,5.25,1.413,60.0,733000.0,1.186,False
2023,farmebu01,Buck Farmer,CIN,P,RP,32.0,71.0,1.1,,,,,,,,75.0,0,3.0,4.2,111.0,4.62,1.16,70.0,1750000.0,5.814,False
2023,farmeky01,Kyle Farmer,MIN,H,2B,32.0,120.0,1.7,369.0,11.0,2.0,0.256,0.317,0.408,97.0,,,,,,,,,5585000.0,4.75,False
2023,ferguca01,Caleb Ferguson,LAD,P,RP,26.0,68.0,0.1,,,,,,,,60.33,7.0,3.0,3.43,126.0,3.34,1.442,70.0,1100000.0,4.541,False
2023,finneky01,Kyle Finnegan,WSN,P,RP,31.0,67.0,0.9,,,,,,,,69.33,0,28.0,3.76,114.0,4.58,1.298,63.0,2325000.0,3.0,False
2023,flaheja01,Jack Flaherty,2TM,P,SP,27.0,29.0,0.8,,,,,,,,144.33,27.0,0.0,4.99,87.0,4.36,1.58,148.0,5400000.0,5.035,False
2023,flemijo01,Josh Fleming,TBR,P,RP,27.0,12.0,0,,,,,,,,51.67,3.0,0.0,4.7,90.0,5.66,1.452,25.0,727000.0,2.047,False
2023,flexech01,Chris Flexen,2TM,P,SP,28.0,29.0,-1.1,,,,,,,,102.33,16.0,0.0,6.86,67.0,6.22,1.671,74.0,8000000.0,2.622,False
2023,florewi01,Wilmer Flores,SFG,H,1B,31.0,126.0,2.7,454.0,23.0,0.0,0.284,0.355,0.509,137.0,,,,,,,,,6500000.0,9.017,False
2023,florody01,Dylan Floro,2TM,P,RP,32.0,62.0,0,,,,,,,,56.67,0,7.0,4.76,98.0,2.96,1.535,58.0,4200000.0,5.308,False
2023,foleyja01,Jason Foley,DET,P,RP,27.0,70.0,2.0,,,,,,,,69.0,0,7.0,2.61,167.0,2.73,1.159,55.0,726200.0,1.192,False
2023,forteni01,Nick Fortes,MIA,H,C,26.0,108.0,-0.3,323.0,6.0,4.0,0.204,0.263,0.299,49.0,,,,,,,,,730000.0,0.866,False
2023,fraleja01,Jake Fraley,CIN,H,RF,28.0,111.0,0.8,380.0,15.0,21.0,0.256,0.339,0.443,107.0,,,,,,,,,740000.0,2.564,False
2023,francjp01,J.P. France,HOU,P,SP,28.0,24.0,1.6,,,,,,,,136.33,23.0,0.0,3.83,111.0,4.66,1.357,101.0,720000,0.0,True
2023,francty01,Ty France,SEA,H,1B,28.0,158.0,0.9,665.0,12.0,1.0,0.25,0.337,0.366,101.0,,,,,,,,,4100000.0,3.517,False
2023,francwa01,Wander Franco,TBR,H,SS,22.0,112.0,5.4,491.0,17.0,30.0,0.281,0.344,0.475,125.0,,,,,,,,,2454546.0,1.605,False
2023,fraziad01,Adam Frazier,BAL,H,2B,31.0,141.0,1.7,455.0,13.0,11.0,0.24,0.3,0.396,94.0,,,,,,,,,8000000.0,6.436,False
2023,freelky01,Kyle Freeland,COL,P,SP,30.0,29.0,1.4,,,,,,,,155.67,29.0,0.0,5.03,99.0,5.3,1.471,94.0,10500000.0,5.837,False
2023,freemfr01,Freddie Freeman,LAD,H,1B,33.0,161.0,6.8,730.0,29.0,23.0,0.331,0.41,0.567,163.0,,,,,,,,,27000000.0,12.192,False
2023,friedma01,Max Fried,ATL,P,SP,29.0,14.0,2.5,,,,,,,,77.67,14.0,0.0,2.55,171.0,3.14,1.133,80.0,13500000.0,4.86,False
2023,friedtj01,TJ Friedl,CIN,H,CF,27.0,138.0,3.6,556.0,18.0,27.0,0.279,0.352,0.467,117.0,,,,,,,,,722500.0,0.651,False
2023,fujinsh01,Shintaro Fujinami,2TM,P,RP,29.0,64.0,-2.0,,,,,,,,79.0,7.0,2.0,7.18,58.0,4.61,1.494,83.0,3250000.0,0.0,False
2023,fulmemi01,Michael Fulmer,CHC,P,RP,30.0,58.0,0,1.0,,,,,,,57.0,1.0,2.0,4.42,97.0,4.15,1.333,65.0,4000000.0,6.913,False
2023,gallegi01,Giovanny Gallegos,STL,P,RP,31.0,56.0,0.4,,,,,,,,55.0,0,10.0,4.42,100.0,4.36,1.2,59.0,4750000.0,4.494,False
2023,galleza01,Zac Gallen,ARI,P,SP,27.0,34.0,4.4,,,,,,,,210.0,34.0,0.0,3.47,126.0,3.26,1.119,220.0,5600000.0,3.581,False
2023,gallojo01,Joey Gallo,MIN,H,1B,29.0,111.0,0.5,332.0,21.0,1.0,0.177,0.301,0.44,100.0,,,,,,,,,11000000.0,6.599,False
2023,garciad02,Adolis García,TEX,H,RF,30.0,148.0,4.5,632.0,39.0,9.0,0.245,0.328,0.508,127.0,,,,,,,,,747760.0,2.552,False
2023,garcilu03,Luis García,SDP,P,RP,36.0,61.0,0.2,,,,,,,,59.67,0,0.0,4.07,104.0,4.29,1.391,53.0,3750000.0,7.041,False
2023,garcilu04,Luis García Jr.,WSN,H,2B,23.0,122.0,0.7,482.0,9.0,9.0,0.266,0.304,0.385,90.0,,,,,,,,,738600.0,1.953,False
2023,garcima01,Maikel Garcia,KCR,H,3B,23.0,123.0,1.1,515.0,4.0,23.0,0.272,0.323,0.358,86.0,,,,,,,,,,0.0,False
2023,garciyi01,Yimi García,TOR,P,RP,32.0,73.0,0,,,,,,,,66.0,0,3.0,4.09,105.0,3.39,1.242,79.0,5500000.0,7.866,False
2023,garrebr01,Braxton Garrett,MIA,P,SP,25.0,31.0,4.3,,,,,,,,159.67,30.0,0.0,3.66,128.0,3.68,1.146,156.0,732000.0,0.977,False
2023,garvemi01,Mitch Garver,TEX,H,DH,32.0,87.0,2.3,344.0,19.0,0.0,0.27,0.37,0.5,138.0,,,,,,,,,3900000.0,5.262,False
2023,gausmke01,Kevin Gausman,TOR,P,SP,32.0,31.0,3.5,,,,,,,,185.0,31.0,0.0,3.16,136.0,2.97,1.178,237.0,21000000.0,8.878,False
2023,gelofza01,Zack Gelof,ATH,H,2B,23.0,69.0,2.5,300.0,14.0,14.0,0.267,0.337,0.504,134.0,,,,,,,,,720000,0.0,True
2023,germado01,Domingo Germán,NYY,P,SP,30.0,20.0,0.7,,,,,,,,108.67,19.0,0.0,4.56,95.0,4.65,1.077,114.0,2600000.0,4.099,False
2023,gibauia01,Ian Gibaut,CIN,P,RP,29.0,74.0,2.0,,,,,,,,75.67,0,3.0,3.33,140.0,4.07,1.282,69.0,730000.0,1.448,False
2023,gibsoky01,Kyle Gibson,BAL,P,SP,35.0,33.0,0.7,,,,,,,,192.0,33.0,0.0,4.73,86.0,4.13,1.318,157.0,10000000.0,9.227,False
2023,gilbelo01,Logan Gilbert,SEA,P,SP,26.0,32.0,2.8,,,,,,,,190.67,32.0,0.0,3.73,106.0,3.85,1.075,189.0,767300.0,1.837,False
2023,gimenan01,Andrés Giménez,CLE,H,2B,24.0,153.0,5.0,616.0,15.0,30.0,0.251,0.314,0.399,96.0,,,,,,,,,1571429.0,2.616,False
2023,ginkeke01,Kevin Ginkel,ARI,P,RP,29.0,60.0,1.3,,,,,,,,65.33,0,4.0,2.48,178.0,2.86,0.98,70.0,746600.0,2.192,False
2023,giolilu01,Lucas Giolito,3TM,P,SP,28.0,33.0,1.6,,,,,,,,184.33,33.0,0.0,4.88,90.0,5.27,1.313,204.0,10400000.0,5.465,False
2023,glasnty01,Tyler Glasnow,TBR,P,SP,29.0,21.0,2.1,,,,,,,,120.0,21.0,0.0,3.53,119.0,2.91,1.083,162.0,5350000.0,5.919,False
2023,goldspa01,Paul Goldschmidt,STL,H,1B,35.0,154.0,3.3,687.0,25.0,11.0,0.268,0.363,0.447,120.0,,,,,,,,,26000000.0,11.343,False
2023,gombeau01,Austin Gomber,COL,P,SP,29.0,27.0,0.8,,,,,,,,139.0,27.0,0.0,5.5,90.0,5.43,1.489,87.0,1650000.0,3.645,False
2023,gomesya01,Yan Gomes,CHC,H,C,35.0,116.0,2.0,419.0,10.0,1.0,0.267,0.315,0.408,98.0,,,,,,,,,6000000.0,10.483,False
2023,gonsoto01,Tony Gonsolin,LAD,P,SP,29.0,20.0,-0.2,,,,,,,,103.0,20.0,0.0,4.98,87.0,5.43,1.223,82.0,3250000.0,2.884,False
2023,gonzama02,Marco Gonzales,SEA,P,SP,31.0,10.0,-0.5,,,,,,,,50.0,10.0,0.0,5.22,76.0,4.28,1.46,34.0,6750000.0,5.593,False
2023,gorema01,MacKenzie Gore,WSN,P,SP,24.0,27.0,1.9,,,,,,,,136.33,27.0,0.0,4.42,96.0,4.89,1.401,151.0,723300.0,1.0,False
2023,gormano01,Nolan Gorman,STL,H,2B,23.0,119.0,2.4,464.0,27.0,7.0,0.236,0.328,0.478,116.0,,,,,,,,,726950.0,0.808,False
2023,gotttr01,Trevor Gott,2TM,P,RP,30.0,64.0,-0.2,,,,,,,,58.0,0,1.0,4.19,98.0,3.2,1.414,62.0,1200000.0,4.331,False
2023,gourryu01,Yuli Gurriel,MIA,H,1B,39.0,108.0,-0.7,329.0,4.0,4.0,0.245,0.304,0.359,76.0,,,,,,,,,1250000.0,6.25,False
2023,grandya01,Yasmani Grandal,CHW,H,C,34.0,118.0,-0.6,405.0,8.0,0.0,0.234,0.309,0.339,79.0,,,,,,,,,18250000.0,10.669,False
2023,gratebr01,Brusdar Graterol,LAD,P,RP,24.0,68.0,2.5,,,,,,,,67.33,1.0,7.0,1.2,359.0,3.03,0.965,48.0,1225000.0,2.971,False
2023,graveke01,Kendall Graveman,2TM,P,RP,32.0,68.0,1.4,,,,,,,,66.33,0,8.0,3.12,141.0,4.88,1.312,66.0,8000000.0,7.453,False
2023,grayjo02,Jon Gray,TEX,P,SP,31.0,29.0,1.7,,,,,,,,157.33,29.0,0.0,4.12,104.0,4.47,1.29,142.0,15000000.0,7.36,False
2023,grayjo03,Josiah Gray,WSN,P,SP,25.0,30.0,3.0,,,,,,,,159.0,30.0,0.0,3.91,109.0,4.93,1.459,143.0,730000.0,1.436,False
2023,grayso01,Sonny Gray,MIN,P,SP,33.0,32.0,5.6,,,,,,,,184.0,32.0,0.0,2.79,157.0,2.83,1.147,183.0,,9.355,False
2023,greenhu01,Hunter Greene,CIN,P,SP,23.0,22.0,1.0,,,,,,,,112.0,22.0,0.0,4.82,97.0,4.25,1.42,152.0,1333333.0,1.0,False
2023,greenri03,Riley Greene,DET,H,CF,22.0,99.0,1.9,416.0,11.0,7.0,0.288,0.349,0.447,119.0,,,,,,,,,727800.0,0.64,False
2023,greinza01,Zack Greinke,KCR,P,SP,39.0,30.0,1.1,,,,,,,,142.33,27.0,0.0,5.06,88.0,4.74,1.272,97.0,8500000.0,18.331,False
2023,grichra01,Randal Grichuk,2TM,H,LF,31.0,118.0,1.4,471.0,16.0,2.0,0.267,0.321,0.459,104.0,,,,,,,,,10333334.0,8.192,False
2023,grishtr01,Trent Grisham,SDP,H,CF,26.0,153.0,1.8,555.0,13.0,15.0,0.198,0.315,0.352,84.0,,,,,,,,,3175000.0,3.349,False
2023,grossro01,Robbie Grossman,TEX,H,LF,33.0,115.0,0.1,420.0,10.0,1.0,0.238,0.34,0.394,103.0,,,,,,,,,2000000.0,8.349,False
2023,grovemi01,Michael Grove,LAD,P,SP,26.0,18.0,-0.8,,,,,,,,69.0,12.0,0.0,6.13,70.0,4.36,1.478,73.0,722500.0,0.18,False
2023,guerrvl02,Vladimir Guerrero Jr.,TOR,H,1B,24.0,156.0,1.8,682.0,26.0,5.0,0.264,0.345,0.444,116.0,,,,,,,,,14500000.0,3.913,False
2023,gurrilo01,Lourdes Gurriel Jr.,ARI,H,LF,29.0,145.0,2.9,592.0,24.0,5.0,0.261,0.309,0.463,107.0,,,,,,,,,5828571.0,4.547,False
2023,haderjo01,Josh Hader,SDP,P,RP,29.0,61.0,2.5,,,,,,,,56.33,0,33.0,1.28,331.0,2.69,1.101,85.0,14100000.0,5.669,False
2023,hamilia01,Ian Hamilton,NYY,P,RP,28.0,39.0,1.6,,,,,,,,58.0,3.0,2.0,2.64,165.0,2.82,1.224,69.0,720000,0.733,True
2023,handbr01,Brad Hand,2TM,P,RP,33.0,60.0,-0.1,,,,,,,,53.67,0,1.0,5.53,87.0,4.02,1.416,59.0,1500000.0,9.535,False
2023,happia01,Ian Happ,CHC,H,LF,28.0,158.0,3.5,691.0,21.0,14.0,0.248,0.36,0.431,118.0,,,,,,,,,10850000.0,5.209,False
2023,harpebr03,Bryce Harper,PHI,H,DH,30.0,126.0,3.6,546.0,21.0,11.0,0.293,0.401,0.499,145.0,,,,,,,,,27538462.0,10.924,False
2023,harriho03,Hogan Harris,ATH,P,RP,26.0,14.0,-0.8,,,,,,,,63.0,6.0,0.0,7.14,59.0,5.02,1.508,56.0,720000,0.0,True
2023,harrimi04,Michael Harris II,ATL,H,CF,22.0,138.0,3.5,539.0,18.0,20.0,0.293,0.331,0.477,116.0,,,,,,,,,5000000.0,1.0,False
2023,harvehu01,Hunter Harvey,WSN,P,RP,28.0,57.0,1.9,,,,,,,,60.67,0,10.0,2.82,152.0,3.29,0.94,67.0,870000.0,3.273,False
2023,hayeske01,Ke'Bryan Hayes,PIT,H,3B,26.0,124.0,3.9,525.0,15.0,10.0,0.271,0.309,0.453,103.0,,,,,,,,,10000000.0,2.436,False
2023,haysau01,Austin Hays,BAL,H,LF,27.0,144.0,2.5,566.0,16.0,5.0,0.275,0.325,0.444,114.0,,,,,,,,,3200000.0,3.331,False
2023,heanean01,Andrew Heaney,TEX,P,SP,32.0,34.0,1.0,,,,,,,,147.33,28.0,0.0,4.15,103.0,4.66,1.378,151.0,12000000.0,7.872,False
2023,heimjo01,Jonah Heim,TEX,H,C,28.0,131.0,3.1,501.0,18.0,2.0,0.258,0.317,0.438,106.0,,,,,,,,,745660.0,2.564,False
2023,hendegu01,Gunnar Henderson,BAL,H,3B,22.0,150.0,6.1,622.0,28.0,10.0,0.255,0.325,0.489,125.0,,,,,,,,,723200.0,0.209,False
2023,hendrky01,Kyle Hendricks,CHC,P,SP,33.0,24.0,1.0,,,,,,,,137.0,24.0,0.0,3.74,114.0,3.81,1.204,93.0,14000000.0,8.471,False
2023,henryto01,Tommy Henry,ARI,P,SP,25.0,17.0,1.1,,,,,,,,89.0,16.0,0.0,4.15,106.0,4.88,1.36,64.0,720000,0.308,True
2023,hentgsa01,Sam Hentges,CLE,P,RP,26.0,56.0,0.8,,,,,,,,52.33,0,0.0,3.61,118.0,2.64,1.357,56.0,720000,1.913,True
2023,hernaca04,Carlos Hernández,KCR,P,RP,26.0,67.0,-0.2,,,,,,,,70.0,4.0,4.0,5.27,85.0,4.28,1.329,77.0,730250.0,1.843,False
2023,hernaen02,Kiké Hernández,2TM,H,SS,31.0,140.0,-0.1,508.0,11.0,4.0,0.237,0.289,0.357,74.0,,,,,,,,,10000000.0,8.314,False
2023,hernajo03,Jose Hernandez,PIT,P,RP,25.0,50.0,0,,,,,,,,50.67,0,0.0,4.97,91.0,4.48,1.362,62.0,720000,0.0,True
2023,hernate01,Teoscar Hernández,SEA,H,RF,30.0,160.0,2.3,678.0,26.0,7.0,0.258,0.305,0.435,108.0,,,,,,,,,14000000.0,5.564,False
2023,heywaja01,Jason Heyward,LAD,H,RF,33.0,124.0,1.9,377.0,15.0,2.0,0.269,0.34,0.473,119.0,,,,,,,,,720000.0,13.0,False
2023,hicksaa01,Aaron Hicks,2TM,H,CF,33.0,93.0,0.5,312.0,8.0,6.0,0.253,0.353,0.383,106.0,,,,,,,,,10785714.0,9.238,False
2023,hicksjo03,Jordan Hicks,2TM,P,RP,26.0,65.0,0.9,,,,,,,,65.67,0,12.0,3.29,134.0,3.22,1.355,81.0,1837500.0,5.0,False
2023,hillri01,Rich Hill,2TM,P,SP,43.0,32.0,-0.5,,,,,,,,146.33,27.0,0.0,5.41,82.0,4.87,1.524,129.0,8000000.0,13.738,False
2023,hoeinbr01,Bryan Hoeing,MIA,P,RP,26.0,33.0,0.3,,,,,,,,70.67,7.0,0.0,5.48,86.0,5.29,1.358,53.0,720000,0.087,True
2023,hoernni01,Nico Hoerner,CHC,H,2B,26.0,150.0,5.5,688.0,9.0,43.0,0.283,0.346,0.383,102.0,,,,,,,,,2525000.0,3.081,False
2023,hoffmje02,Jeff Hoffman,PHI,P,RP,30.0,54.0,1.9,,,,,,,,52.33,0,1.0,2.41,180.0,2.57,0.917,69.0,,4.61,False
2023,holdeco01,Colin Holderman,PIT,P,RP,27.0,58.0,0.7,,,,,,,,56.0,0,2.0,3.86,117.0,3.29,1.339,58.0,725000.0,0.837,False
2023,holmecl01,Clay Holmes,NYY,P,RP,30.0,66.0,1.8,,,,,,,,63.0,0,24.0,2.86,152.0,2.65,1.175,71.0,3300000.0,4.18,False
2023,holtoty01,Tyler Holton,DET,P,RP,27.0,59.0,2.9,,,,,,,,85.33,1.0,1.0,2.11,206.0,3.56,0.867,74.0,720000,0.273,True
2023,honeybr01,Brent Honeywell Jr.,2TM,P,RP,28.0,40.0,0.1,,,,,,,,52.33,0,0.0,4.82,89.0,5.62,1.452,45.0,725000.0,0.965,False
2023,houckta01,Tanner Houck,BOS,P,SP,27.0,21.0,1.3,,,,,,,,106.0,21.0,0.0,5.01,91.0,4.43,1.368,99.0,740000.0,1.581,False
2023,housead01,Adrian Houser,MIL,P,SP,30.0,23.0,0.9,,,,,,,,111.33,21.0,0.0,4.12,105.0,3.99,1.392,96.0,3600000.0,4.058,False
2023,hudsoda02,Dakota Hudson,STL,P,SP,28.0,18.0,0.5,,,,,,,,81.33,12.0,0.0,4.98,88.0,5.06,1.5,45.0,2650000.0,4.384,False
2023,ibanean01,Andy Ibáñez,DET,H,2B,30.0,114.0,1.9,383.0,11.0,1.0,0.264,0.312,0.433,103.0,,,,,,,,,720000,0.988,True
2023,iglesra01,Raisel Iglesias,ATL,P,RP,33.0,58.0,1.1,,,,,,,,55.67,0,33.0,2.75,159.0,3.26,1.186,68.0,16000000.0,7.895,False
2023,indiajo01,Jonathan India,CIN,H,2B,26.0,119.0,1.3,529.0,17.0,14.0,0.244,0.338,0.407,98.0,,,,,,,,,760000.0,2.0,False
2023,irvinco01,Cole Irvin,BAL,P,SP,29.0,24.0,0.1,,,,,,,,77.33,12.0,0.0,4.42,92.0,4.43,1.28,68.0,737600.0,2.698,False
2023,irvinja01,Jake Irvin,WSN,P,SP,26.0,24.0,1.0,,,,,,,,121.0,24.0,0.0,4.61,92.0,5.3,1.421,99.0,,0.0,False
2023,isbelky01,Kyle Isbel,KCR,H,CF,26.0,91.0,2.0,313.0,5.0,7.0,0.24,0.282,0.38,79.0,,,,,,,,,727500.0,1.25,False
2023,jacksan01,Andre Jackson,2TM,P,RP,27.0,19.0,0.5,,,,,,,,61.33,7.0,2.0,4.99,90.0,4.9,1.207,57.0,722500.0,0.227,False
2023,janseda01,Danny Jansen,TOR,H,C,28.0,86.0,1.6,301.0,17.0,0.0,0.228,0.312,0.474,114.0,,,,,,,,,3500000.0,4.291,False
2023,javiecr01,Cristian Javier,HOU,P,SP,26.0,31.0,1.2,,,,,,,,162.0,31.0,0.0,4.56,93.0,4.58,1.265,159.0,3400000.0,3.0,False
2023,jaxgr01,Griffin Jax,MIN,P,RP,28.0,71.0,0.7,,,,,,,,65.33,0,4.0,3.86,114.0,3.22,1.179,68.0,733150.0,1.529,False
2023,jeffery01,Ryan Jeffers,MIN,H,C,26.0,96.0,3.2,335.0,14.0,3.0,0.276,0.369,0.49,133.0,,,,,,,,,741650.0,2.517,False
2023,jimenel02,Eloy Jiménez,CHW,H,DH,26.0,120.0,0.5,489.0,18.0,0.0,0.272,0.317,0.441,106.0,,,,,,,,,10333333.0,4.0,False
2023,jimenjo02,Joe Jiménez,ATL,P,RP,28.0,59.0,0.9,,,,,,,,56.33,0,0.0,3.04,144.0,3.59,1.154,73.0,2765000.0,5.355,False
2023,joeco01,Connor Joe,PIT,H,RF,30.0,133.0,0.7,472.0,11.0,3.0,0.247,0.339,0.421,105.0,,,,,,,,,735000.0,1.791,False
2023,johnspi01,Pierce Johnson,2TM,P,RP,32.0,67.0,0.4,,,,,,,,62.67,0,13.0,4.02,119.0,3.89,1.484,90.0,5000000.0,3.797,False
2023,jonesno01,Nolan Jones,COL,H,LF,25.0,106.0,4.3,424.0,20.0,20.0,0.297,0.389,0.542,140.0,,,,,,,,,720000,0.041,True
2023,judgeaa01,Aaron Judge,NYY,H,RF,31.0,106.0,4.6,458.0,37.0,3.0,0.267,0.406,0.613,175.0,,,,,,,,,40000000.0,6.297,False
2023,julieed01,Edouard Julien,MIN,H,2B,24.0,109.0,2.6,408.0,16.0,3.0,0.263,0.381,0.459,130.0,,,,,,,,,720000,0.0,True
2023,julksco01,Corey Julks,HOU,H,LF,27.0,93.0,0.3,323.0,6.0,15.0,0.245,0.297,0.352,79.0,,,,,,,,,720000,0.0,True
2023,jungjo01,Josh Jung,TEX,H,3B,25.0,122.0,2.6,515.0,23.0,1.0,0.266,0.315,0.467,113.0,,,,,,,,,721485.0,0.157,False
2023,junisja01,Jakob Junis,SFG,P,RP,30.0,40.0,0.7,,,,,,,,86.0,4.0,1.0,3.87,108.0,3.74,1.291,96.0,2800000.0,5.012,False
2023,kaprija01,James Kaprielian,ATH,P,SP,29.0,14.0,-0.1,,,,,,,,61.0,11.0,0.0,6.34,67.0,5.07,1.59,57.0,730000.0,2.023,False
2023,kelenja01,Jarred Kelenic,SEA,H,LF,23.0,105.0,2.1,416.0,11.0,13.0,0.253,0.327,0.419,111.0,,,,,,,,,729400.0,0.983,False
2023,kellemi03,Mitch Keller,PIT,P,SP,27.0,32.0,3.0,,,,,,,,194.33,32.0,0.0,4.21,106.0,3.8,1.245,210.0,2437500.0,3.151,False
2023,kellyke02,Kevin Kelly,TBR,P,RP,25.0,57.0,0.7,,,,,,,,67.0,0,1.0,3.09,137.0,3.09,1.015,56.0,720000,0.0,True
2023,kellyme01,Merrill Kelly,ARI,P,SP,34.0,30.0,4.0,,,,,,,,177.67,30.0,0.0,3.29,133.0,3.85,1.193,187.0,8500000.0,4.0,False
2023,kempto01,Tony Kemp,ATH,H,LF,31.0,124.0,-1.2,419.0,5.0,15.0,0.209,0.303,0.304,73.0,,,,,,,,,3725000.0,5.57,False
2023,keplema01,Max Kepler,MIN,H,RF,30.0,130.0,2.8,491.0,24.0,1.0,0.26,0.332,0.484,120.0,,,,,,,,,8500000.0,6.884,False
2023,kershcl01,Clayton Kershaw,LAD,P,SP,35.0,24.0,3.7,,,,,,,,131.67,24.0,0.0,2.46,175.0,4.03,1.063,137.0,20000000.0,14.61,False
2023,kiermke01,Kevin Kiermaier,TOR,H,CF,33.0,129.0,3.8,408.0,8.0,14.0,0.265,0.322,0.419,103.0,,,,,,,,,9000000.0,8.762,False
2023,kikucyu01,Yusei Kikuchi,TOR,P,SP,32.0,32.0,1.8,,,,,,,,167.67,32.0,0.0,3.86,111.0,4.12,1.27,181.0,10000000.0,4.0,False
2023,kimbrcr01,Craig Kimbrel,PHI,P,RP,35.0,71.0,1.8,,,,,,,,69.0,0,23.0,3.26,132.0,3.81,1.043,94.0,10000000.0,11.936,False
2023,kimha01,Ha-Seong Kim,SDP,H,2B,27.0,152.0,5.4,626.0,17.0,38.0,0.26,0.351,0.398,107.0,,,,,,,,,7000000.0,2.0,False
2023,kineris01,Isiah Kiner-Falefa,NYY,H,CF,28.0,113.0,0.1,361.0,6.0,14.0,0.242,0.306,0.34,78.0,4.0,0,0.0,2.25,209.0,2.76,1.0,1.0,6000000.0,5.0,False
2023,kingmi01,Michael King,NYY,P,RP,28.0,49.0,3.3,,,,,,,,104.67,9.0,6.0,2.75,158.0,3.13,1.146,127.0,1300000.0,3.023,False
2023,kirbyge01,George Kirby,SEA,P,SP,25.0,31.0,3.8,,,,,,,,190.67,31.0,0.0,3.35,118.0,3.34,1.038,172.0,758300.0,0.878,False
2023,kirilal01,Alex Kirilloff,MIN,H,1B,25.0,88.0,0.5,319.0,11.0,1.0,0.27,0.348,0.445,116.0,,,,,,,,,720000,1.82,True
2023,kirkal01,Alejandro Kirk,TOR,H,C,24.0,123.0,1.9,422.0,8.0,0.0,0.25,0.334,0.358,92.0,,,,,,,,,767300.0,2.273,False
2023,klubeco01,Corey Kluber,BOS,P,SP,37.0,15.0,-0.9,,,,,,,,55.0,9.0,1.0,7.04,65.0,7.11,1.636,42.0,10000000.0,10.43,False
2023,kopecmi01,Michael Kopech,CHW,P,SP,27.0,30.0,0.6,,,,,,,,129.33,27.0,0.0,5.43,81.0,6.46,1.593,134.0,2050000.0,3.238,False
2023,kremede01,Dean Kremer,BAL,P,SP,27.0,32.0,1.4,,,,,,,,172.67,32.0,0.0,4.12,99.0,4.51,1.309,157.0,731200.0,1.651,False
2023,kwanst01,Steven Kwan,CLE,H,LF,25.0,158.0,3.2,718.0,5.0,21.0,0.268,0.34,0.37,97.0,,,,,,,,,727300.0,1.0,False
2023,lambepe01,Peter Lambert,COL,P,RP,26.0,25.0,0.4,,,,,,,,87.33,11.0,0.0,5.36,93.0,5.44,1.385,71.0,770000.0,2.965,False
2023,langeal01,Alex Lange,DET,P,RP,27.0,67.0,1.0,,,,,,,,66.0,0,26.0,3.68,118.0,4.36,1.333,79.0,726000.0,1.651,False
2023,langesh01,Shea Langeliers,ATH,H,C,25.0,135.0,0.9,490.0,22.0,3.0,0.205,0.268,0.413,89.0,,,,,,,,,720000.0,0.297,False
2023,laurera01,Ramón Laureano,2TM,H,RF,28.0,105.0,1.7,404.0,9.0,12.0,0.224,0.304,0.371,89.0,,,,,,,,,3550000.0,3.959,False
2023,lawde01,Derek Law,CIN,P,RP,32.0,54.0,1.0,,,,,,,,55.0,3.0,2.0,3.6,130.0,4.62,1.382,45.0,1000000.0,3.471,False
2023,lawreju01,Justin Lawrence,COL,P,RP,28.0,69.0,1.3,,,,,,,,75.0,0,11.0,3.72,134.0,3.76,1.347,78.0,722000.0,0.971,False
2023,leclejo01,José Leclerc,TEX,P,RP,29.0,57.0,1.2,,,,,,,,57.0,0,4.0,2.68,160.0,3.62,1.14,67.0,6000000.0,6.238,False
2023,leitema02,Mark Leiter Jr.,CHC,P,RP,32.0,69.0,0.8,,,,,,,,64.33,0,4.0,3.5,122.0,3.77,1.119,77.0,850000.0,2.18,False
2023,lemahdj01,DJ LeMahieu,NYY,H,3B,34.0,136.0,1.3,562.0,15.0,2.0,0.243,0.327,0.39,96.0,,,,,,,,,15000000.0,10.744,False
2023,leonedo01,Dominic Leone,3TM,P,RP,31.0,51.0,0.3,,,,,,,,54.0,0,1.0,4.67,92.0,6.29,1.426,54.0,604839.0,6.89,False
2023,liberma01,Matthew Liberatore,STL,P,SP,23.0,22.0,-0.3,,,,,,,,61.67,11.0,0.0,5.25,84.0,4.28,1.476,46.0,720000,0.0,True
2023,lindofr01,Francisco Lindor,NYM,H,SS,29.0,160.0,6.1,687.0,31.0,31.0,0.254,0.336,0.47,121.0,,,,,,,,,34100000.0,7.657,False
2023,litteza01,Zack Littell,2TM,P,SP,27.0,28.0,1.0,,,,,,,,90.0,14.0,0.0,4.1,103.0,4.02,1.178,74.0,,3.25,False
2023,livelbe01,Ben Lively,CIN,P,SP,31.0,19.0,0.4,,,,,,,,88.67,12.0,0.0,5.38,87.0,5.35,1.365,79.0,720000,0.773,True
2023,lopezjo02,Jorge López,3TM,P,RP,30.0,61.0,-0.7,,,,,,,,59.0,0,3.0,5.95,75.0,5.76,1.508,49.0,3525000.0,4.593,False
2023,lopezpa01,Pablo López,MIN,P,SP,27.0,32.0,3.4,,,,,,,,194.0,32.0,0.0,3.66,119.0,3.33,1.155,234.0,5450000.0,4.541,False
2023,lopezre01,Reynaldo López,3TM,P,RP,29.0,68.0,2.0,,,,,,,,66.0,0,6.0,3.27,136.0,3.91,1.273,83.0,3625000.0,5.023,False
2023,lorenmi01,Michael Lorenzen,2TM,P,SP,31.0,29.0,1.8,,,,,,,,153.0,25.0,1.0,4.18,104.0,4.46,1.209,111.0,8500000.0,7.924,False
2023,lowebr01,Brandon Lowe,TBR,H,2B,28.0,109.0,2.1,436.0,21.0,7.0,0.231,0.328,0.443,112.0,,,,,,,,,5250000.0,4.337,False
2023,lowejo01,Josh Lowe,TBR,H,RF,25.0,135.0,3.7,501.0,20.0,32.0,0.292,0.335,0.5,128.0,,,,,,,,,723200.0,0.541,False
2023,lowena01,Nathaniel Lowe,TEX,H,1B,27.0,161.0,2.9,724.0,17.0,1.0,0.262,0.36,0.414,114.0,,,,,,,,,4050000.0,2.843,False
2023,lugose01,Seth Lugo,SDP,P,SP,33.0,26.0,2.1,,,,,,,,146.33,26.0,0.0,3.57,118.0,3.83,1.203,140.0,7500000.0,6.477,False
2023,luzarje01,Jesús Luzardo,MIA,P,SP,25.0,32.0,4.7,,,,,,,,178.67,32.0,0.0,3.58,131.0,3.55,1.215,208.0,2450000.0,2.959,False
2023,lylesjo01,Jordan Lyles,KCR,P,SP,32.0,31.0,-1.1,,,,,,,,177.67,31.0,0.0,6.28,71.0,5.62,1.244,120.0,8500000.0,11.012,False
2023,lynchda02,Daniel Lynch IV,KCR,P,SP,26.0,9.0,0.6,,,,,,,,52.33,9.0,0.0,4.64,96.0,5.17,1.261,34.0,720000,1.483,True
2023,lynnla01,Lance Lynn,2TM,P,SP,36.0,32.0,-0.9,,,,,,,,183.67,32.0,0.0,5.73,77.0,5.53,1.394,191.0,18500000.0,11.692,False
2023,machaan02,Andrés Machado,WSN,P,RP,30.0,44.0,0,,,,,,,,50.0,0,0.0,5.22,82.0,5.5,1.32,43.0,,,False
2023,machama01,Manny Machado,SDP,H,3B,30.0,138.0,2.7,601.0,30.0,3.0,0.258,0.319,0.462,113.0,,,,,,,,,17090909.0,10.326,False
2023,maedake01,Kenta Maeda,MIN,P,SP,35.0,21.0,1.2,,,,,,,,104.33,20.0,0.0,4.23,104.0,4.02,1.169,117.0,3125000.0,7.0,False
2023,maldoma01,Martín Maldonado,HOU,H,C,36.0,116.0,0.2,407.0,15.0,0.0,0.191,0.258,0.348,66.0,1.0,0,0.0,36.0,16.0,22.26,6.0,0.0,4000000.0,10.907,False
2023,manaese01,Sean Manaea,SFG,P,RP,31.0,37.0,0.2,,,,,,,,117.67,10.0,1.0,4.44,94.0,3.9,1.241,128.0,10000000.0,6.913,False
2023,mannima02,Matt Manning,DET,P,SP,25.0,15.0,1.2,,,,,,,,78.0,15.0,0.0,3.58,121.0,4.81,1.038,50.0,729200.0,1.57,False
2023,manoaal01,Alek Manoah,TOR,P,SP,25.0,19.0,-1.1,,,,,,,,87.33,19.0,0.0,5.87,73.0,6.01,1.74,79.0,745650.0,1.756,False
2023,margoma01,Manuel Margot,TBR,H,CF,28.0,99.0,0.6,336.0,4.0,9.0,0.264,0.31,0.376,90.0,,,,,,,,,7000000.0,6.07,False
2023,marshal01,Alec Marsh,KCR,P,RP,25.0,17.0,-0.2,,,,,,,,74.33,8.0,0.0,5.69,79.0,5.7,1.561,85.0,720000,0.0,True
2023,marshbr02,Brandon Marsh,PHI,H,CF,25.0,133.0,3.4,472.0,12.0,10.0,0.277,0.372,0.458,126.0,,,,,,,,,734500.0,1.453,False
2023,marteke01,Ketel Marte,ARI,H,2B,29.0,150.0,4.9,650.0,25.0,8.0,0.276,0.358,0.485,127.0,,,,,,,,,11600000.0,6.942,False
2023,martest01,Starling Marte,NYM,H,RF,34.0,86.0,-0.7,341.0,5.0,24.0,0.248,0.301,0.324,74.0,,,,,,,,,20750000.0,9.942,False
2023,martiad01,Adrián Martínez,ATH,P,RP,26.0,22.0,0.4,,,,,,,,55.0,1.0,0.0,4.75,89.0,4.75,1.418,47.0,720000.0,0.314,False
2023,martich02,Chris Martin,BOS,P,RP,37.0,55.0,3.2,,,,,,,,51.33,0,3.0,1.05,434.0,2.44,1.032,46.0,8000000.0,5.773,False
2023,martijd02,J.D. Martinez,LAD,H,DH,35.0,113.0,2.0,479.0,33.0,1.0,0.271,0.321,0.572,136.0,,,,,,,,,10000000.0,11.209,False
2023,martini01,Nick Martinez,SDP,P,RP,32.0,63.0,1.7,,,,,,,,110.33,9.0,1.0,3.43,123.0,3.92,1.26,106.0,11500000.0,4.012,False
2023,massemi02,Michael Massey,KCR,H,2B,25.0,129.0,-0.1,461.0,15.0,6.0,0.229,0.274,0.381,77.0,,,,,,,,,722850.0,0.395,False
2023,mateojo01,Jorge Mateo,BAL,H,SS,28.0,116.0,0.8,350.0,7.0,32.0,0.217,0.267,0.34,70.0,,,,,,,,,2000000.0,3.0,False
2023,matonph01,Phil Maton,HOU,P,RP,30.0,68.0,1.1,,,,,,,,66.0,0,1.0,3.0,142.0,3.74,1.121,74.0,2550000.0,5.273,False
2023,matzst01,Steven Matz,STL,P,SP,32.0,25.0,2.0,,,,,,,,105.0,17.0,0.0,3.86,114.0,3.75,1.333,98.0,10500000.0,7.576,False
2023,mayzati01,Tim Mayza,TOR,P,RP,31.0,69.0,2.2,,,,,,,,53.33,0,1.0,1.52,284.0,2.6,1.219,53.0,2100000.0,3.907,False
2023,mccarja02,Jake McCarthy,ARI,H,RF,25.0,99.0,0.4,312.0,2.0,26.0,0.243,0.318,0.326,77.0,,,,,,,,,735600.0,0.988,False
2023,mcclash01,Shane McClanahan,TBR,P,SP,26.0,21.0,2.8,,,,,,,,115.0,21.0,0.0,3.29,128.0,3.92,1.183,121.0,737000.0,1.919,False
2023,mccorch01,Chas McCormick,HOU,H,LF,28.0,115.0,3.4,457.0,22.0,19.0,0.273,0.353,0.489,130.0,,,,,,,,,752500.0,2.0,False
2023,mccutan01,Andrew McCutchen,PIT,H,DH,36.0,112.0,1.4,473.0,12.0,11.0,0.256,0.378,0.397,112.0,,,,,,,,,5000000.0,13.715,False
2023,mcgousc01,Scott McGough,ARI,P,RP,33.0,63.0,0.1,,,,,,,,70.33,1.0,9.0,4.73,93.0,4.76,1.28,86.0,2500000.0,0.267,False
2023,mchugco01,Collin McHugh,ATL,P,RP,36.0,41.0,-0.4,,,,,,,,58.67,1.0,0.0,4.3,102.0,4.09,1.568,47.0,5000000.0,8.494,False
2023,mckinza01,Zach McKinstry,DET,H,3B,28.0,148.0,1.2,518.0,9.0,16.0,0.231,0.302,0.351,81.0,1.0,0,0.0,18.0,33.0,16.26,3.0,0.0,734500.0,1.576,False
2023,mclaima01,Matt McLain,CIN,H,SS,23.0,89.0,3.6,403.0,16.0,14.0,0.29,0.357,0.507,127.0,,,,,,,,,,0.0,False
2023,mcmahry01,Ryan McMahon,COL,H,3B,28.0,152.0,2.9,627.0,23.0,5.0,0.24,0.322,0.431,94.0,,,,,,,,,9000000.0,5.035,False
2023,mcneije01,Jeff McNeil,NYM,H,2B,31.0,156.0,2.4,648.0,10.0,10.0,0.27,0.333,0.378,97.0,,,,,,,,,6250000.0,4.401,False
2023,medinlu02,Luis Medina,ATH,P,SP,24.0,23.0,0.2,,,,,,,,109.67,17.0,0.0,5.42,78.0,4.76,1.514,106.0,720000,0.0,True
2023,megilty01,Tylor Megill,NYM,P,SP,27.0,25.0,0.6,,,,,,,,126.33,25.0,0.0,4.7,89.0,4.96,1.575,105.0,720000,1.424,True
2023,melenmj01,MJ Melendez,KCR,H,RF,24.0,148.0,-0.4,602.0,16.0,6.0,0.235,0.316,0.398,94.0,,,,,,,,,726500.0,0.89,False
2023,menesjo01,Joey Meneses,WSN,H,DH,31.0,154.0,0.6,657.0,13.0,0.0,0.275,0.321,0.401,100.0,,,,,,,,,723300.0,0.378,False
2023,merriwh01,Whit Merrifield,TOR,H,2B,34.0,145.0,0.7,592.0,11.0,26.0,0.272,0.318,0.382,93.0,,,,,,,,,6750000.0,6.587,False
2023,merryju01,Julian Merryweather,CHC,P,RP,31.0,69.0,0.9,,,,,,,,72.0,0,2.0,3.38,127.0,3.52,1.306,98.0,737000.0,2.634,False
2023,meyerja02,Jake Meyers,HOU,H,CF,27.0,112.0,1.5,341.0,10.0,5.0,0.227,0.296,0.382,86.0,,,,,,,,,732000.0,1.256,False
2023,middlke01,Keynan Middleton,2TM,P,RP,29.0,51.0,0.9,,,,,,,,50.67,0,2.0,3.38,132.0,4.2,1.243,64.0,,5.378,False
2023,mikolmi01,Miles Mikolas,STL,P,SP,34.0,35.0,1.9,,,,,,,,201.33,35.0,0.0,4.78,92.0,4.27,1.316,137.0,18750000.0,6.215,False
2023,mileywa01,Wade Miley,MIL,P,SP,36.0,23.0,2.6,,,,,,,,120.33,23.0,0.0,3.14,137.0,4.69,1.139,79.0,3500000.0,11.145,False
2023,millebo06,Bobby Miller,LAD,P,SP,24.0,22.0,2.0,,,,,,,,124.33,22.0,0.0,3.76,114.0,3.51,1.102,119.0,720000,0.0,True
2023,millebr04,Bryce Miller,SEA,P,SP,24.0,25.0,1.0,,,,,,,,131.33,25.0,0.0,4.32,91.0,3.98,1.142,119.0,,0.0,False
2023,milleow01,Owen Miller,MIL,H,2B,26.0,90.0,0.3,314.0,5.0,13.0,0.261,0.303,0.371,83.0,,,,,,,,,731100.0,1.529,False
2023,milneho01,Hoby Milner,MIL,P,RP,32.0,73.0,1.7,,,,,,,,64.33,0,0.0,1.82,238.0,3.13,0.964,59.0,1025000.0,3.395,False
2023,minteaj01,A.J. Minter,ATL,P,RP,29.0,70.0,0.8,,,,,,,,64.67,0,10.0,3.76,116.0,2.9,1.191,82.0,4287500.0,4.895,False
2023,mollsa01,Sam Moll,2TM,P,RP,31.0,70.0,1.8,,,,,,,,62.33,1.0,1.0,3.03,146.0,3.27,1.235,68.0,725000.0,1.436,False
2023,monasan01,Andruw Monasterio,MIL,H,3B,26.0,92.0,1.3,315.0,3.0,7.0,0.259,0.33,0.348,86.0,,,,,,,,,720000,0.0,True
2023,moncayo01,Yoán Moncada,CHW,H,3B,28.0,92.0,0.6,357.0,11.0,1.0,0.26,0.305,0.425,99.0,,,,,,,,,17800000.0,5.616,False
2023,moniami01,Mickey Moniak,LAA,H,CF,25.0,85.0,2.2,323.0,14.0,6.0,0.28,0.307,0.495,114.0,,,,,,,,,720000,1.157,True
2023,monteel01,Elehuris Montero,COL,H,1B,24.0,85.0,-0.1,307.0,11.0,0.0,0.243,0.29,0.426,84.0,,,,,,,,,722000.0,0.564,False
2023,montera01,Rafael Montero,HOU,P,RP,32.0,68.0,-0.3,,,,,,,,67.33,0,1.0,5.08,84.0,4.46,1.53,79.0,11500000.0,6.802,False
2023,montgjo01,Jordan Montgomery,2TM,P,SP,30.0,32.0,4.0,,,,,,,,188.67,32.0,0.0,3.2,136.0,3.56,1.193,166.0,10000000.0,5.89,False
2023,moorema02,Matt Moore,3TM,P,RP,34.0,50.0,1.8,,,,,,,,52.67,0,0.0,2.56,177.0,3.73,1.158,60.0,7550000.0,10.0,False
2023,morelch01,Christopher Morel,CHC,H,DH,24.0,107.0,1.5,429.0,26.0,6.0,0.247,0.313,0.508,122.0,,,,,,,,,720000,0.68,True
2023,morenga01,Gabriel Moreno,ARI,H,C,23.0,111.0,4.3,380.0,7.0,6.0,0.284,0.339,0.408,103.0,,,,,,,,,722500.0,0.355,False
2023,moretda01,Dauri Moreta,PIT,P,RP,27.0,55.0,0.7,,,,,,,,58.0,0,1.0,3.72,121.0,2.93,1.086,76.0,725000.0,0.698,False
2023,morgael01,Eli Morgan,CLE,P,RP,27.0,61.0,-0.1,,,,,,,,67.33,0,1.0,4.01,106.0,3.88,1.441,75.0,727000.0,1.628,False
2023,mortoch02,Charlie Morton,ATL,P,SP,39.0,30.0,3.0,,,,,,,,163.33,30.0,0.0,3.64,120.0,3.87,1.427,183.0,20000000.0,14.058,False
2023,mountry01,Ryan Mountcastle,BAL,H,1B,26.0,115.0,2.1,470.0,18.0,3.0,0.27,0.328,0.452,117.0,,,,,,,,,738400.0,2.61,False
2023,moustmi01,Mike Moustakas,2TM,H,3B,34.0,112.0,-0.1,386.0,12.0,0.0,0.247,0.293,0.392,82.0,,,,,,,,,18000000.0,11.645,False
2023,mulleky01,Kyle Muller,ATH,P,SP,25.0,21.0,-1.3,,,,,,,,77.0,13.0,0.0,7.6,55.0,6.14,1.961,56.0,720000.0,0.267,False
2023,mullice01,Cedric Mullins,BAL,H,CF,28.0,116.0,2.8,455.0,15.0,19.0,0.233,0.305,0.416,101.0,,,,,,,,,4100000.0,3.453,False
2023,muncyma01,Max Muncy,LAD,H,3B,32.0,135.0,2.9,579.0,36.0,1.0,0.212,0.333,0.475,117.0,,,,,,,,,13500000.0,6.157,False
2023,murphse01,Sean Murphy,ATL,H,C,28.0,108.0,4.0,438.0,21.0,0.0,0.251,0.365,0.478,127.0,,,,,,,,,4000000.0,3.169,False
2023,musgrjo01,Joe Musgrove,SDP,P,SP,30.0,17.0,2.2,,,,,,,,97.33,17.0,0.0,3.05,138.0,3.52,1.14,97.0,20000000.0,6.366,False
2023,nardian01,Andrew Nardi,MIA,P,RP,24.0,63.0,2.3,,,,,,,,57.33,0,3.0,2.67,177.0,3.6,1.151,73.0,723000.0,0.308,False
2023,naylojo01,Josh Naylor,CLE,H,1B,26.0,121.0,2.3,495.0,17.0,10.0,0.308,0.354,0.489,130.0,,,,,,,,,3350000.0,3.738,False
2023,nelsoky01,Kyle Nelson,ARI,P,RP,26.0,68.0,0,,,,,,,,56.0,2.0,0.0,4.18,106.0,4.45,1.304,67.0,728900.0,1.442,False
2023,nelsory01,Ryne Nelson,ARI,P,SP,25.0,29.0,0,,,,,,,,144.0,27.0,0.0,5.31,83.0,5.07,1.424,96.0,722700.0,0.18,False
2023,nerishe01,Hector Neris,HOU,P,RP,34.0,71.0,2.6,,,,,,,,68.33,0,2.0,1.71,249.0,3.83,1.054,77.0,8000000.0,7.395,False
2023,netoza01,Zach Neto,LAA,H,SS,22.0,84.0,1.6,329.0,9.0,5.0,0.225,0.308,0.377,86.0,,,,,,,,,,0.0,False
2023,nimmobr01,Brandon Nimmo,NYM,H,CF,30.0,152.0,4.0,682.0,24.0,3.0,0.274,0.363,0.466,128.0,,,,,,,,,18500000.0,6.244,False
2023,nodary01,Ryan Noda,ATH,H,1B,27.0,128.0,2.2,495.0,16.0,3.0,0.229,0.364,0.406,118.0,,,,,,,,,720000,0.0,True
2023,nolaaa01,Aaron Nola,PHI,P,SP,30.0,32.0,2.3,,,,,,,,193.67,32.0,0.0,4.46,96.0,4.03,1.151,202.0,16000000.0,7.442,False
2023,nootbla01,Lars Nootbaar,STL,H,CF,25.0,117.0,3.3,503.0,14.0,11.0,0.261,0.367,0.418,114.0,,,,,,,,,732400.0,1.442,False
2023,oberba01,Bailey Ober,MIN,P,SP,27.0,26.0,3.0,,,,,,,,144.33,26.0,0.0,3.43,128.0,3.96,1.067,146.0,720000,1.541,True
2023,ohearry01,Ryan O'Hearn,BAL,H,1B,29.0,112.0,1.2,368.0,14.0,5.0,0.289,0.322,0.48,122.0,,,,,,,,,1400000.0,4.012,False
2023,ohtansh01,Shohei Ohtani,LAA,H,DH,28.0,135.0,9.9,599.0,44.0,20.0,0.304,0.412,0.654,185.0,132.0,23.0,0.0,3.14,142.0,4.0,1.061,167.0,30000000.0,5.0,False
2023,okertst01,Steven Okert,MIA,P,RP,31.0,64.0,0.6,,,,,,,,58.67,2.0,0.0,4.45,106.0,4.09,1.261,73.0,720000,2.634,True
2023,olivaed02,Edward Olivares,KCR,H,LF,27.0,107.0,0.2,385.0,12.0,11.0,0.263,0.317,0.452,107.0,,,,,,,,,740750.0,2.32,False
2023,olsonma02,Matt Olson,ATL,H,1B,29.0,162.0,7.5,720.0,54.0,1.0,0.283,0.389,0.604,164.0,,,,,,,,,21000000.0,5.599,False
2023,olsonre01,Reese Olson,DET,P,SP,23.0,21.0,1.4,,,,,,,,103.67,18.0,0.0,3.99,109.0,4.01,1.119,103.0,720000,0.0,True
2023,ortizlu03,Luis Ortiz,PIT,P,SP,24.0,18.0,0.6,,,,,,,,86.67,15.0,0.0,4.78,94.0,5.57,1.696,59.0,720000,0.0,True
2023,ottavad01,Adam Ottavino,NYM,P,RP,37.0,66.0,1.2,,,,,,,,61.67,0,12.0,3.21,130.0,4.52,1.216,62.0,7250000.0,11.506,False
2023,outmaja01,James Outman,LAD,H,CF,26.0,151.0,3.4,567.0,23.0,16.0,0.248,0.353,0.437,114.0,,,,,,,,,722500.0,0.035,False
2023,oviedjo01,Johan Oviedo,PIT,P,SP,25.0,32.0,2.2,,,,,,,,177.67,32.0,0.0,4.31,104.0,4.49,1.373,158.0,735000.0,1.459,False
2023,ozunama01,Marcell Ozuna,ATL,H,DH,32.0,144.0,3.4,592.0,40.0,0.0,0.274,0.346,0.558,140.0,,,,,,,,,18000000.0,9.721,False
2023,paganem01,Emilio Pagán,MIN,P,RP,32.0,66.0,1.4,,,,,,,,69.33,1.0,1.0,2.99,147.0,3.27,0.952,65.0,3500000.0,5.529,False
2023,pallaan01,Andre Pallante,STL,P,RP,24.0,62.0,0.1,,,,,,,,68.0,0,0.0,4.76,92.0,4.59,1.559,43.0,728600.0,1.0,False
2023,paredis01,Isaac Paredes,TBR,H,3B,24.0,143.0,4.2,571.0,31.0,1.0,0.25,0.352,0.488,130.0,,,,,,,,,735000.0,1.93,False
2023,paxtoja01,James Paxton,BOS,P,SP,34.0,19.0,1.0,,,,,,,,96.0,19.0,0.0,4.5,101.0,4.68,1.313,101.0,4000000.0,8.878,False
2023,payamjo01,Joel Payamps,MIL,P,RP,29.0,69.0,1.6,,,,,,,,70.67,0,3.0,2.55,169.0,3.48,1.047,77.0,730500.0,2.157,False
2023,pederjo01,Joc Pederson,SFG,H,DH,31.0,121.0,0.7,425.0,15.0,0.0,0.235,0.348,0.416,112.0,,,,,,,,,19650000.0,8.163,False
2023,pegueel01,Elvis Peguero,MIL,P,RP,26.0,59.0,1.0,,,,,,,,61.33,0,1.0,3.38,128.0,3.81,1.223,54.0,720000,0.424,True
2023,penaje02,Jeremy Peña,HOU,H,SS,25.0,150.0,3.9,634.0,10.0,13.0,0.263,0.324,0.381,95.0,,,,,,,,,754900.0,1.0,False
2023,peralda01,David Peralta,LAD,H,LF,35.0,133.0,0.7,422.0,7.0,4.0,0.259,0.294,0.381,82.0,,,,,,,,,6500000.0,8.698,False
2023,peralfr01,Freddy Peralta,MIL,P,SP,27.0,30.0,2.0,,,,,,,,165.67,30.0,0.0,3.86,112.0,3.85,1.117,210.0,3734960.0,4.523,False
2023,peralwa01,Wandy Peralta,NYY,P,RP,31.0,63.0,1.4,,,,,,,,54.0,0,4.0,2.83,154.0,5.05,1.222,51.0,3350000.0,5.977,False
2023,perdoge01,Geraldo Perdomo,ARI,H,SS,23.0,144.0,2.0,495.0,6.0,16.0,0.246,0.353,0.359,95.0,,,,,,,,,738600.0,1.087,False
2023,perezci01,Cionel Pérez,BAL,P,RP,27.0,65.0,-0.3,,,,,,,,53.33,0,3.0,3.54,116.0,3.84,1.556,44.0,732400.0,2.494,False
2023,perezeu02,Eury Pérez,MIA,P,SP,20.0,19.0,2.7,,,,,,,,91.33,19.0,0.0,3.15,149.0,4.11,1.128,108.0,720000,0.0,True
2023,perezma02,Martín Pérez,TEX,P,SP,32.0,35.0,0.5,,,,,,,,141.67,20.0,0.0,4.45,96.0,4.99,1.405,93.0,19650000.0,10.221,False
2023,perezsa02,Salvador Perez,KCR,H,C,33.0,140.0,0.4,580.0,23.0,0.0,0.255,0.292,0.422,92.0,,,,,,,,,20000000.0,11.291,False
2023,peterda01,David Peterson,NYM,P,SP,27.0,27.0,0.5,,,,,,,,111.0,21.0,0.0,5.03,83.0,4.34,1.568,128.0,750000.0,2.727,False
2023,peterja01,Jace Peterson,2TM,H,3B,33.0,133.0,-0.5,430.0,6.0,15.0,0.211,0.304,0.307,73.0,2.0,0,0.0,9.0,55.0,13.26,3.0,1.0,4500000.0,6.826,False
2023,pfaadbr01,Brandon Pfaadt,ARI,P,SP,24.0,19.0,-0.4,,,,,,,,96.0,18.0,0.0,5.72,77.0,5.18,1.406,94.0,,0.0,False
2023,phamth01,Tommy Pham,2TM,H,LF,35.0,129.0,1.5,481.0,16.0,22.0,0.256,0.328,0.446,111.0,,,,,,,,,7500000.0,7.622,False
2023,phillev01,Evan Phillips,LAD,P,RP,28.0,62.0,1.6,,,,,,,,61.33,0,24.0,2.05,210.0,3.16,0.832,66.0,1300000.0,2.791,False
2023,pivetni01,Nick Pivetta,BOS,P,RP,30.0,38.0,2.3,,,,,,,,142.67,16.0,1.0,4.04,113.0,3.96,1.121,183.0,5350000.0,4.965,False
2023,pocheco01,Colin Poche,TBR,P,RP,29.0,66.0,1.8,,,,,,,,60.67,0,1.0,2.23,190.0,3.34,1.088,61.0,1175000.0,3.663,False
2023,polanjo01,Jorge Polanco,MIN,H,2B,29.0,80.0,1.9,343.0,14.0,4.0,0.255,0.335,0.454,114.0,,,,,,,,,7500000.0,6.14,False
2023,prattni01,Nick Pratto,KCR,H,1B,24.0,95.0,-1.3,345.0,7.0,1.0,0.232,0.307,0.353,80.0,,,,,,,,,720000,0.39,True
2023,pressry01,Ryan Pressly,HOU,P,RP,34.0,65.0,0.2,,,,,,,,65.33,0,31.0,3.58,119.0,3.36,1.071,74.0,14000000.0,9.227,False
2023,priesqu01,Quinn Priester,PIT,P,SP,22.0,10.0,-0.9,,,,,,,,50.0,8.0,0.0,7.74,58.0,6.74,1.7,36.0,720000,0.0,True
2023,profaju01,Jurickson Profar,2TM,H,LF,30.0,125.0,-1.2,521.0,9.0,1.0,0.242,0.321,0.368,81.0,,,,,,,,,8750000.0,8.959,False
2023,pukaj01,A.J. Puk,MIA,P,RP,28.0,58.0,0.8,,,,,,,,56.67,0,15.0,3.97,119.0,3.59,1.182,78.0,736000.0,2.721,False
2023,quantca01,Cal Quantrill,CLE,P,SP,28.0,19.0,0,,,,,,,,99.67,19.0,0.0,5.24,81.0,4.79,1.465,58.0,5550000.0,3.767,False
2023,quintjo01,Jose Quintana,NYM,P,SP,34.0,13.0,1.6,,,,,,,,75.67,13.0,0.0,3.57,117.0,3.52,1.308,60.0,13000000.0,10.773,False
2023,raganco01,Cole Ragans,2TM,P,RP,25.0,29.0,2.3,,,,,,,,96.0,12.0,0.0,3.47,128.0,3.19,1.156,113.0,724145.0,0.366,False
2023,raleica01,Cal Raleigh,SEA,H,C,26.0,145.0,3.4,569.0,30.0,0.0,0.232,0.306,0.456,114.0,,,,,,,,,758300.0,1.494,False
2023,raleybr01,Brooks Raley,NYM,P,RP,35.0,66.0,1.3,,,,,,,,54.67,0,3.0,2.8,150.0,3.68,1.262,61.0,4500000.0,3.262,False
2023,raleylu01,Luke Raley,TBR,H,RF,28.0,118.0,2.4,406.0,19.0,14.0,0.249,0.333,0.49,125.0,2.67,0,0.0,30.38,16.0,12.26,4.125,1.0,722300.0,0.616,False
2023,ramirer02,Erasmo Ramírez,2TM,P,RP,33.0,38.0,-1.1,,,,,,,,60.33,2.0,0.0,6.41,67.0,5.05,1.575,43.0,1000000.0,7.983,False
2023,ramirha02,Harold Ramírez,TBR,H,DH,28.0,122.0,2.0,434.0,12.0,5.0,0.313,0.353,0.46,124.0,,,,,,,,,2200000.0,3.721,False
2023,ramirjo01,José Ramírez,CLE,H,3B,30.0,156.0,4.9,691.0,24.0,28.0,0.282,0.356,0.475,128.0,,,,,,,,,14000000.0,8.43,False
2023,reaco01,Colin Rea,MIL,P,SP,32.0,26.0,0.6,,,,,,,,124.67,22.0,0.0,4.55,95.0,4.9,1.187,110.0,,3.331,False
2023,realmjt01,J.T. Realmuto,PHI,H,C,32.0,135.0,3.5,540.0,20.0,16.0,0.252,0.31,0.452,105.0,,,,,,,,,23875000.0,8.221,False
2023,renfrhu01,Hunter Renfroe,2TM,H,RF,31.0,140.0,-0.5,548.0,20.0,0.0,0.233,0.297,0.416,92.0,,,,,,,,,11900000.0,5.959,False
2023,rengilu01,Luis Rengifo,LAA,H,2B,26.0,126.0,1.9,445.0,16.0,6.0,0.264,0.339,0.444,112.0,,,,,,,,,2300000.0,3.25,False
2023,reynobr01,Bryan Reynolds,PIT,H,LF,28.0,145.0,2.4,640.0,24.0,12.0,0.263,0.33,0.46,111.0,,,,,,,,,7000000.0,3.948,False
2023,richatr01,Trevor Richards,TOR,P,RP,30.0,56.0,-0.2,,,,,,,,72.67,3.0,0.0,4.95,87.0,4.22,1.349,105.0,1500000.0,4.488,False
2023,rileyau01,Austin Riley,ATL,H,3B,26.0,159.0,6.0,715.0,37.0,3.0,0.281,0.345,0.516,130.0,,,,,,,,,15000000.0,3.802,False
2023,rizzoan01,Anthony Rizzo,NYY,H,1B,33.0,99.0,0.5,421.0,12.0,0.0,0.244,0.328,0.378,94.0,,,,,,,,,17000000.0,10.977,False
2023,roberda08,David Robertson,2TM,P,RP,38.0,62.0,1.7,,,,,,,,65.33,0,18.0,3.03,145.0,3.55,1.194,78.0,10000000.0,13.692,False
2023,roberlu01,Luis Robert Jr.,CHW,H,CF,25.0,145.0,5.3,595.0,38.0,20.0,0.264,0.315,0.542,130.0,,,,,,,,,9500000.0,3.0,False
2023,rodonca01,Carlos Rodón,NYY,P,SP,30.0,14.0,-0.8,,,,,,,,64.33,14.0,0.0,6.85,63.0,5.79,1.446,64.0,22833333.0,7.977,False
2023,rodried05,Eduardo Rodríguez,DET,P,SP,30.0,26.0,3.2,,,,,,,,152.67,26.0,0.0,3.3,131.0,3.66,1.153,143.0,14000000.0,7.407,False
2023,rodrigr01,Grayson Rodriguez,BAL,P,SP,23.0,23.0,0.9,,,,,,,,122.0,23.0,0.0,4.35,94.0,3.93,1.336,129.0,720000,0.0,True
2023,rodriju01,Julio Rodríguez,SEA,H,CF,22.0,155.0,5.5,714.0,32.0,37.0,0.275,0.333,0.485,130.0,,,,,,,,,6185715.0,1.0,False
2023,rogerja03,Jake Rogers,DET,H,C,28.0,107.0,0.8,365.0,21.0,1.0,0.221,0.286,0.444,98.0,,,,,,,,,726000.0,2.233,False
2023,rogerta01,Taylor Rogers,SFG,P,RP,32.0,60.0,0.4,,,,,,,,51.67,0,2.0,3.83,109.0,3.91,1.239,64.0,9000000.0,6.843,False
2023,rogerty01,Tyler Rogers,SFG,P,RP,32.0,68.0,1.6,,,,,,,,74.0,0,2.0,3.04,138.0,3.76,1.149,60.0,1675000.0,3.198,False
2023,rojasjo01,Josh Rojas,2TM,H,2B,29.0,105.0,0.4,350.0,4.0,12.0,0.245,0.303,0.338,78.0,2.0,0,0.0,18.0,29.0,3.76,3.5,1.0,2575000.0,2.884,False
2023,rojasmi02,Miguel Rojas,LAD,H,SS,34.0,124.0,1.4,423.0,5.0,8.0,0.236,0.29,0.322,67.0,3.0,0,0.0,6.0,80.0,5.26,1.333,0.0,4250000.0,8.25,False
2023,romanjo03,Jordan Romano,TOR,P,RP,30.0,59.0,2.2,,,,,,,,59.0,0,36.0,2.9,149.0,3.46,1.22,72.0,4537500.0,3.297,False
2023,rookebr01,Brent Rooker,ATH,H,DH,28.0,137.0,2.0,526.0,30.0,4.0,0.246,0.329,0.488,127.0,,,,,,,,,725000.0,1.343,False
2023,rosaram01,Amed Rosario,2TM,H,SS,27.0,142.0,0.4,545.0,6.0,15.0,0.263,0.305,0.378,87.0,,,,,,,,,7800000.0,5.36,False
2023,rosared01,Eddie Rosario,ATL,H,LF,31.0,142.0,1.2,516.0,21.0,3.0,0.255,0.305,0.45,101.0,,,,,,,,,9000000.0,7.698,False
2023,ruizes01,Esteury Ruiz,ATH,H,CF,24.0,132.0,-0.3,497.0,5.0,67.0,0.254,0.309,0.345,85.0,,,,,,,,,720000.0,0.169,False
2023,ruizke01,Keibert Ruiz,WSN,H,C,24.0,136.0,1.4,562.0,18.0,1.0,0.26,0.308,0.409,98.0,,,,,,,,,1375000.0,1.372,False
2023,rutscad01,Adley Rutschman,BAL,H,C,25.0,154.0,4.3,687.0,20.0,1.0,0.277,0.374,0.435,128.0,,,,,,,,,733900.0,1.0,False
2023,ryanjo04,Joe Ryan,MIN,P,SP,27.0,29.0,1.6,,,,,,,,161.67,29.0,0.0,4.51,97.0,4.13,1.169,197.0,730250.0,1.192,False
2023,ryuhy01,Hyun Jin Ryu,TOR,P,SP,36.0,11.0,0.5,,,,,,,,52.0,11.0,0.0,3.46,125.0,4.91,1.288,38.0,20000000.0,10.0,False
2023,sabolbl01,Blake Sabol,SFG,H,C,25.0,110.0,0.2,344.0,13.0,4.0,0.235,0.301,0.394,92.0,,,,,,,,,720000,0.0,True
2023,salech01,Chris Sale,BOS,P,SP,34.0,20.0,1.6,,,,,,,,102.67,20.0,0.0,4.3,106.0,3.8,1.13,125.0,27500000.0,12.355,False
2023,sanchcr01,Cristopher Sánchez,PHI,P,SP,26.0,19.0,2.1,,,,,,,,99.33,18.0,0.0,3.44,125.0,3.99,1.047,96.0,725000.0,0.721,False
2023,sanchje02,Jesús Sánchez,MIA,H,RF,25.0,125.0,1.5,402.0,14.0,3.0,0.253,0.327,0.45,104.0,,,,,,,,,738000.0,1.686,False
2023,sandlni01,Nick Sandlin,CLE,P,RP,26.0,61.0,0.4,,,,,,,,60.0,0,0.0,3.75,114.0,4.96,1.033,66.0,726000.0,1.913,False
2023,sandopa02,Patrick Sandoval,LAA,P,SP,26.0,28.0,0.4,,,,,,,,144.67,28.0,0.0,4.11,109.0,4.18,1.514,128.0,2750000.0,2.866,False
2023,santaan02,Anthony Santander,BAL,H,RF,28.0,153.0,3.0,656.0,28.0,5.0,0.257,0.325,0.472,121.0,,,,,,,,,7400000.0,4.942,False
2023,santaca01,Carlos Santana,2TM,H,1B,37.0,146.0,2.7,619.0,23.0,6.0,0.24,0.318,0.429,101.0,,,,,,,,,6750000.0,12.669,False
2023,santogr01,Gregory Santos,CHW,P,RP,23.0,60.0,1.2,,,,,,,,66.33,0,5.0,3.39,131.0,2.65,1.296,66.0,720000.0,0.32,False
2023,sborzjo01,Josh Sborz,TEX,P,RP,29.0,44.0,-0.7,1.0,,,,,,,52.33,0,0.0,5.5,78.0,3.75,1.146,66.0,733450.0,2.32,False
2023,scherma01,Max Scherzer,2TM,P,SP,38.0,27.0,3.1,,,,,,,,152.67,27.0,0.0,3.77,112.0,4.32,1.12,174.0,43333333.0,14.459,False
2023,schmicl01,Clarke Schmidt,NYY,P,SP,27.0,33.0,0.7,,,,,,,,159.0,32.0,0.0,4.64,93.0,4.42,1.352,149.0,740475.0,1.86,False
2023,scholje01,Jesse Scholtens,CHW,P,RP,29.0,26.0,0.2,,,,,,,,85.0,11.0,1.0,5.29,84.0,5.31,1.529,58.0,720000,0.0,True
2023,schwaky01,Kyle Schwarber,PHI,H,LF,30.0,160.0,0.7,720.0,47.0,0.0,0.197,0.343,0.474,121.0,,,,,,,,,20000000.0,7.5,False
2023,scottta01,Tanner Scott,MIA,P,RP,28.0,74.0,3.9,,,,,,,,78.0,0,12.0,2.31,204.0,2.17,0.987,104.0,2825000.0,4.343,False
2023,seaboco01,Connor Seabold,COL,P,RP,27.0,27.0,-1.3,,,,,,,,87.33,13.0,0.0,7.52,66.0,5.75,1.649,67.0,722000.0,0.337,False
2023,seageco01,Corey Seager,TEX,H,SS,29.0,119.0,7.2,536.0,33.0,2.0,0.327,0.39,0.623,174.0,,,,,,,,,35500000.0,7.186,False
2023,searsjp01,JP Sears,ATH,P,SP,27.0,32.0,2.9,,,,,,,,172.33,32.0,0.0,4.54,93.0,5.15,1.265,161.0,720000.0,0.471,False
2023,segurje01,Jean Segura,MIA,H,3B,33.0,85.0,-2.1,326.0,3.0,6.0,0.219,0.277,0.279,49.0,,,,,,,,,6500000.0,10.378,False
2023,semiema01,Marcus Semien,TEX,H,2B,32.0,162.0,7.7,753.0,29.0,14.0,0.276,0.348,0.478,126.0,,,,,,,,,26000000.0,8.686,False
2023,sengako01,Kodai Senga,NYM,P,SP,30.0,29.0,4.5,,,,,,,,166.33,29.0,0.0,2.98,140.0,3.63,1.22,202.0,15000000.0,0.0,False
2023,senzeni01,Nick Senzel,CIN,H,3B,28.0,104.0,0,330.0,13.0,6.0,0.236,0.297,0.399,84.0,,,,,,,,,1950000.0,3.872,False
2023,severlu01,Luis Severino,NYY,P,SP,29.0,19.0,-1.5,,,,,,,,89.33,18.0,0.0,6.65,65.0,6.14,1.646,79.0,15000000.0,6.988,False
2023,sewalpa01,Paul Sewald,2TM,P,RP,33.0,65.0,1.2,,,,,,,,60.67,0,34.0,3.12,132.0,3.57,1.154,80.0,4100000.0,4.419,False
2023,sheehem01,Emmet Sheehan,LAD,P,SP,23.0,13.0,0.3,,,,,,,,60.33,11.0,1.0,4.92,88.0,4.85,1.193,64.0,720000,0.0,True
2023,sheetga01,Gavin Sheets,CHW,H,RF,27.0,118.0,-1.5,344.0,10.0,1.0,0.203,0.267,0.331,64.0,,,,,,,,,735000.0,1.442,False
2023,shustja01,Jared Shuster,ATL,P,SP,24.0,11.0,-0.2,,,,,,,,52.67,11.0,0.0,5.81,75.0,5.38,1.5,30.0,720000,0.0,True
2023,silsech01,Chase Silseth,LAA,P,SP,23.0,16.0,0.8,,,,,,,,52.33,8.0,0.0,3.96,113.0,4.96,1.28,56.0,720000,0.0,True
2023,simslu01,Lucas Sims,CIN,P,RP,29.0,67.0,1.8,,,,,,,,61.0,0,3.0,3.1,151.0,4.37,1.18,72.0,1267500.0,4.081,False
2023,singebr01,Brady Singer,KCR,P,SP,26.0,29.0,0.3,,,,,,,,159.67,29.0,0.0,5.52,81.0,4.29,1.447,133.0,2950000.0,2.907,False
2023,sirijo01,Jose Siri,TBR,H,CF,27.0,101.0,1.6,364.0,25.0,12.0,0.222,0.267,0.494,105.0,,,,,,,,,731600.0,1.087,False
2023,skubata01,Tarik Skubal,DET,P,SP,26.0,15.0,2.0,,,,,,,,80.33,15.0,0.0,2.8,155.0,2.0,0.896,102.0,720000,2.663,True
2023,smithdo02,Dominic Smith,WSN,H,1B,28.0,153.0,0.9,586.0,12.0,1.0,0.254,0.326,0.366,93.0,,,,,,,,,2000000.0,4.471,False
2023,smithdr01,Drew Smith,NYM,P,RP,29.0,62.0,0,,,,,,,,56.33,0,3.0,4.15,101.0,4.55,1.402,60.0,1300000.0,4.198,False
2023,smithwi04,Will Smith,TEX,P,RP,33.0,60.0,0,,,,,,,,57.33,0,22.0,4.4,98.0,3.36,1.064,55.0,1500000.0,9.901,False
2023,smithwi05,Will Smith,LAD,H,C,28.0,126.0,4.1,554.0,19.0,3.0,0.261,0.359,0.438,116.0,,,,,,,,,5250000.0,3.523,False
2023,smylydr01,Drew Smyly,CHC,P,SP,34.0,41.0,-0.3,,,,,,,,142.33,23.0,0.0,5.0,85.0,4.96,1.426,141.0,9000000.0,10.831,False
2023,snellbl01,Blake Snell,SDP,P,SP,30.0,32.0,6.5,,,,,,,,180.0,32.0,0.0,2.25,187.0,3.44,1.189,234.0,16600000.0,6.419,False
2023,solando01,Donovan Solano,MIN,H,1B,35.0,134.0,1.6,450.0,5.0,0.0,0.282,0.369,0.391,110.0,,,,,,,,,2000000.0,7.471,False
2023,solerjo01,Jorge Soler,MIA,H,DH,31.0,137.0,1.5,580.0,36.0,1.0,0.25,0.341,0.512,123.0,,,,,,,,,15000000.0,7.831,False
2023,soriage01,George Soriano,MIA,P,RP,24.0,26.0,0.6,,,,,,,,52.0,1.0,1.0,3.81,124.0,4.37,1.327,52.0,720000,0.0,True
2023,sosaed01,Edmundo Sosa,PHI,H,3B,27.0,104.0,0.6,300.0,10.0,4.0,0.251,0.293,0.427,94.0,,,,,,,,,950000.0,2.814,False
2023,sotogr01,Gregory Soto,PHI,P,RP,28.0,69.0,0,,,,,,,,60.33,0,3.0,4.62,93.0,3.59,1.144,65.0,3925000.0,3.593,False
2023,sotoju01,Juan Soto,SDP,H,LF,24.0,162.0,5.3,708.0,35.0,12.0,0.275,0.41,0.519,155.0,,,,,,,,,23000000.0,4.779,False
2023,speiega01,Gabe Speier,SEA,P,RP,28.0,69.0,0.5,,,,,,,,54.67,0,1.0,3.79,105.0,3.35,1.061,64.0,720000,1.174,True
2023,springe01,George Springer,TOR,H,RF,33.0,154.0,2.0,683.0,21.0,20.0,0.258,0.327,0.405,102.0,,,,,,,,,24166667.0,8.965,False
2023,stanery01,Ryne Stanek,HOU,P,RP,31.0,55.0,0.4,,,,,,,,50.67,0,0.0,4.09,104.0,4.6,1.243,51.0,3600000.0,5.221,False
2023,stantmi03,Giancarlo Stanton,NYY,H,DH,33.0,101.0,-0.8,415.0,24.0,0.0,0.191,0.275,0.42,87.0,,,,,,,,,32000000.0,12.686,False
2023,steelju01,Justin Steele,CHC,P,SP,27.0,30.0,3.2,,,,,,,,173.33,30.0,0.0,3.06,139.0,3.02,1.171,176.0,740000.0,1.831,False
2023,steersp01,Spencer Steer,CIN,H,1B,25.0,156.0,2.9,665.0,23.0,15.0,0.271,0.356,0.464,117.0,,,,,,,,,720000.0,0.203,False
2023,stephro01,Robert Stephenson,2TM,P,RP,30.0,60.0,1.2,,,,,,,,52.33,0,1.0,3.1,140.0,3.22,0.879,77.0,1750000.0,5.285,False
2023,stephtr01,Trevor Stephan,CLE,P,RP,27.0,71.0,0.4,,,,,,,,68.67,0,2.0,4.06,105.0,3.56,1.296,75.0,1350000.0,2.0,False
2023,stephty01,Tyler Stephenson,CIN,H,C,26.0,142.0,0.6,517.0,13.0,0.0,0.243,0.317,0.378,85.0,,,,,,,,,740000.0,2.326,False
2023,stottbr01,Bryson Stott,PHI,H,2B,25.0,151.0,4.3,640.0,15.0,31.0,0.28,0.329,0.419,103.0,,,,,,,,,734500.0,1.0,False
2023,strahma01,Matt Strahm,PHI,P,RP,31.0,56.0,2.2,,,,,,,,87.67,10.0,2.0,3.29,131.0,3.24,1.015,108.0,7500000.0,6.372,False
2023,stratch01,Chris Stratton,2TM,P,RP,32.0,64.0,0.5,,,,,,,,82.67,0,1.0,3.92,112.0,3.53,1.137,81.0,2800000.0,5.581,False
2023,strawmy01,Myles Straw,CLE,H,CF,28.0,147.0,0.9,518.0,1.0,20.0,0.238,0.301,0.297,67.0,,,,,,,,,2900000.0,3.651,False
2023,stridsp01,Spencer Strider,ATL,P,SP,24.0,32.0,3.0,,,,,,,,186.67,32.0,0.0,3.86,113.0,2.85,1.093,281.0,1000000.0,1.017,False
2023,stripro01,Ross Stripling,SFG,P,SP,33.0,22.0,0.1,,,,,,,,89.0,11.0,0.0,5.36,78.0,5.21,1.348,70.0,10000000.0,6.669,False
2023,stromma01,Marcus Stroman,CHC,P,SP,32.0,27.0,1.3,,,,,,,,136.67,25.0,0.0,3.95,108.0,3.58,1.259,119.0,25000000.0,8.151,False
2023,suareeu01,Eugenio Suárez,SEA,H,3B,31.0,162.0,2.4,694.0,22.0,2.0,0.232,0.323,0.391,103.0,,,,,,,,,11285715.0,8.355,False
2023,suarera01,Ranger Suarez,PHI,P,SP,27.0,22.0,2.4,,,,,,,,125.0,22.0,0.0,4.18,103.0,3.9,1.416,119.0,2950000.0,3.651,False
2023,suterbr01,Brent Suter,COL,P,RP,33.0,57.0,0.7,,,,,,,,69.33,2.0,0.0,3.38,147.0,3.44,1.298,55.0,3000000.0,5.936,False
2023,suwinja01,Jack Suwinski,PIT,H,CF,24.0,144.0,2.1,534.0,26.0,13.0,0.224,0.339,0.454,113.0,,,,,,,,,725000.0,0.686,False
2023,suzukse01,Seiya Suzuki,CHC,H,RF,28.0,138.0,3.2,583.0,20.0,6.0,0.285,0.357,0.485,130.0,,,,,,,,,18000000.0,1.0,False
2023,swansda01,Dansby Swanson,CHC,H,SS,29.0,147.0,5.2,638.0,22.0,9.0,0.244,0.328,0.416,104.0,,,,,,,,,14000000.0,6.273,False
2023,swanser01,Erik Swanson,TOR,P,RP,29.0,69.0,1.5,,,,,,,,66.67,0,4.0,2.97,145.0,3.51,1.095,75.0,1250000.0,3.558,False
2023,syndeno01,Noah Syndergaard,2TM,P,SP,30.0,18.0,-1.1,,,,,,,,88.67,18.0,0.0,6.5,66.0,6.2,1.387,56.0,13000000.0,7.866,False
2023,taillja01,Jameson Taillon,CHC,P,SP,31.0,30.0,-0.4,,,,,,,,154.33,29.0,1.0,4.84,88.0,4.61,1.276,140.0,14000000.0,6.64,False
2023,tatisfe02,Fernando Tatis Jr.,SDP,H,RF,24.0,141.0,5.2,635.0,25.0,29.0,0.257,0.322,0.449,110.0,,,,,,,,,7714285.0,3.738,False
2023,tauchmi01,Mike Tauchman,CHC,H,CF,32.0,108.0,2.7,401.0,8.0,7.0,0.252,0.363,0.377,105.0,,,,,,,,,720000,2.831,True
2023,taverle01,Leody Taveras,TEX,H,CF,24.0,143.0,2.9,554.0,14.0,14.0,0.266,0.312,0.421,101.0,,,,,,,,,733445.0,1.721,False
2023,tayloch03,Chris Taylor,LAD,H,LF,32.0,117.0,1.5,384.0,15.0,16.0,0.237,0.326,0.42,102.0,,,,,,,,,15000000.0,7.215,False
2023,taylomi02,Michael A. Taylor,MIN,H,CF,32.0,129.0,1.9,388.0,21.0,13.0,0.22,0.278,0.442,93.0,,,,,,,,,4500000.0,7.75,False
2023,teherju01,Julio Teheran,MIL,P,SP,32.0,14.0,0.5,,,,,,,,71.67,11.0,0.0,4.4,98.0,4.93,1.13,50.0,1500000.0,9.36,False
2023,tellero01,Rowdy Tellez,MIL,H,1B,28.0,105.0,-0.7,351.0,13.0,0.0,0.215,0.291,0.376,81.0,1.0,0,0.0,0.0,,1.26,1.0,1.0,4950000.0,4.023,False
2023,thaisma01,Matt Thaiss,LAA,H,C,28.0,95.0,0.4,307.0,9.0,2.0,0.214,0.319,0.34,81.0,,,,,,,,,740000.0,1.221,False
2023,thomaal01,Alek Thomas,ARI,H,CF,23.0,125.0,1.0,402.0,9.0,9.0,0.23,0.273,0.374,74.0,,,,,,,,,735200.0,0.878,False
2023,thomala02,Lane Thomas,WSN,H,RF,27.0,156.0,3.2,682.0,28.0,20.0,0.268,0.315,0.468,115.0,1.0,0,0.0,27.0,21.0,14.26,3.0,1.0,2200000.0,3.081,False
2023,thompma02,Mason Thompson,WSN,P,RP,25.0,51.0,-0.4,,,,,,,,54.0,0,1.0,5.5,78.0,4.03,1.556,44.0,724400.0,1.267,False
2023,thompza02,Zack Thompson,STL,P,RP,25.0,25.0,0.6,,,,,,,,66.33,9.0,0.0,4.48,98.0,3.87,1.417,72.0,725000.0,0.581,False
2023,tonkimi01,Michael Tonkin,ATL,P,RP,33.0,45.0,0.3,,,,,,,,80.0,0,1.0,4.28,102.0,4.43,1.088,75.0,750000.0,2.43,False
2023,topaju01,Justin Topa,SEA,P,RP,32.0,75.0,1.6,,,,,,,,69.0,0,3.0,2.61,152.0,3.15,1.145,61.0,720000,2.256,True
2023,torkesp01,Spencer Torkelson,DET,H,1B,23.0,159.0,1.0,684.0,31.0,3.0,0.233,0.313,0.446,107.0,,,,,,,,,723100.0,0.797,False
2023,torregl01,Gleyber Torres,NYY,H,2B,26.0,158.0,2.9,672.0,25.0,13.0,0.273,0.347,0.453,118.0,,,,,,,,,9950000.0,4.942,False
2023,toussto01,Touki Toussaint,2TM,P,SP,27.0,20.0,1.0,,,,,,,,87.0,16.0,0.0,4.97,89.0,5.0,1.448,85.0,720000,,True
2023,tovarez01,Ezequiel Tovar,COL,H,SS,21.0,153.0,2.5,615.0,15.0,11.0,0.253,0.287,0.408,79.0,,,,,,,,,722000.0,0.081,False
2023,troutmi01,Mike Trout,LAA,H,CF,31.0,82.0,2.9,362.0,18.0,2.0,0.263,0.367,0.49,132.0,,,,,,,,,37116667.0,11.407,False
2023,tuckeky01,Kyle Tucker,HOU,H,RF,26.0,157.0,5.5,674.0,29.0,30.0,0.284,0.369,0.517,142.0,,,,,,,,,5000000.0,3.459,False
2023,turanbr02,Brice Turang,MIL,H,2B,23.0,137.0,1.5,448.0,6.0,26.0,0.218,0.285,0.3,61.0,,,,,,,,,,0.0,False
2023,turneju01,Justin Turner,BOS,H,DH,38.0,146.0,2.1,626.0,23.0,4.0,0.276,0.345,0.455,114.0,,,,,,,,,8300000.0,12.262,False
2023,turnetr01,Trea Turner,PHI,H,SS,30.0,155.0,3.5,691.0,26.0,30.0,0.266,0.32,0.459,110.0,,,,,,,,,27272727.0,6.785,False
2023,uriasju01,Julio Urías,LAD,P,SP,26.0,21.0,0.6,,,,,,,,117.33,21.0,0.0,4.6,94.0,4.69,1.159,117.0,14250000.0,5.68,False
2023,uriasra01,Ramón Urías,BAL,H,3B,29.0,116.0,1.8,396.0,4.0,3.0,0.264,0.328,0.375,98.0,,,,,,,,,734700.0,2.145,False
2023,urquijo01,José Urquidy,HOU,P,SP,28.0,16.0,0,,,,,,,,63.0,10.0,1.0,5.29,81.0,5.38,1.429,45.0,3025000.0,3.285,False
2023,valdefr01,Framber Valdez,HOU,P,SP,29.0,31.0,3.2,,,,,,,,198.0,31.0,0.0,3.45,123.0,3.5,1.126,200.0,6800000.0,3.948,False
2023,vargami01,Miguel Vargas,LAD,H,2B,23.0,81.0,0.1,304.0,7.0,3.0,0.195,0.305,0.367,82.0,,,,,,,,,722500.0,0.238,False
2023,varlalo01,Louis Varland,MIN,P,SP,25.0,17.0,0.6,,,,,,,,68.0,10.0,0.0,4.63,95.0,5.02,1.221,71.0,720000,0.0,True
2023,varshda01,Daulton Varsho,TOR,H,LF,26.0,158.0,3.6,581.0,20.0,16.0,0.22,0.285,0.389,84.0,,,,,,,,,3050000.0,2.744,False
2023,vaughan01,Andrew Vaughn,CHW,H,1B,25.0,152.0,1.1,615.0,21.0,0.0,0.258,0.314,0.429,102.0,,,,,,,,,760000.0,2.0,False
2023,vazquch01,Christian Vázquez,MIN,H,C,32.0,102.0,-0.4,355.0,6.0,1.0,0.223,0.28,0.318,64.0,,,,,,,,,10000000.0,8.18,False
2023,verdual01,Alex Verdugo,BOS,H,RF,27.0,142.0,2.7,602.0,13.0,5.0,0.264,0.324,0.421,100.0,,,,,,,,,6300000.0,4.453,False
2023,verhadr01,Drew VerHagen,STL,P,RP,32.0,60.0,0.5,,,,,,,,61.0,0,0.0,3.98,111.0,4.93,1.279,60.0,3000000.0,4.384,False
2023,verlaju01,Justin Verlander,2TM,P,SP,40.0,27.0,3.5,,,,,,,,162.33,27.0,0.0,3.22,131.0,3.85,1.133,144.0,43333333.0,17.012,False
2023,vierlma01,Matt Vierling,DET,H,RF,26.0,134.0,1.5,530.0,10.0,6.0,0.261,0.329,0.388,98.0,,,,,,,,,727100.0,1.151,False
2023,vogelda01,Daniel Vogelbach,NYM,H,DH,30.0,104.0,0.2,319.0,13.0,0.0,0.233,0.339,0.404,105.0,,,,,,,,,1500000.0,4.802,False
2023,volpean01,Anthony Volpe,NYY,H,SS,22.0,159.0,3.3,601.0,21.0,24.0,0.209,0.283,0.383,81.0,,,,,,,,,720000.0,0.0,False
2023,wachami01,Michael Wacha,SDP,P,SP,31.0,24.0,2.7,,,,,,,,134.33,24.0,0.0,3.22,131.0,3.89,1.161,124.0,7500000.0,9.36,False
2023,wadela01,LaMonte Wade Jr.,SFG,H,1B,29.0,135.0,2.8,519.0,17.0,2.0,0.256,0.373,0.417,120.0,,,,,,,,,1375000.0,3.203,False
2023,wainwad01,Adam Wainwright,STL,P,SP,41.0,21.0,-1.9,2.0,,,,,,,101.0,21.0,0.0,7.4,59.0,5.99,1.901,55.0,17500000.0,17.157,False
2023,waldike01,Ken Waldichuk,ATH,P,SP,25.0,35.0,0.2,,,,,,,,141.0,22.0,1.0,5.36,78.0,5.3,1.56,132.0,720000.0,0.203,False
2023,walkech02,Christian Walker,ARI,H,1B,32.0,157.0,3.7,661.0,33.0,11.0,0.258,0.333,0.497,122.0,,,,,,,,,6500000.0,4.721,False
2023,walkejo02,Jordan Walker,STL,H,RF,21.0,117.0,-0.1,465.0,16.0,7.0,0.276,0.342,0.445,113.0,,,,,,,,,720000,0.0,True
2023,walkery01,Ryan Walker,SFG,P,RP,27.0,49.0,0.9,,,,,,,,61.33,13.0,1.0,3.23,130.0,3.68,1.386,78.0,720000,0.0,True
2023,walketa01,Taijuan Walker,PHI,P,SP,30.0,31.0,2.6,,,,,,,,172.67,31.0,0.0,4.38,98.0,4.53,1.309,138.0,18000000.0,8.826,False
2023,wallsta01,Taylor Walls,TBR,H,3B,26.0,99.0,2.0,349.0,8.0,22.0,0.201,0.305,0.333,78.0,,,,,,,,,727600.0,1.535,False
2023,wardta01,Taylor Ward,LAA,H,LF,29.0,97.0,1.7,409.0,14.0,4.0,0.253,0.335,0.421,105.0,,,,,,,,,2750000.0,2.953,False
2023,waterdr01,Drew Waters,KCR,H,CF,24.0,98.0,0.6,337.0,8.0,16.0,0.228,0.3,0.377,84.0,,,,,,,,,720000,0.262,True
2023,weathry01,Ryan Weathers,2TM,P,SP,23.0,15.0,-0.8,,,,,,,,57.67,12.0,0.0,6.55,67.0,6.03,1.682,43.0,727600.0,1.006,False
2023,weavelu01,Luke Weaver,3TM,P,SP,29.0,29.0,-0.6,,,,,,,,123.67,25.0,0.0,6.4,71.0,5.61,1.577,109.0,2000000.0,5.651,False
2023,webbja01,Jacob Webb,2TM,P,RP,29.0,54.0,0.9,,,,,,,,53.67,0,1.0,3.69,118.0,4.48,1.286,57.0,720000,2.267,True
2023,webblo01,Logan Webb,SFG,P,SP,26.0,33.0,5.6,,,,,,,,216.0,33.0,0.0,3.25,128.0,3.16,1.074,194.0,4600000.0,3.256,False
2023,weemsjo01,Jordan Weems,WSN,P,RP,30.0,51.0,0.7,,,,,,,,54.67,0,0.0,3.62,118.0,4.9,1.207,60.0,720000,1.32,True
2023,wellsty01,Tyler Wells,BAL,P,SP,28.0,25.0,1.7,,,,,,,,118.67,20.0,1.0,3.64,112.0,4.98,0.986,117.0,732400.0,2.0,False
2023,wendljo01,Joey Wendle,MIA,H,SS,33.0,112.0,-0.4,318.0,2.0,7.0,0.212,0.248,0.306,47.0,,,,,,,,,6000000.0,5.512,False
2023,wentzjo01,Joey Wentz,DET,P,SP,25.0,25.0,-2.0,,,,,,,,105.67,19.0,0.0,6.9,63.0,5.81,1.685,98.0,723500.0,0.174,False
2023,wesneha01,Hayden Wesneski,CHC,P,RP,25.0,34.0,0.1,,,,,,,,89.33,11.0,0.0,4.63,92.0,5.48,1.276,83.0,721500.0,0.18,False
2023,wheelza01,Zack Wheeler,PHI,P,SP,33.0,32.0,4.2,,,,,,,,192.0,32.0,0.0,3.61,119.0,3.15,1.078,212.0,24500000.0,9.57,False
2023,whitlga01,Garrett Whitlock,BOS,P,RP,27.0,22.0,0.3,,,,,,,,71.67,10.0,1.0,5.15,89.0,4.27,1.326,72.0,1250000.0,2.0,False
2023,wiemejo01,Joey Wiemer,MIL,H,CF,24.0,132.0,0.9,410.0,13.0,11.0,0.204,0.283,0.362,75.0,,,,,,,,,720000,0.0,True
2023,willibr02,Brandon Williamson,CIN,P,SP,25.0,23.0,1.6,,,,,,,,117.0,23.0,0.0,4.46,104.0,4.63,1.282,98.0,720000,0.0,True
2023,willide03,Devin Williams,MIL,P,RP,28.0,61.0,2.6,,,,,,,,58.67,0,36.0,1.53,282.0,2.66,0.92,87.0,3350000.0,3.326,False
2023,williga01,Gavin Williams,CLE,P,SP,23.0,16.0,2.0,,,,,,,,82.0,16.0,0.0,3.29,129.0,4.05,1.256,81.0,720000,0.0,True
2023,willitr01,Trevor Williams,WSN,P,SP,31.0,30.0,-0.2,,,,,,,,144.33,30.0,0.0,5.55,77.0,5.98,1.6,111.0,6000000.0,6.157,False
2023,wilsobr02,Bryse Wilson,MIL,P,RP,25.0,53.0,1.5,,,,,,,,76.67,0,3.0,2.58,167.0,4.13,1.07,61.0,732600.0,2.209,False
2023,wilsost02,Steven Wilson,SDP,P,RP,28.0,52.0,0.5,,,,,,,,53.0,0,0.0,3.91,108.0,4.52,1.17,57.0,726400.0,1.0,False
2023,winckjo01,Josh Winckowski,BOS,P,RP,25.0,60.0,1.8,,,,,,,,84.33,1.0,3.0,2.88,158.0,3.91,1.423,82.0,722000.0,0.43,False
2023,wisdopa01,Patrick Wisdom,CHC,H,3B,31.0,97.0,0.5,302.0,23.0,4.0,0.205,0.289,0.5,112.0,,,,,,,,,763000.0,2.337,False
2023,wittbo02,Bobby Witt Jr.,KCR,H,SS,23.0,158.0,4.3,694.0,30.0,49.0,0.276,0.319,0.495,118.0,,,,,,,,,745750.0,1.0,False
2023,wongco01,Connor Wong,BOS,H,C,27.0,126.0,2.2,403.0,9.0,8.0,0.235,0.288,0.385,80.0,,,,,,,,,722000.0,0.459,False
2023,woobr01,Bryan Woo,SEA,P,SP,23.0,18.0,0.5,,,,,,,,87.67,18.0,0.0,4.21,94.0,4.36,1.209,93.0,720000,0.0,True
2023,woodal02,Alex Wood,SFG,P,RP,32.0,29.0,0.6,,,,,,,,97.67,12.0,0.0,4.33,97.0,4.47,1.433,74.0,12500000.0,9.715,False
2023,woodrbr01,Brandon Woodruff,MIL,P,SP,30.0,11.0,2.3,,,,,,,,67.0,11.0,0.0,2.28,189.0,3.6,0.821,74.0,10800000.0,4.936,False
2023,yarbrry01,Ryan Yarbrough,2TM,P,RP,31.0,25.0,0.7,,,,,,,,89.67,9.0,2.0,4.52,98.0,4.38,1.227,67.0,3000000.0,4.68,False
2023,yastrmi01,Mike Yastrzemski,SFG,H,RF,32.0,106.0,2.4,381.0,15.0,2.0,0.233,0.33,0.445,114.0,,,,,,,,,6100000.0,3.744,False
2023,yateski01,Kirby Yates,ATL,P,RP,36.0,61.0,1.1,,,,,,,,60.33,0,5.0,3.28,133.0,4.63,1.193,80.0,6000000.0,8.122,False
2023,yelicch01,Christian Yelich,MIL,H,LF,31.0,144.0,3.5,632.0,19.0,28.0,0.278,0.37,0.447,123.0,,,,,,,,,26000000.0,9.401,False
2023,yoshima02,Masataka Yoshida,BOS,H,LF,29.0,140.0,1.4,580.0,15.0,8.0,0.289,0.338,0.445,109.0,,,,,,,,,15600000.0,0.0,False
2023,youngal01,Alex Young,CIN,P,RP,29.0,63.0,0.8,,,,,,,,53.67,0,1.0,3.86,121.0,4.99,1.36,50.0,1150000.0,2.831,False
2024,abbotan01,Andrew Abbott,CIN,P,SP,25.0,25.0,3.3,,,,,,,,138.0,25.0,0.0,3.72,118.0,5.04,1.297,114.0,742500.0,0.692,False
2024,abramcj01,CJ Abrams,WSN,H,SS,23.0,138.0,3.3,602.0,20.0,31.0,0.246,0.314,0.433,109.0,,,,,,,,,752400.0,1.756,False
2024,abreubr01,Bryan Abreu,HOU,P,RP,27.0,78.0,1.8,,,,,,,,78.33,0,1.0,3.1,130.0,3.49,1.162,103.0,1750000.0,3.128,False
2024,abreuwi02,Wilyer Abreu,BOS,H,RF,25.0,132.0,3.6,447.0,15.0,8.0,0.253,0.322,0.459,118.0,,,,,,,,,749500.0,0.238,False
2024,adamewi01,Willy Adames,MIL,H,SS,28.0,161.0,3.2,688.0,32.0,21.0,0.251,0.331,0.462,119.0,,,,,,,,,12250000.0,5.61,False
2024,adamja01,Jason Adam,2TM,P,RP,32.0,74.0,2.6,,,,,,,,73.67,0,4.0,1.95,208.0,3.03,0.855,81.0,2700000.0,3.767,False
2024,adelljo01,Jo Adell,LAA,H,RF,25.0,130.0,0.8,451.0,20.0,15.0,0.207,0.28,0.402,90.0,,,,,,,,,770000.0,2.494,False
2024,akinke01,Keegan Akin,BAL,P,RP,29.0,66.0,1.2,,,,,,,,78.67,0,1.0,3.32,117.0,2.99,0.941,97.0,825000.0,3.483,False
2024,albieoz01,Ozzie Albies,ATL,H,2B,27.0,99.0,1.6,435.0,10.0,8.0,0.251,0.303,0.404,95.0,,,,,,,,,7000000.0,6.36,False
2024,alcaljo01,Jorge Alcala,MIN,P,RP,28.0,54.0,1.4,,,,,,,,58.33,0,0.0,3.24,130.0,4.14,1.029,58.0,790000.0,4.081,False
2024,alexaty01,Tyler Alexander,TBR,P,RP,29.0,23.0,0.4,,,,,,,,107.67,9.0,0.0,5.1,78.0,5.08,1.245,90.0,1950000.0,4.337,False
2024,allenlo02,Logan Allen,CLE,P,SP,25.0,20.0,-1.1,,,,,,,,97.33,20.0,0.0,5.73,70.0,5.87,1.582,79.0,744300.0,0.942,False
2024,alonspe01,Pete Alonso,NYM,H,1B,29.0,162.0,2.5,695.0,34.0,3.0,0.24,0.329,0.459,122.0,,,,,,,,,20500000.0,5.0,False
2024,altuvjo01,Jose Altuve,HOU,H,2B,34.0,153.0,3.2,682.0,20.0,22.0,0.295,0.35,0.439,124.0,,,,,,,,,29000000.0,12.419,False
2024,alvarfr01,Francisco Alvarez,NYM,H,C,22.0,100.0,0.8,342.0,11.0,1.0,0.237,0.307,0.403,100.0,,,,,,,,,762500.0,1.035,False
2024,alvarjo03,José Alvarado,PHI,P,RP,29.0,66.0,0.4,,,,,,,,61.67,0,13.0,4.09,103.0,3.8,1.249,63.0,9016666.0,6.512,False
2024,alvaryo01,Yordan Alvarez,HOU,H,DH,27.0,147.0,5.2,635.0,35.0,6.0,0.308,0.392,0.567,170.0,,,,,,,,,10833333.0,4.657,False
2024,amayami01,Miguel Amaya,CHC,H,C,25.0,117.0,2.0,363.0,8.0,0.0,0.232,0.288,0.357,82.0,,,,,,,,,746500.0,0.756,False
2024,anderch01,Chase Anderson,2TM,P,RP,36.0,29.0,-0.7,,,,,,,,58.33,1.0,3.0,5.4,77.0,5.69,1.303,42.0,1250000.0,8.82,False
2024,anderju01,Justin Anderson,CHW,P,RP,31.0,56.0,0.5,,,,,,,,53.33,0,1.0,4.39,94.0,4.22,1.5,57.0,740000,2.709,True
2024,anderty01,Tyler Anderson,LAA,P,SP,34.0,31.0,2.9,,,,,,,,179.33,31.0,0.0,3.81,110.0,4.66,1.288,142.0,13000000.0,8.378,False
2024,andujmi01,Miguel Andujar,ATH,H,LF,29.0,75.0,0.4,319.0,4.0,3.0,0.285,0.32,0.377,103.0,,,,,,,,,1700000.0,4.308,False
2024,arciaor01,Orlando Arcia,ATL,H,SS,29.0,157.0,0.5,602.0,17.0,2.0,0.218,0.271,0.354,73.0,,,,,,,,,2000000.0,6.663,False
2024,arenano01,Nolan Arenado,STL,H,3B,33.0,152.0,2.7,635.0,16.0,2.0,0.272,0.325,0.394,102.0,,,,,,,,,35000000.0,10.901,False
2024,armstsh01,Shawn Armstrong,3TM,P,RP,33.0,57.0,-0.3,,,,,,,,66.67,7.0,1.0,4.86,84.0,3.57,1.53,66.0,2050000.0,5.657,False
2024,arozara01,Randy Arozarena,2TM,H,LF,29.0,154.0,1.7,648.0,20.0,20.0,0.219,0.332,0.388,109.0,,,,,,,,,8100000.0,3.75,False
2024,arraelu01,Luis Arraez,2TM,H,1B,27.0,150.0,1.1,672.0,4.0,9.0,0.314,0.346,0.392,107.0,,,,,,,,,10600000.0,4.703,False
2024,arrigsp01,Spencer Arrighetti,HOU,P,SP,24.0,29.0,0.4,,,,,,,,145.0,28.0,0.0,4.53,89.0,4.18,1.407,171.0,740000.0,0.0,False
2024,ashcrgr01,Graham Ashcraft,CIN,P,SP,26.0,15.0,0.3,,,,,,,,77.33,15.0,0.0,5.24,84.0,4.82,1.5,57.0,750000.0,1.791,False
2024,assadja01,Javier Assad,CHC,P,SP,26.0,29.0,1.7,,,,,,,,147.0,29.0,0.0,3.73,107.0,4.64,1.401,124.0,755000.0,1.157,False
2024,avilape01,Pedro Avila,2TM,P,RP,27.0,54.0,0.4,,,,,,,,82.67,0,1.0,3.81,107.0,3.89,1.319,82.0,746600.0,0.576,False
2024,baderha01,Harrison Bader,NYM,H,CF,30.0,143.0,0.9,437.0,12.0,17.0,0.236,0.284,0.373,86.0,,,,,,,,,10500000.0,6.174,False
2024,bailepa01,Patrick Bailey,SFG,H,C,25.0,121.0,1.7,448.0,8.0,4.0,0.234,0.298,0.339,83.0,,,,,,,,,747500.0,0.791,False
2024,banksta01,Tanner Banks,2TM,P,RP,32.0,63.0,0.1,,,,,,,,72.33,2.0,2.0,3.98,105.0,3.25,1.3,78.0,755050.0,1.535,False
2024,barlosc01,Scott Barlow,CLE,P,RP,31.0,63.0,0.2,,,,,,,,55.0,0,2.0,4.25,95.0,4.02,1.364,68.0,6700000.0,5.174,False
2024,barneja01,Jacob Barnes,WSN,P,RP,34.0,63.0,0.1,,,,,,,,66.0,0,0.0,4.36,93.0,4.38,1.318,55.0,,5.581,False
2024,bassich01,Chris Bassitt,TOR,P,SP,35.0,31.0,0.1,,,,,,,,171.0,31.0,0.0,4.16,99.0,4.08,1.462,168.0,22000000.0,7.756,False
2024,bauerja01,Jake Bauers,MIL,H,1B,28.0,116.0,-0.3,346.0,12.0,13.0,0.199,0.301,0.361,84.0,4.0,0,0.0,4.5,100.0,5.67,2.25,1.0,1350000.0,3.488,False
2024,baumami01,Mike Baumann,5TM,P,RP,28.0,57.0,-0.6,,,,,,,,58.33,0,0.0,5.55,74.0,4.83,1.491,58.0,748900.0,1.419,False
2024,bazsh01,Shane Baz,TBR,P,SP,25.0,14.0,2.2,,,,,,,,79.33,14.0,0.0,3.06,131.0,4.07,1.059,69.0,743600.0,2.081,False
2024,bednada01,David Bednar,PIT,P,RP,29.0,62.0,-0.9,,,,,,,,57.67,0,23.0,5.77,72.0,4.8,1.422,58.0,4150000.0,3.442,False
2024,beeksja02,Jalen Beeks,2TM,P,RP,30.0,71.0,0.1,,,,,,,,70.0,0,10.0,4.5,102.0,3.99,1.486,55.0,1675000.0,5.017,False
2024,bellico01,Cody Bellinger,CHC,H,RF,28.0,130.0,2.2,569.0,18.0,9.0,0.266,0.325,0.426,111.0,,,,,,,,,32500000.0,6.93,False
2024,belljo02,Josh Bell,2TM,H,1B,31.0,145.0,-0.3,603.0,19.0,0.0,0.249,0.319,0.405,100.0,,,,,,,,,16500000.0,7.308,False
2024,bellobr01,Brayan Bello,BOS,P,SP,25.0,30.0,1.2,,,,,,,,162.33,30.0,0.0,4.49,92.0,4.19,1.361,153.0,1166667.0,1.477,False
2024,bellova01,Valente Bellozo,MIA,P,SP,24.0,13.0,1.4,,,,,,,,68.67,13.0,0.0,3.67,117.0,5.73,1.311,44.0,,,False
2024,bendean01,Anthony Bender,MIA,P,RP,29.0,59.0,0.7,,,,,,,,53.0,0,1.0,4.08,105.0,2.92,1.283,59.0,770000.0,2.89,False
2024,beninan01,Andrew Benintendi,CHW,H,LF,29.0,135.0,-0.8,522.0,20.0,3.0,0.229,0.289,0.396,94.0,,,,,,,,,17100000.0,7.36,False
2024,bensowi01,Will Benson,CIN,H,LF,26.0,128.0,-1.3,388.0,14.0,16.0,0.187,0.274,0.376,76.0,,,,,,,,,750000.0,1.244,False
2024,bernabr01,Brennan Bernardino,BOS,P,RP,32.0,57.0,0.3,,,,,,,,51.0,3.0,0.0,4.06,103.0,4.15,1.412,56.0,740000.0,0.89,False
2024,berrijo01,José Berríos,TOR,P,SP,30.0,32.0,2.5,,,,,,,,192.33,32.0,0.0,3.6,114.0,4.72,1.154,153.0,17714286.0,7.256,False
2024,bettsmo01,Mookie Betts,LAD,H,SS,31.0,116.0,4.6,516.0,19.0,16.0,0.289,0.372,0.491,143.0,,,,,,,,,30416667.0,9.407,False
2024,bibeeta01,Tanner Bibee,CLE,P,SP,25.0,31.0,2.6,,,,,,,,173.67,31.0,0.0,3.47,116.0,3.56,1.117,187.0,745700.0,1.0,False
2024,bichebo01,Bo Bichette,TOR,H,SS,26.0,81.0,-0.3,336.0,4.0,5.0,0.225,0.277,0.322,70.0,,,,,,,,,12083334.0,4.366,False
2024,bidoos01,Osvaldo Bido,ATH,P,SP,28.0,16.0,1.6,,,,,,,,63.33,9.0,0.0,3.41,116.0,3.36,1.089,63.0,750000.0,0.459,False
2024,birdsha01,Hayden Birdsong,SFG,P,SP,22.0,16.0,0.3,,,,,,,,72.0,16.0,0.0,4.75,82.0,4.67,1.389,88.0,740000,,True
2024,blachty01,Ty Blach,COL,P,SP,33.0,20.0,-0.6,,,,,,,,71.33,12.0,0.0,6.94,68.0,6.26,1.696,36.0,909677.0,3.785,False
2024,blackch02,Charlie Blackmon,COL,H,DH,37.0,124.0,0.5,499.0,12.0,6.0,0.256,0.329,0.412,97.0,,,,,,,,,13000000.0,11.593,False
2024,blackpa01,Paul Blackburn,2TM,P,SP,30.0,14.0,0.5,,,,,,,,75.33,14.0,0.0,4.66,85.0,4.63,1.288,59.0,3450000.0,4.105,False
2024,blancro01,Ronel Blanco,HOU,P,SP,30.0,30.0,4.7,,,,,,,,167.33,29.0,0.0,2.8,144.0,4.15,1.088,166.0,749800.0,0.587,False
2024,bledajj01,JJ Bleday,ATH,H,CF,26.0,159.0,2.1,642.0,20.0,2.0,0.243,0.324,0.437,120.0,,,,,,,,,745000.0,1.32,False
2024,bogaexa01,Xander Bogaerts,SDP,H,2B,31.0,111.0,1.2,463.0,11.0,13.0,0.264,0.307,0.381,92.0,,,,,,,,,25454546.0,10.244,False
2024,bohmal01,Alec Bohm,PHI,H,3B,27.0,143.0,2.8,606.0,15.0,5.0,0.28,0.332,0.448,114.0,,,,,,,,,4000000.0,3.616,False
2024,bradfco01,Cody Bradford,TEX,P,SP,26.0,14.0,0.9,,,,,,,,76.33,13.0,0.0,3.54,107.0,3.59,1.009,70.0,748500.0,0.5,False
2024,bradlta01,Taj Bradley,TBR,P,SP,23.0,25.0,1.7,,,,,,,,138.0,25.0,0.0,4.11,97.0,4.09,1.225,154.0,743300.0,0.663,False
2024,brazohu01,Huascar Brazobán,2TM,P,RP,34.0,39.0,0.2,,,,,,,,51.67,0,0.0,3.83,109.0,3.32,1.219,51.0,753000.0,1.43,False
2024,brebbjo01,John Brebbia,2TM,P,RP,34.0,59.0,-0.5,,,,,,,,55.33,0,2.0,5.86,71.0,4.52,1.355,67.0,4000000.0,6.453,False
2024,bregmal01,Alex Bregman,HOU,H,3B,30.0,145.0,4.0,634.0,26.0,3.0,0.26,0.315,0.453,116.0,,,,,,,,,30500000.0,7.407,False
2024,brennwi02,Will Brennan,CLE,H,RF,26.0,114.0,-0.2,353.0,8.0,4.0,0.264,0.309,0.388,97.0,,,,,,,,,744900.0,1.087,False
2024,briesbe01,Beau Brieske,DET,P,RP,26.0,46.0,0.7,,,,,,,,67.67,12.0,1.0,3.59,116.0,3.51,1.256,69.0,740000.0,1.965,False
2024,brownbe02,Ben Brown,CHC,P,SP,24.0,15.0,0.9,,,,,,,,55.33,8.0,0.0,3.58,112.0,3.11,1.084,64.0,740000.0,0.0,False
2024,brownhu01,Hunter Brown,HOU,P,SP,25.0,31.0,2.8,,,,,,,,170.0,30.0,0.0,3.49,115.0,3.58,1.271,179.0,774500.0,1.203,False
2024,brownse01,Seth Brown,ATH,H,LF,31.0,124.0,-0.6,400.0,14.0,4.0,0.231,0.283,0.379,91.0,,,,,,,,,2600000.0,3.605,False
2024,buehlwa01,Walker Buehler,LAD,P,SP,29.0,16.0,-1.1,,,,,,,,75.33,16.0,0.0,5.38,74.0,5.54,1.553,64.0,8025000.0,5.977,False
2024,bummeaa01,Aaron Bummer,ATL,P,RP,30.0,56.0,0.6,,,,,,,,55.33,0,0.0,3.58,116.0,2.23,1.428,69.0,5500000.0,5.872,False
2024,burgeja01,Jake Burger,MIA,H,1B,28.0,137.0,0.8,579.0,29.0,1.0,0.25,0.301,0.46,107.0,,,,,,,,,760000.0,1.738,False
2024,burleal01,Alec Burleson,STL,H,DH,25.0,152.0,1.4,595.0,21.0,9.0,0.269,0.314,0.42,105.0,,,,,,,,,750050.0,1.169,False
2024,burneco01,Corbin Burnes,BAL,P,SP,29.0,32.0,3.9,,,,,,,,194.33,32.0,0.0,2.92,133.0,3.55,1.096,181.0,15637500.0,5.285,False
2024,buschmi02,Michael Busch,CHC,H,1B,26.0,152.0,2.8,567.0,21.0,2.0,0.248,0.335,0.44,118.0,,,,,,,,,741500.0,0.262,False
2024,butlela01,Lawrence Butler,ATH,H,RF,23.0,125.0,3.0,451.0,22.0,18.0,0.262,0.317,0.49,131.0,,,,,,,,,740000.0,0.302,False
2024,buttojo01,José Buttó,NYM,P,RP,26.0,30.0,2.2,,,,,,,,74.0,7.0,3.0,2.55,155.0,3.83,1.068,79.0,740000.0,0.267,False
2024,buxtoby01,Byron Buxton,MIN,H,CF,30.0,102.0,3.6,388.0,18.0,7.0,0.279,0.335,0.524,137.0,,,,,,,,,15142857.0,7.93,False
2024,cabaljo01,José Caballero,TBR,H,SS,27.0,139.0,1.6,483.0,9.0,44.0,0.227,0.283,0.347,80.0,,,,,,,,,751700.0,0.988,False
2024,cabreed02,Edward Cabrera,MIA,P,SP,26.0,20.0,0.3,,,,,,,,96.33,20.0,0.0,4.95,86.0,4.68,1.37,107.0,761000.0,1.855,False
2024,cabrege01,Génesis Cabrera,TOR,P,RP,27.0,69.0,-0.1,,,,,,,,62.67,0,2.0,3.59,115.0,5.13,1.468,50.0,1512500.0,4.064,False
2024,cabreos01,Oswaldo Cabrera,NYY,H,3B,25.0,108.0,1.3,326.0,8.0,4.0,0.247,0.296,0.365,88.0,0.33,0,0.0,0.0,,21.17,6.0,0.0,783000.0,1.291,False
2024,candeje01,Jeimer Candelario,CIN,H,3B,30.0,112.0,-0.7,463.0,20.0,4.0,0.225,0.279,0.429,90.0,,,,,,,,,13000000.0,6.221,False
2024,canhama01,Mark Canha,2TM,H,1B,35.0,125.0,0.5,462.0,7.0,7.0,0.242,0.344,0.346,97.0,,,,,,,,,11500000.0,8.535,False
2024,cannigr01,Griffin Canning,LAA,P,SP,28.0,32.0,0.2,,,,,,,,171.67,31.0,0.0,5.19,81.0,5.26,1.398,130.0,2600000.0,4.436,False
2024,cannojo02,Jonathan Cannon,CHW,P,SP,23.0,23.0,1.9,,,,,,,,124.33,21.0,1.0,4.49,92.0,4.65,1.327,91.0,740000.0,0.0,False
2024,canoye01,Yennier Cano,BAL,P,RP,30.0,70.0,1.0,,,,,,,,60.0,0,5.0,3.15,123.0,3.55,1.3,65.0,752300.0,1.378,False
2024,carraca01,Carlos Carrasco,CLE,P,SP,37.0,21.0,-1.2,,,,,,,,103.67,21.0,0.0,5.64,71.0,4.93,1.399,89.0,2000000.0,12.855,False
2024,carroco02,Corbin Carroll,ARI,H,CF,23.0,158.0,3.3,684.0,22.0,35.0,0.231,0.322,0.428,106.0,,,,,,,,,3625000.0,1.221,False
2024,casteni01,Nick Castellanos,PHI,H,RF,32.0,162.0,0.6,659.0,23.0,6.0,0.254,0.311,0.431,104.0,,,,,,,,,20000000.0,10.169,False
2024,castilu02,Luis Castillo,SEA,P,SP,31.0,30.0,1.9,1.0,,,,,,,175.33,30.0,0.0,3.64,102.0,3.91,1.169,175.0,24150000.0,6.587,False
2024,castrwi01,Willi Castro,MIN,H,SS,27.0,158.0,1.7,635.0,12.0,14.0,0.247,0.331,0.385,102.0,1.33,0,0.0,0.0,,3.17,0.0,0.0,3300000.0,4.099,False
2024,caveja01,Jake Cave,COL,H,RF,31.0,123.0,-0.8,346.0,7.0,5.0,0.251,0.29,0.396,82.0,,,,,,,,,1000000.0,4.413,False
2024,ceasedy01,Dylan Cease,SDP,P,SP,28.0,33.0,4.0,,,,,,,,189.33,33.0,0.0,3.47,118.0,3.1,1.067,224.0,8000000.0,4.517,False
2024,ceccosl01,Slade Cecconi,ARI,P,SP,25.0,20.0,-1.1,,,,,,,,77.0,13.0,0.0,6.66,63.0,5.02,1.416,64.0,740000.0,0.25,False
2024,chafian01,Andrew Chafin,2TM,P,RP,34.0,62.0,0.5,,,,,,,,56.33,0,1.0,3.51,116.0,3.54,1.473,70.0,5475000.0,9.116,False
2024,chapmar01,Aroldis Chapman,PIT,P,RP,36.0,68.0,0.4,,,,,,,,61.67,0,14.0,3.79,110.0,3.04,1.346,98.0,10500000.0,13.052,False
2024,chapmma01,Matt Chapman,SFG,H,3B,31.0,154.0,7.1,647.0,27.0,15.0,0.247,0.328,0.463,124.0,,,,,,,,,18000000.0,6.634,False
2024,chaveje01,Jesse Chavez,ATL,P,RP,40.0,46.0,0.6,,,,,,,,63.33,0,0.0,3.13,133.0,4.43,1.247,55.0,740000.0,13.221,False
2024,chishja01,Jazz Chisholm Jr.,2TM,H,CF,26.0,147.0,2.9,621.0,24.0,40.0,0.256,0.324,0.436,110.0,,,,,,,,,2625000.0,3.436,False
2024,chourja01,Jackson Chourio,MIL,H,LF,20.0,148.0,3.9,573.0,21.0,22.0,0.275,0.327,0.464,118.0,,,,,,,,,2250000.0,0.0,False
2024,civalaa01,Aaron Civale,2TM,P,SP,29.0,31.0,1.1,,,,,,,,161.0,31.0,0.0,4.36,93.0,4.74,1.304,149.0,4900000.0,4.337,False
2024,claseem01,Emmanuel Clase,CLE,P,RP,26.0,74.0,4.4,,,,,,,,74.33,0,47.0,0.61,667.0,2.22,0.659,66.0,2900000.0,3.343,False
2024,cleavga01,Garrett Cleavinger,TBR,P,RP,30.0,68.0,0.8,,,,,,,,60.0,0,6.0,3.75,107.0,4.0,1.383,71.0,746900.0,2.349,False
2024,clemeer01,Ernie Clement,TOR,H,3B,28.0,139.0,3.3,452.0,12.0,12.0,0.263,0.284,0.408,94.0,1.0,0,0.0,9.0,63.0,3.17,2.0,0.0,757700.0,1.977,False
2024,colege01,Gerrit Cole,NYY,P,SP,33.0,17.0,1.9,,,,,,,,95.0,17.0,0.0,3.41,118.0,3.69,1.126,99.0,36000000.0,10.645,False
2024,confomi01,Michael Conforto,SFG,H,LF,31.0,130.0,1.3,488.0,20.0,0.0,0.237,0.309,0.45,115.0,,,,,,,,,18000000.0,7.25,False
2024,contrro01,Roansy Contreras,2TM,P,RP,24.0,49.0,0.4,,,,,,,,68.33,3.0,2.0,4.35,97.0,5.16,1.376,56.0,755000.0,1.227,False
2024,contrwi01,Willson Contreras,STL,H,C,32.0,84.0,3.0,358.0,15.0,4.0,0.262,0.38,0.468,138.0,,,,,,,,,18000000.0,7.628,False
2024,contrwi02,William Contreras,MIL,H,C,26.0,155.0,5.0,679.0,23.0,9.0,0.281,0.365,0.466,130.0,,,,,,,,,766900.0,2.651,False
2024,corbipa01,Patrick Corbin,WSN,P,SP,34.0,32.0,-0.8,,,,,,,,174.67,32.0,0.0,5.62,72.0,4.41,1.5,139.0,35416667.0,11.61,False
2024,correca01,Carlos Correa,MIN,H,SS,29.0,86.0,3.7,367.0,14.0,0.0,0.31,0.388,0.517,152.0,,,,,,,,,33333334.0,8.692,False
2024,cortene01,Nestor Cortes,NYY,P,SP,29.0,31.0,2.4,,,,,,,,174.33,30.0,0.0,3.77,107.0,3.84,1.153,162.0,3950000.0,4.547,False
2024,cowseco01,Colton Cowser,BAL,H,LF,24.0,153.0,2.8,561.0,24.0,9.0,0.242,0.321,0.447,120.0,,,,,,,,,742800.0,0.25,False
2024,crawfjp01,J.P. Crawford,SEA,H,SS,29.0,105.0,2.7,451.0,9.0,5.0,0.202,0.304,0.321,85.0,,,,,,,,,11000000.0,5.948,False
2024,crawfku01,Kutter Crawford,BOS,P,SP,28.0,33.0,1.5,,,,,,,,183.67,33.0,0.0,4.36,95.0,4.65,1.122,175.0,760000.0,1.791,False
2024,criswco01,Cooper Criswell,BOS,P,SP,27.0,26.0,0.6,,,,,,,,99.33,18.0,0.0,4.08,102.0,4.15,1.349,73.0,1000000.0,0.826,False
2024,crochga01,Garrett Crochet,CHW,P,SP,25.0,32.0,4.1,,,,,,,,146.0,32.0,0.0,3.58,115.0,2.69,1.068,209.0,800000.0,3.163,False
2024,croneja01,Jake Cronenworth,SDP,H,1B,30.0,155.0,1.9,656.0,17.0,5.0,0.241,0.324,0.39,99.0,,,,,,,,,7285714.0,4.0,False
2024,cronide01,Declan Cronin,MIA,P,RP,26.0,56.0,0.2,,,,,,,,70.33,0,0.0,4.35,98.0,2.58,1.422,72.0,742000.0,0.384,False
2024,crowape01,Pete Crow-Armstrong,CHC,H,CF,22.0,123.0,2.3,410.0,10.0,27.0,0.237,0.286,0.384,88.0,,,,,,,,,740000.0,0.122,False
2024,cruzfe01,Fernando Cruz,CIN,P,RP,34.0,69.0,0.3,,,,,,,,66.67,3.0,0.0,4.86,91.0,3.27,1.335,109.0,750000.0,1.203,False
2024,cruzon01,Oneil Cruz,PIT,H,SS,25.0,146.0,2.6,599.0,21.0,22.0,0.259,0.324,0.449,114.0,,,,,,,,,755000.0,1.64,False
2024,darnatr01,Travis d'Arnaud,ATL,H,C,35.0,99.0,1.1,341.0,15.0,1.0,0.238,0.302,0.436,103.0,,,,,,,,,8000000.0,10.256,False
2024,darviyu01,Yu Darvish,SDP,P,SP,37.0,16.0,2.0,,,,,,,,81.67,16.0,0.0,3.31,124.0,4.08,1.065,78.0,16000000.0,12.0,False
2024,dejonpa01,Paul DeJong,2TM,H,SS,30.0,139.0,0.9,482.0,24.0,2.0,0.227,0.276,0.427,97.0,,,,,,,,,3750000.0,6.331,False
2024,delacbr01,Bryan De La Cruz,2TM,H,LF,27.0,149.0,-1.1,622.0,21.0,5.0,0.233,0.271,0.384,80.0,,,,,,,,,768000.0,2.326,False
2024,delacel01,Elly De La Cruz,CIN,H,SS,22.0,160.0,5.2,696.0,25.0,67.0,0.259,0.339,0.471,119.0,,,,,,,,,742500.0,0.686,False
2024,delosen01,Enyel De Los Santos,3TM,P,RP,28.0,64.0,0.1,,,,,,,,64.0,0,2.0,5.2,80.0,5.96,1.406,66.0,1600000.0,3.087,False
2024,delucjo01,Jonny DeLuca,TBR,H,RF,25.0,107.0,0.6,362.0,6.0,16.0,0.217,0.278,0.331,75.0,,,,,,,,,742400.0,0.494,False
2024,detmere01,Reid Detmers,LAA,P,SP,24.0,17.0,-1.1,,,,,,,,87.33,17.0,0.0,6.7,63.0,4.72,1.557,109.0,770000.0,2.372,False
2024,deverra01,Rafael Devers,BOS,H,3B,27.0,138.0,3.9,601.0,28.0,3.0,0.272,0.354,0.516,142.0,,,,,,,,,29500000.0,6.407,False
2024,diazal03,Alexis Díaz,CIN,P,RP,27.0,60.0,0.5,,,,,,,,56.33,0,28.0,3.99,111.0,4.57,1.296,55.0,760000.0,2.0,False
2024,diazed04,Edwin Díaz,NYM,P,RP,30.0,54.0,0.5,,,,,,,,53.67,0,20.0,3.52,112.0,3.02,1.043,84.0,21250000.0,7.703,False
2024,diazel01,Elias Díaz,2TM,H,C,33.0,96.0,1.2,351.0,6.0,0.0,0.265,0.313,0.382,86.0,,,,,,,,,6000000.0,7.512,False
2024,diazya01,Yandy Díaz,TBR,H,1B,32.0,145.0,1.6,621.0,14.0,0.0,0.281,0.341,0.414,116.0,,,,,,,,,8000000.0,5.709,False
2024,diazya02,Yainer Diaz,HOU,H,C,25.0,148.0,3.1,619.0,16.0,2.0,0.299,0.325,0.441,116.0,,,,,,,,,768900.0,1.203,False
2024,dominse01,Seranthony Domínguez,2TM,P,RP,29.0,63.0,0.2,,,,,,,,58.67,0,11.0,4.45,92.0,4.68,1.244,68.0,4250000.0,5.762,False
2024,donovbr01,Brendan Donovan,STL,H,LF,27.0,153.0,2.8,652.0,14.0,5.0,0.278,0.342,0.417,114.0,,,,,,,,,757200.0,2.0,False
2024,dovalca01,Camilo Doval,SFG,P,RP,26.0,62.0,-0.5,,,,,,,,59.0,0,23.0,4.88,80.0,3.71,1.576,78.0,770000.0,2.413,False
2024,doylebr02,Brenton Doyle,COL,H,CF,26.0,149.0,3.9,603.0,23.0,30.0,0.26,0.317,0.446,102.0,,,,,,,,,742000.0,0.936,False
2024,drurybr01,Brandon Drury,LAA,H,2B,31.0,97.0,-2.1,360.0,4.0,1.0,0.169,0.242,0.228,34.0,,,,,,,,,8500000.0,7.006,False
2024,dubonma01,Mauricio Dubón,HOU,H,LF,29.0,137.0,1.0,428.0,4.0,3.0,0.269,0.296,0.361,87.0,,,,,,,,,3500000.0,3.942,False
2024,dunnida01,Dane Dunning,TEX,P,SP,29.0,26.0,-0.8,,,,,,,,95.0,15.0,0.0,5.31,72.0,5.17,1.442,91.0,3325000.0,3.483,False
2024,duranja01,Jarren Duran,BOS,H,CF,27.0,160.0,9.0,735.0,21.0,34.0,0.285,0.342,0.492,132.0,,,,,,,,,760000.0,1.901,False
2024,duranjh01,Jhoan Duran,MIN,P,RP,26.0,58.0,0.2,,,,,,,,54.33,0,23.0,3.64,115.0,2.85,1.16,66.0,747200.0,2.0,False
2024,duvalad01,Adam Duvall,ATL,H,LF,35.0,104.0,-1.4,330.0,11.0,0.0,0.182,0.245,0.323,57.0,,,,,,,,,3000000.0,7.878,False
2024,edwarxa01,Xavier Edwards,MIA,H,SS,24.0,70.0,2.1,303.0,1.0,31.0,0.328,0.397,0.423,129.0,,,,,,,,,743000.0,0.302,False
2024,eflinza01,Zach Eflin,2TM,P,SP,30.0,28.0,2.8,,,,,,,,165.33,28.0,0.0,3.59,110.0,3.76,1.149,134.0,11000000.0,7.105,False
2024,eovalna01,Nathan Eovaldi,TEX,P,SP,34.0,29.0,1.8,,,,,,,,170.67,29.0,0.0,3.8,100.0,3.83,1.107,166.0,16000000.0,12.076,False
2024,erceglu01,Lucas Erceg,2TM,P,RP,29.0,61.0,1.2,,,,,,,,61.67,0,14.0,3.36,121.0,2.53,1.054,72.0,750000.0,0.791,False
2024,espinsa01,Santiago Espinal,CIN,H,3B,29.0,118.0,-0.4,391.0,9.0,11.0,0.246,0.295,0.356,77.0,,,,,,,,,2725000.0,3.866,False
2024,estesjo01,Joey Estes,ATH,P,SP,22.0,25.0,0.6,,,,,,,,127.67,24.0,0.0,5.01,79.0,4.94,1.23,92.0,740000.0,0.07,False
2024,estevca01,Carlos Estévez,2TM,P,RP,31.0,54.0,2.2,,,,,,,,55.0,0,26.0,2.45,173.0,3.24,0.909,50.0,6750000.0,7.128,False
2024,estraje01,Jeremiah Estrada,SDP,P,RP,25.0,62.0,1.2,,,,,,,,61.0,0,1.0,2.95,140.0,2.07,1.066,94.0,740000.0,0.465,False
2024,estrath01,Thairo Estrada,SFG,H,2B,28.0,96.0,-0.6,381.0,9.0,2.0,0.217,0.247,0.343,68.0,,,,,,,,,4700000.0,3.983,False
2024,faedoal01,Alex Faedo,DET,P,RP,28.0,37.0,0.7,,,,,,,,57.33,6.0,0.0,3.61,115.0,4.91,1.343,55.0,746600.0,0.983,False
2024,falteba01,Bailey Falter,PIT,P,SP,27.0,28.0,1.6,,,,,,,,142.33,28.0,0.0,4.43,94.0,4.3,1.286,97.0,755000.0,1.802,False
2024,farmebu01,Buck Farmer,CIN,P,RP,33.0,61.0,1.7,,,,,,,,71.0,1.0,1.0,3.04,145.0,4.0,1.197,70.0,2250000.0,6.814,False
2024,fauchca01,Calvin Faucher,MIA,P,RP,28.0,53.0,0.9,,,,,,,,53.67,0,6.0,3.19,135.0,2.5,1.398,63.0,745500.0,0.907,False
2024,feddeer01,Erick Fedde,2TM,P,SP,31.0,31.0,5.6,,,,,,,,177.33,31.0,0.0,3.3,125.0,3.86,1.162,154.0,7500000.0,4.576,False
2024,feltnry01,Ryan Feltner,COL,P,SP,27.0,30.0,1.3,,,,,,,,162.33,30.0,0.0,4.49,105.0,4.16,1.337,138.0,745000.0,1.831,False
2024,ferguca01,Caleb Ferguson,2TM,P,RP,27.0,62.0,-0.5,,,,,,,,54.33,0,1.0,4.64,88.0,3.74,1.491,67.0,2400000.0,5.541,False
2024,ferguty01,Tyler Ferguson,ATH,P,RP,30.0,48.0,0.7,,,,,,,,51.33,0,2.0,3.68,108.0,3.28,1.091,62.0,740000.0,0.0,False
2024,fermifr01,Freddy Fermin,KCR,H,C,29.0,111.0,3.1,368.0,6.0,2.0,0.271,0.319,0.366,95.0,,,,,,,,,744500.0,0.959,False
2024,fernary01,Ryan Fernandez,STL,P,RP,26.0,62.0,0.9,,,,,,,,66.67,0,2.0,3.51,117.0,3.35,1.35,71.0,740000.0,0.0,False
2024,festada01,David Festa,MIN,P,SP,24.0,14.0,0.5,,,,,,,,64.33,13.0,0.0,4.9,86.0,3.76,1.321,77.0,740000,,True
2024,finneky01,Kyle Finnegan,WSN,P,RP,32.0,65.0,1.0,,,,,,,,63.67,0,38.0,3.68,111.0,4.25,1.335,60.0,5100000.0,4.0,False
2024,fitzgty01,Tyler Fitzgerald,SFG,H,SS,26.0,96.0,2.6,341.0,15.0,17.0,0.28,0.334,0.497,135.0,3.0,0,0.0,9.0,49.0,3.17,2.0,0.0,741875.0,0.064,False
2024,flaheja01,Jack Flaherty,2TM,P,SP,28.0,28.0,3.3,,,,,,,,162.0,28.0,0.0,3.17,130.0,3.47,1.068,194.0,14000000.0,6.035,False
2024,flexech01,Chris Flexen,CHW,P,SP,29.0,33.0,1.6,,,,,,,,160.0,30.0,0.0,4.95,83.0,4.8,1.519,123.0,1750000.0,3.576,False
2024,florody01,Dylan Floro,2TM,P,RP,33.0,66.0,0.8,,,,,,,,68.67,0,0.0,3.8,109.0,3.5,1.194,48.0,2250000.0,6.308,False
2024,foleyja01,Jason Foley,DET,P,RP,28.0,69.0,0.9,,,,,,,,60.0,0,28.0,3.15,132.0,3.82,1.183,46.0,766300.0,2.192,False
2024,forteni01,Nick Fortes,MIA,H,C,27.0,110.0,0.2,335.0,4.0,0.0,0.227,0.259,0.318,60.0,,,,,,,,,759000.0,1.866,False
2024,fraleja01,Jake Fraley,CIN,H,RF,29.0,116.0,0.3,382.0,5.0,20.0,0.277,0.33,0.386,95.0,,,,,,,,,2150000.0,3.564,False
2024,francbo01,Bowden Francis,TOR,P,RP,28.0,27.0,1.6,,,,,,,,103.67,13.0,0.0,3.3,125.0,4.36,0.926,92.0,748000.0,0.57,False
2024,francty01,Ty France,2TM,H,1B,29.0,140.0,-0.6,535.0,13.0,1.0,0.234,0.305,0.365,92.0,,,,,,,,,6775000.0,4.517,False
2024,freelky01,Kyle Freeland,COL,P,SP,31.0,21.0,0.1,,,,,,,,113.33,21.0,0.0,5.24,90.0,4.9,1.412,85.0,15000000.0,6.837,False
2024,freemfr01,Freddie Freeman,LAD,H,1B,34.0,147.0,4.5,638.0,22.0,9.0,0.282,0.378,0.476,141.0,,,,,,,,,27000000.0,13.192,False
2024,freemty01,Tyler Freeman,CLE,H,CF,25.0,118.0,0.9,383.0,7.0,11.0,0.209,0.305,0.321,79.0,,,,,,,,,742000.0,1.267,False
2024,frelisa01,Sal Frelick,MIL,H,RF,24.0,145.0,2.2,524.0,2.0,18.0,0.259,0.32,0.335,84.0,,,,,,,,,746500.0,0.419,False
2024,friedma01,Max Fried,ATL,P,SP,30.0,29.0,3.5,,,,,,,,174.33,29.0,0.0,3.25,128.0,3.33,1.164,166.0,15000000.0,5.86,False
2024,friedtj01,TJ Friedl,CIN,H,CF,28.0,85.0,0.5,341.0,13.0,9.0,0.226,0.31,0.38,88.0,,,,,,,,,750000.0,1.651,False
2024,fryda01,David Fry,CLE,H,DH,28.0,122.0,1.4,392.0,14.0,4.0,0.263,0.356,0.448,128.0,,,,,,,,,741000.0,0.895,False
2024,fulmeca01,Carson Fulmer,LAA,P,RP,30.0,37.0,0.8,,,,,,,,86.67,8.0,0.0,4.15,101.0,4.5,1.396,81.0,,6.378,False
2024,gaddihu01,Hunter Gaddis,CLE,P,RP,26.0,78.0,2.6,,,,,,,,74.67,0,0.0,1.57,258.0,2.82,0.763,66.0,740700.0,0.424,False
2024,galleza01,Zac Gallen,ARI,P,SP,28.0,28.0,2.7,,,,,,,,148.0,28.0,0.0,3.65,115.0,3.38,1.264,156.0,10011000.0,4.581,False
2024,garciad02,Adolis García,TEX,H,RF,31.0,154.0,0.7,637.0,25.0,11.0,0.224,0.284,0.4,98.0,,,,,,,,,4750000.0,3.552,False
2024,garcilu03,Luis García,2TM,P,RP,37.0,60.0,-0.4,,,,,,,,59.0,0,4.0,4.88,86.0,4.05,1.288,53.0,4250000.0,8.041,False
2024,garcilu04,Luis García Jr.,WSN,H,2B,24.0,140.0,2.2,528.0,18.0,22.0,0.282,0.318,0.444,114.0,,,,,,,,,1950000.0,2.826,False
2024,garcima01,Maikel Garcia,KCR,H,3B,24.0,157.0,1.4,626.0,7.0,37.0,0.231,0.281,0.332,75.0,,,,,,,,,751250.0,0.977,False
2024,garciro04,Robert Garcia,WSN,P,RP,28.0,72.0,-0.1,,,,,,,,59.67,0,0.0,4.22,97.0,2.38,1.19,75.0,742800.0,0.5,False
2024,garrere01,Reed Garrett,NYM,P,RP,31.0,53.0,0.2,,,,,,,,57.33,0,4.0,3.77,105.0,3.31,1.395,83.0,740000.0,0.831,False
2024,garvemi01,Mitch Garver,SEA,H,DH,33.0,114.0,-0.2,430.0,15.0,0.0,0.172,0.286,0.341,85.0,,,,,,,,,10500000.0,6.262,False
2024,gausmke01,Kevin Gausman,TOR,P,SP,33.0,31.0,1.1,,,,,,,,181.0,31.0,0.0,3.83,107.0,3.77,1.221,162.0,22000000.0,9.878,False
2024,gelofza01,Zack Gelof,ATH,H,2B,24.0,138.0,1.4,547.0,17.0,25.0,0.211,0.27,0.362,82.0,,,,,,,,,740000.0,0.465,False
2024,gibsoky01,Kyle Gibson,STL,P,SP,36.0,30.0,0.9,,,,,,,,169.67,30.0,0.0,4.24,97.0,4.42,1.35,151.0,12000000.0,10.227,False
2024,gilbelo01,Logan Gilbert,SEA,P,SP,27.0,33.0,3.0,,,,,,,,208.67,33.0,0.0,3.23,115.0,3.27,0.887,220.0,4050000.0,2.837,False
2024,gillu01,Luis Gil,NYY,P,SP,26.0,29.0,2.9,,,,,,,,151.67,29.0,0.0,3.5,115.0,4.14,1.193,171.0,740000.0,1.424,False
2024,gimenan01,Andrés Giménez,CLE,H,2B,25.0,152.0,4.0,633.0,9.0,30.0,0.252,0.298,0.34,82.0,,,,,,,,,5571428.0,3.616,False
2024,ginkeke01,Kevin Ginkel,ARI,P,RP,30.0,72.0,0.8,,,,,,,,70.0,0,5.0,3.21,131.0,2.85,1.2,77.0,1225000.0,3.192,False
2024,glasnty01,Tyler Glasnow,LAD,P,SP,30.0,22.0,2.2,,,,,,,,134.0,22.0,0.0,3.49,114.0,2.9,0.948,168.0,,6.919,False
2024,goldspa01,Paul Goldschmidt,STL,H,1B,36.0,154.0,1.4,654.0,22.0,11.0,0.245,0.302,0.414,100.0,,,,,,,,,26000000.0,12.343,False
2024,gombeau01,Austin Gomber,COL,P,SP,30.0,30.0,2.4,,,,,,,,165.0,30.0,0.0,4.75,100.0,4.83,1.309,116.0,3150000.0,4.645,False
2024,gonzani01,Nick Gonzales,PIT,H,2B,25.0,94.0,1.0,387.0,7.0,5.0,0.27,0.311,0.398,97.0,,,,,,,,,740000.0,0.273,False
2024,gorema01,MacKenzie Gore,WSN,P,SP,25.0,32.0,0.9,,,,,,,,166.33,32.0,0.0,3.9,104.0,3.53,1.419,181.0,749600.0,2.0,False
2024,gormano01,Nolan Gorman,STL,H,2B,24.0,107.0,0.5,402.0,19.0,6.0,0.203,0.271,0.4,87.0,,,,,,,,,755550.0,1.808,False
2024,grayjo02,Jon Gray,TEX,P,SP,32.0,23.0,0.2,,,,,,,,102.67,19.0,0.0,4.47,85.0,3.7,1.315,86.0,13000000.0,8.36,False
2024,grayso01,Sonny Gray,STL,P,SP,34.0,28.0,1.6,,,,,,,,166.33,28.0,0.0,3.84,107.0,3.12,1.088,203.0,10000000.0,10.355,False
2024,greench03,Chad Green,TOR,P,RP,33.0,53.0,0.8,,,,,,,,53.33,0,17.0,3.21,129.0,4.29,1.031,46.0,10500000.0,7.291,False
2024,greenhu01,Hunter Greene,CIN,P,SP,24.0,26.0,6.0,,,,,,,,150.33,26.0,0.0,2.75,160.0,3.47,1.018,169.0,3333334.0,2.0,False
2024,greenri03,Riley Greene,DET,H,LF,23.0,137.0,5.3,584.0,24.0,4.0,0.262,0.348,0.479,131.0,,,,,,,,,766300.0,1.64,False
2024,grovemi01,Michael Grove,LAD,P,RP,27.0,39.0,-0.6,,,,,,,,51.0,2.0,0.0,5.12,78.0,3.87,1.216,54.0,760000.0,1.18,False
2024,guerrvl02,Vladimir Guerrero Jr.,TOR,H,1B,25.0,159.0,6.0,697.0,30.0,2.0,0.323,0.396,0.544,164.0,,,,,,,,,19900000.0,4.913,False
2024,gurrilo01,Lourdes Gurriel Jr.,ARI,H,LF,30.0,133.0,1.9,553.0,18.0,7.0,0.279,0.322,0.435,108.0,,,,,,,,,10000000.0,5.547,False
2024,haderjo01,Josh Hader,HOU,P,RP,30.0,71.0,0.7,,,,,,,,71.0,0,34.0,3.8,106.0,3.5,0.958,105.0,19000000.0,6.669,False
2024,hamilda03,David Hamilton,BOS,H,SS,26.0,98.0,2.8,317.0,8.0,33.0,0.248,0.303,0.395,96.0,,,,,,,,,740000.0,0.116,False
2024,hancoem01,Emerson Hancock,SEA,P,SP,25.0,12.0,-0.6,,,,,,,,60.67,12.0,0.0,4.75,78.0,5.69,1.335,39.0,741300.0,0.314,False
2024,hanigmi01,Mitch Haniger,SEA,H,RF,33.0,121.0,-0.2,423.0,12.0,0.0,0.208,0.286,0.334,83.0,,,,,,,,,,7.279,False
2024,happia01,Ian Happ,CHC,H,LF,29.0,153.0,3.9,657.0,25.0,13.0,0.243,0.341,0.441,120.0,,,,,,,,,21000000.0,6.209,False
2024,harpebr03,Bryce Harper,PHI,H,1B,31.0,145.0,4.6,631.0,30.0,7.0,0.285,0.373,0.525,146.0,,,,,,,,,27538461.0,11.924,False
2024,harriho03,Hogan Harris,ATH,P,RP,27.0,21.0,1.9,,,,,,,,72.33,9.0,0.0,2.86,138.0,4.23,1.355,61.0,740000.0,0.407,False
2024,harriky01,Kyle Harrison,SFG,P,SP,22.0,24.0,0.7,,,,,,,,124.33,24.0,0.0,4.56,86.0,4.33,1.343,118.0,743750.0,0.238,False
2024,harrimi04,Michael Harris II,ATL,H,CF,23.0,110.0,3.2,470.0,16.0,10.0,0.264,0.304,0.418,99.0,,,,,,,,,5000000.0,2.0,False
2024,harvehu01,Hunter Harvey,2TM,P,RP,29.0,49.0,0,,,,,,,,50.67,0,1.0,4.44,93.0,3.52,1.322,55.0,2350000.0,4.273,False
2024,hayeske01,Ke'Bryan Hayes,PIT,H,3B,27.0,96.0,0.9,396.0,4.0,11.0,0.233,0.283,0.29,62.0,,,,,,,,,7000000.0,3.436,False
2024,heanean01,Andrew Heaney,TEX,P,SP,33.0,32.0,0.4,,,,,,,,160.0,31.0,0.0,4.28,89.0,4.04,1.25,159.0,13000000.0,8.872,False
2024,heimjo01,Jonah Heim,TEX,H,C,29.0,131.0,1.4,491.0,13.0,1.0,0.22,0.267,0.336,75.0,,,,,,,,,3050000.0,3.564,False
2024,helslry01,Ryan Helsley,STL,P,RP,29.0,65.0,2.8,,,,,,,,66.33,0,49.0,2.04,202.0,2.41,1.101,79.0,3800000.0,4.61,False
2024,hendegu01,Gunnar Henderson,BAL,H,SS,23.0,159.0,8.8,719.0,37.0,21.0,0.281,0.364,0.529,155.0,,,,,,,,,756200.0,1.209,False
2024,hendrky01,Kyle Hendricks,CHC,P,SP,34.0,29.0,-1.5,,,,,,,,130.67,24.0,0.0,5.92,67.0,4.98,1.454,87.0,16500000.0,9.471,False
2024,hernaen02,Kiké Hernández,LAD,H,3B,32.0,126.0,1.2,393.0,12.0,0.0,0.229,0.281,0.373,84.0,4.33,0,0.0,4.15,104.0,3.17,1.154,0.0,4000000.0,9.314,False
2024,hernate01,Teoscar Hernández,LAD,H,LF,31.0,154.0,4.1,652.0,33.0,12.0,0.272,0.339,0.501,135.0,,,,,,,,,23500000.0,6.564,False
2024,herriti01,Tim Herrin,CLE,P,RP,27.0,75.0,1.7,,,,,,,,65.67,0,0.0,1.92,211.0,2.86,0.975,68.0,740800.0,0.448,False
2024,herzdj01,DJ Herz,WSN,P,SP,23.0,19.0,0.8,,,,,,,,88.67,19.0,0.0,4.16,98.0,3.71,1.263,106.0,740000.0,0.0,False
2024,hicksjo03,Jordan Hicks,SFG,P,SP,27.0,29.0,1.0,,,,,,,,109.67,20.0,1.0,4.1,95.0,4.37,1.45,96.0,6500000.0,6.0,False
2024,hillti01,Tim Hill,2TM,P,RP,34.0,62.0,0.4,,,,,,,,67.0,0,0.0,3.36,122.0,3.57,1.433,31.0,1800000.0,5.651,False
2024,hjellse01,Sean Hjelle,SFG,P,RP,27.0,58.0,0.6,,,,,,,,80.67,0,0.0,3.9,100.0,3.62,1.215,75.0,743750.0,0.419,False
2024,hoeinbr01,Bryan Hoeing,2TM,P,RP,27.0,34.0,1.6,,,,,,,,53.67,2.0,0.0,2.18,195.0,3.32,1.062,43.0,750500.0,1.087,False
2024,hoernni01,Nico Hoerner,CHC,H,2B,27.0,151.0,3.7,641.0,7.0,31.0,0.273,0.335,0.373,101.0,,,,,,,,,11500000.0,4.081,False
2024,hoffmje02,Jeff Hoffman,PHI,P,RP,31.0,68.0,2.2,,,,,,,,66.33,0,10.0,2.17,194.0,2.52,0.965,89.0,2200000.0,5.488,False
2024,holdeco01,Colin Holderman,PIT,P,RP,28.0,55.0,0.7,,,,,,,,51.33,0,0.0,3.16,132.0,4.26,1.305,56.0,755000.0,1.837,False
2024,holmecl01,Clay Holmes,NYY,P,RP,31.0,67.0,0.6,,,,,,,,63.0,0,30.0,3.14,129.0,3.02,1.302,68.0,6000000.0,5.18,False
2024,holmegr01,Grant Holmes,ATL,P,RP,28.0,26.0,1.1,,,,,,,,68.33,7.0,0.0,3.56,117.0,3.2,1.185,70.0,740000.0,0.0,False
2024,holtoty01,Tyler Holton,DET,P,RP,28.0,66.0,3.2,,,,,,,,94.33,9.0,8.0,2.19,189.0,3.17,0.784,77.0,758300.0,1.273,False
2024,horwisp01,Spencer Horwitz,TOR,H,1B,26.0,97.0,1.1,381.0,12.0,0.0,0.265,0.357,0.433,123.0,,,,,,,,,741900.0,0.215,False
2024,hoskirh01,Rhys Hoskins,MIL,H,1B,31.0,131.0,-0.1,517.0,26.0,3.0,0.214,0.303,0.419,99.0,,,,,,,,,12000000.0,6.308,False
2024,houckta01,Tanner Houck,BOS,P,SP,28.0,30.0,3.2,,,,,,,,178.67,30.0,0.0,3.12,133.0,3.32,1.142,154.0,770000.0,2.581,False
2024,housead01,Adrian Houser,NYM,P,RP,31.0,23.0,-0.9,,,,,,,,69.33,7.0,1.0,5.84,68.0,4.93,1.529,45.0,5050000.0,5.058,False
2024,hudsobr01,Bryan Hudson,MIL,P,RP,27.0,43.0,2.4,,,,,,,,62.33,0,0.0,1.73,240.0,3.6,0.722,62.0,741700.0,0.099,False
2024,hudsoda01,Daniel Hudson,LAD,P,RP,37.0,65.0,0.6,,,,,,,,63.0,0,10.0,3.0,133.0,4.18,1.032,63.0,2000000.0,13.616,False
2024,hudsoda02,Dakota Hudson,COL,P,SP,29.0,18.0,-0.8,,,,,,,,89.0,18.0,0.0,6.17,77.0,5.53,1.674,49.0,1500000.0,4.907,False
2024,iglesra01,Raisel Iglesias,ATL,P,RP,34.0,66.0,2.9,,,,,,,,69.33,0,34.0,1.95,214.0,2.65,0.736,68.0,16000000.0,8.895,False
2024,imanash01,Shota Imanaga,CHC,P,SP,30.0,29.0,3.0,,,,,,,,173.33,29.0,0.0,2.91,137.0,3.72,1.021,174.0,9250000.0,0.0,False
2024,indiajo01,Jonathan India,CIN,H,2B,27.0,151.0,1.7,637.0,15.0,13.0,0.248,0.357,0.392,105.0,,,,,,,,,3800000.0,3.0,False
2024,irvinco01,Cole Irvin,2TM,P,SP,30.0,29.0,-0.6,,,,,,,,111.0,16.0,1.0,5.11,76.0,4.81,1.45,78.0,2000000.0,3.483,False
2024,irvinja01,Jake Irvin,WSN,P,SP,27.0,33.0,1.9,,,,,,,,187.67,33.0,0.0,4.41,92.0,4.41,1.199,156.0,745600.0,0.884,False
2024,isbelky01,Kyle Isbel,KCR,H,CF,27.0,136.0,2.0,426.0,8.0,11.0,0.229,0.287,0.367,85.0,,,,,,,,,758250.0,2.25,False
2024,jackslu01,Luke Jackson,2TM,P,RP,32.0,52.0,-0.3,,,,,,,,53.0,0,0.0,5.09,79.0,4.24,1.472,59.0,6500000.0,7.11,False
2024,janseda01,Danny Jansen,2TM,H,C,29.0,92.0,0.7,324.0,9.0,0.0,0.205,0.309,0.349,87.0,,,,,,,,,5200000.0,5.291,False
2024,janseke01,Kenley Jansen,BOS,P,RP,36.0,54.0,1.2,,,,,,,,54.67,0,27.0,3.29,127.0,3.0,1.061,62.0,16000000.0,13.424,False
2024,jarvibr01,Bryce Jarvis,ARI,P,RP,26.0,44.0,0.8,,,,,,,,59.33,0,0.0,3.19,132.0,5.12,1.433,38.0,743600.0,0.291,False
2024,jaxgr01,Griffin Jax,MIN,P,RP,29.0,72.0,2.8,,,,,,,,71.0,0,10.0,2.03,207.0,1.94,0.873,95.0,761750.0,2.529,False
2024,jeffery01,Ryan Jeffers,MIN,H,C,27.0,122.0,2.1,465.0,21.0,3.0,0.226,0.3,0.432,103.0,,,,,,,,,2425000.0,3.517,False
2024,jimenel02,Eloy Jiménez,2TM,H,DH,27.0,98.0,-0.8,349.0,6.0,3.0,0.238,0.289,0.336,80.0,,,,,,,,,13833334.0,5.0,False
2024,jimenjo02,Joe Jiménez,ATL,P,RP,29.0,69.0,1.8,,,,,,,,68.67,0,3.0,2.62,159.0,2.34,0.99,82.0,8000000.0,6.355,False
2024,joeco01,Connor Joe,PIT,H,1B,31.0,123.0,0.7,416.0,9.0,2.0,0.228,0.32,0.368,93.0,,,,,,,,,2125000.0,2.791,False
2024,johnspi01,Pierce Johnson,ATL,P,RP,33.0,58.0,0.7,,,,,,,,56.33,0,2.0,3.67,113.0,3.61,1.296,67.0,7000000.0,4.797,False
2024,jonesja09,Jared Jones,PIT,P,SP,22.0,22.0,1.6,,,,,,,,121.67,22.0,0.0,4.14,100.0,4.0,1.192,132.0,740000.0,0.0,False
2024,judgeaa01,Aaron Judge,NYY,H,CF,32.0,158.0,10.9,704.0,58.0,10.0,0.322,0.458,0.701,225.0,,,,,,,,,40000000.0,7.297,False
2024,julieed01,Edouard Julien,MIN,H,2B,25.0,94.0,-0.2,301.0,8.0,6.0,0.199,0.292,0.323,74.0,,,,,,,,,746750.0,0.785,False
2024,junisja01,Jakob Junis,2TM,P,RP,31.0,24.0,1.8,,,,,,,,67.0,6.0,1.0,2.69,161.0,3.69,0.851,51.0,4000000.0,6.012,False
2024,keithco01,Colt Keith,DET,H,2B,22.0,148.0,1.0,556.0,13.0,7.0,0.26,0.309,0.38,94.0,,,,,,,,,2833333.0,0.0,False
2024,kelenja01,Jarred Kelenic,ATL,H,LF,24.0,131.0,0.4,449.0,15.0,7.0,0.231,0.286,0.393,87.0,,,,,,,,,760000.0,1.983,False
2024,kellemi03,Mitch Keller,PIT,P,SP,28.0,31.0,2.0,,,,,,,,178.0,31.0,0.0,4.25,98.0,4.08,1.303,166.0,5854000.0,4.151,False
2024,kellyca02,Carson Kelly,2TM,H,C,29.0,91.0,0.5,313.0,9.0,0.0,0.238,0.313,0.374,96.0,,,,,,,,,3500000.0,5.936,False
2024,kellyke02,Kevin Kelly,TBR,P,RP,26.0,68.0,1.7,,,,,,,,70.67,0,1.0,2.67,150.0,3.27,0.962,63.0,740000.0,1.0,False
2024,kellyme01,Merrill Kelly,ARI,P,SP,35.0,13.0,1.1,,,,,,,,73.67,13.0,0.0,4.03,104.0,4.25,1.167,63.0,8500000.0,5.0,False
2024,kellyza01,Zack Kelly,BOS,P,RP,29.0,49.0,0.4,,,,,,,,56.67,3.0,0.0,3.97,105.0,4.84,1.253,61.0,740000.0,1.221,False
2024,keplema01,Max Kepler,MIN,H,RF,31.0,105.0,1.0,399.0,8.0,1.0,0.253,0.302,0.38,91.0,,,,,,,,,10000000.0,7.884,False
2024,kerkeor01,Orion Kerkering,PHI,P,RP,23.0,64.0,1.7,,,,,,,,63.0,2.0,0.0,2.29,184.0,2.42,1.079,74.0,742500.0,0.058,False
2024,kikucyu01,Yusei Kikuchi,2TM,P,SP,33.0,32.0,1.6,,,,,,,,175.67,32.0,0.0,4.05,101.0,3.46,1.201,206.0,10000000.0,5.0,False
2024,kimbrcr01,Craig Kimbrel,BAL,P,RP,36.0,57.0,-1.0,,,,,,,,52.33,0,23.0,5.33,73.0,4.18,1.357,73.0,12000000.0,12.936,False
2024,kimha01,Ha-Seong Kim,SDP,H,SS,28.0,121.0,2.6,470.0,11.0,22.0,0.233,0.33,0.37,96.0,,,,,,,,,8000000.0,3.0,False
2024,kineris01,Isiah Kiner-Falefa,2TM,H,2B,29.0,133.0,3.5,496.0,8.0,11.0,0.269,0.306,0.376,92.0,2.0,0,0.0,4.5,108.0,6.17,1.5,0.0,7500000.0,6.0,False
2024,kingjo01,John King,STL,P,RP,29.0,56.0,0.8,,,,,,,,60.0,0,0.0,2.85,145.0,3.73,1.2,38.0,1005000.0,2.86,False
2024,kingmi01,Michael King,SDP,P,SP,29.0,31.0,4.1,,,,,,,,173.67,30.0,0.0,2.95,139.0,3.33,1.192,201.0,3150000.0,4.023,False
2024,kinlety01,Tyler Kinley,COL,P,RP,33.0,67.0,-0.2,,,,,,,,64.0,0,12.0,6.19,77.0,4.79,1.469,72.0,1300000.0,5.081,False
2024,kirbyge01,George Kirby,SEA,P,SP,26.0,33.0,2.1,,,,,,,,191.0,33.0,0.0,3.53,105.0,3.26,1.068,179.0,798600.0,1.878,False
2024,kirkal01,Alejandro Kirk,TOR,H,C,25.0,103.0,1.9,386.0,5.0,0.0,0.253,0.319,0.359,92.0,,,,,,,,,2800000.0,3.273,False
2024,kittran01,Andrew Kittredge,STL,P,RP,34.0,74.0,1.5,,,,,,,,70.67,0,1.0,2.8,147.0,3.96,1.132,67.0,2630000.0,5.407,False
2024,knackla01,Landon Knack,LAD,P,SP,26.0,15.0,1.0,,,,,,,,69.0,12.0,1.0,3.65,109.0,4.72,1.101,69.0,740000.0,0.0,False
2024,kochaja01,Jack Kochanowicz,LAA,P,SP,23.0,11.0,0.8,,,,,,,,65.33,11.0,0.0,3.99,105.0,4.62,1.194,25.0,740000,,True
2024,koenija01,Jared Koenig,MIL,P,RP,30.0,55.0,1.5,,,,,,,,62.0,6.0,1.0,2.47,169.0,3.28,1.242,63.0,740000.0,0.0,False
2024,kopecmi01,Michael Kopech,2TM,P,RP,28.0,67.0,1.4,,,,,,,,67.67,0,15.0,3.46,119.0,4.02,1.153,88.0,3000000.0,4.238,False
2024,kremede01,Dean Kremer,BAL,P,SP,28.0,24.0,0.7,,,,,,,,129.67,24.0,0.0,4.1,95.0,4.32,1.242,123.0,756600.0,2.651,False
2024,kuhlch01,Chad Kuhl,CHW,P,RP,31.0,31.0,0.2,,,,,,,,53.33,1.0,1.0,5.06,82.0,4.1,1.519,54.0,,7.459,False
2024,kwanst01,Steven Kwan,CLE,H,LF,26.0,122.0,4.0,540.0,14.0,12.0,0.292,0.368,0.425,126.0,,,,,,,,,757600.0,2.0,False
2024,lambepe01,Peter Lambert,COL,P,RP,27.0,28.0,-0.4,,,,,,,,61.33,3.0,0.0,5.72,83.0,4.54,1.663,50.0,1250000.0,3.744,False
2024,langesh01,Shea Langeliers,ATH,H,C,26.0,137.0,2.9,534.0,29.0,4.0,0.224,0.288,0.45,111.0,,,,,,,,,745000.0,1.297,False
2024,langfwy01,Wyatt Langford,TEX,H,LF,22.0,134.0,4.2,557.0,16.0,19.0,0.253,0.325,0.415,115.0,,,,,,,,,740000.0,0.0,False
2024,larnatr01,Trevor Larnach,MIN,H,LF,27.0,112.0,1.3,400.0,15.0,4.0,0.259,0.338,0.434,116.0,,,,,,,,,740000.0,2.081,False
2024,laurera01,Ramón Laureano,2TM,H,RF,29.0,98.0,1.3,309.0,11.0,8.0,0.259,0.311,0.437,107.0,,,,,,,,,5150000.0,4.959,False
2024,lawde01,Derek Law,WSN,P,RP,33.0,75.0,2.0,,,,,,,,90.0,0,1.0,2.6,157.0,3.32,1.178,76.0,1500000.0,4.471,False
2024,lawreju01,Justin Lawrence,COL,P,RP,29.0,56.0,-1.6,,,,,,,,59.67,0,2.0,6.49,73.0,5.63,1.777,45.0,745000.0,1.971,False
2024,leclejo01,José Leclerc,TEX,P,RP,30.0,64.0,-0.2,,,,,,,,66.67,0,1.0,4.32,88.0,3.48,1.32,89.0,6250000.0,7.238,False
2024,leedy01,Dylan Lee,ATL,P,RP,29.0,52.0,1.3,,,,,,,,59.67,0,0.0,2.11,197.0,3.0,1.106,76.0,760000.0,1.872,False
2024,leeko01,Korey Lee,CHW,H,C,25.0,125.0,0,394.0,12.0,6.0,0.21,0.244,0.347,67.0,,,,,,,,,741850.0,0.413,False
2024,leitema02,Mark Leiter Jr.,2TM,P,RP,33.0,60.0,-0.5,,,,,,,,58.0,0,0.0,4.5,90.0,3.29,1.328,86.0,1500000.0,3.18,False
2024,lewisro02,Royce Lewis,MIN,H,3B,25.0,82.0,0.7,325.0,16.0,0.0,0.233,0.295,0.452,107.0,,,,,,,,,745700.0,1.826,False
2024,liberma01,Matthew Liberatore,STL,P,RP,24.0,60.0,0.3,,,,,,,,86.0,6.0,0.0,4.4,94.0,4.11,1.267,76.0,747200.0,0.837,False
2024,lindofr01,Francisco Lindor,NYM,H,SS,30.0,152.0,6.8,689.0,33.0,29.0,0.273,0.344,0.5,137.0,,,,,,,,,34100000.0,8.657,False
2024,litteza01,Zack Littell,TBR,P,SP,28.0,29.0,2.8,,,,,,,,156.33,29.0,0.0,3.63,110.0,3.88,1.247,141.0,1850000.0,4.25,False
2024,livelbe01,Ben Lively,CLE,P,SP,32.0,29.0,1.4,,,,,,,,151.0,29.0,0.0,3.81,106.0,4.66,1.245,118.0,750000.0,1.773,False
2024,lodolni01,Nick Lodolo,CIN,P,SP,26.0,21.0,1.2,,,,,,,,115.33,21.0,0.0,4.76,92.0,3.95,1.197,122.0,760000.0,2.0,False
2024,lopezjo02,Jorge López,2TM,P,RP,31.0,52.0,0.9,,,,,,,,53.0,0,4.0,2.89,139.0,3.94,1.226,50.0,2000000.0,5.593,False
2024,lopezni01,Nicky Lopez,CHW,H,2B,29.0,124.0,0.1,445.0,1.0,5.0,0.241,0.312,0.294,76.0,,,,,,,,,4300000.0,4.808,False
2024,lopezot01,Otto Lopez,MIA,H,2B,25.0,117.0,2.8,434.0,6.0,20.0,0.27,0.313,0.377,91.0,,,,,,,,,740000.0,0.634,False
2024,lopezpa01,Pablo López,MIN,P,SP,28.0,32.0,2.6,,,,,,,,185.33,32.0,0.0,4.08,103.0,3.65,1.192,198.0,8250000.0,5.541,False
2024,lopezre01,Reynaldo López,ATL,P,SP,30.0,26.0,5.1,,,,,,,,135.67,25.0,0.0,1.99,208.0,2.92,1.106,148.0,4000000.0,6.023,False
2024,lorenmi01,Michael Lorenzen,2TM,P,SP,32.0,26.0,2.5,,,,,,,,130.33,24.0,0.0,3.31,117.0,4.89,1.235,97.0,4500000.0,8.924,False
2024,lowebr01,Brandon Lowe,TBR,H,2B,29.0,107.0,2.4,425.0,21.0,5.0,0.244,0.311,0.473,121.0,,,,,,,,,8750000.0,5.337,False
2024,lowejo01,Josh Lowe,TBR,H,RF,26.0,106.0,0.7,387.0,10.0,25.0,0.241,0.302,0.391,98.0,,,,,,,,,755700.0,1.541,False
2024,lowena01,Nathaniel Lowe,TEX,H,1B,28.0,140.0,3.0,565.0,16.0,2.0,0.265,0.361,0.401,123.0,,,,,,,,,7500000.0,3.843,False
2024,lugose01,Seth Lugo,KCR,P,SP,34.0,33.0,5.0,,,,,,,,206.67,33.0,0.0,3.0,137.0,3.25,1.089,181.0,15000000.0,7.477,False
2024,luxga01,Gavin Lux,LAD,H,2B,26.0,139.0,2.0,487.0,10.0,5.0,0.251,0.32,0.383,99.0,,,,,,,,,1225000.0,3.663,False
2024,luzarje01,Jesús Luzardo,MIA,P,SP,26.0,12.0,0.6,,,,,,,,66.67,12.0,0.0,5.0,86.0,4.26,1.245,58.0,5500000.0,3.959,False
2024,lynnla01,Lance Lynn,STL,P,SP,37.0,23.0,0.2,,,,,,,,117.33,23.0,0.0,3.84,107.0,4.31,1.338,109.0,10000000.0,12.692,False
2024,machama01,Manny Machado,SDP,H,3B,31.0,152.0,3.1,643.0,29.0,11.0,0.275,0.325,0.472,120.0,,,,,,,,,17090909.0,11.326,False
2024,maedake01,Kenta Maeda,DET,P,SP,36.0,29.0,-1.7,,,,,,,,112.33,17.0,0.0,6.09,68.0,4.96,1.38,96.0,14000000.0,8.0,False
2024,manaese01,Sean Manaea,NYM,P,SP,32.0,32.0,2.9,,,,,,,,181.67,32.0,0.0,3.47,114.0,3.83,1.084,184.0,14500000.0,7.913,False
2024,mantijo01,Joe Mantiply,ARI,P,RP,33.0,75.0,0.6,,,,,,,,59.67,2.0,1.0,3.92,107.0,2.51,1.173,53.0,925000.0,3.169,False
2024,margoma01,Manuel Margot,MIN,H,LF,29.0,129.0,-0.9,343.0,4.0,5.0,0.238,0.289,0.337,76.0,,,,,,,,,10000000.0,7.07,False
2024,marshal01,Alec Marsh,KCR,P,SP,26.0,26.0,0.6,,,,,,,,129.0,25.0,0.0,4.53,91.0,4.34,1.256,123.0,744750.0,0.547,False
2024,marshbr02,Brandon Marsh,PHI,H,LF,26.0,135.0,3.0,476.0,16.0,19.0,0.249,0.328,0.419,106.0,,,,,,,,,766500.0,2.453,False
2024,marteke01,Ketel Marte,ARI,H,2B,30.0,136.0,6.8,583.0,36.0,7.0,0.292,0.372,0.56,154.0,,,,,,,,,13600000.0,7.942,False
2024,martest01,Starling Marte,NYM,H,RF,35.0,94.0,0.6,370.0,7.0,16.0,0.269,0.327,0.388,103.0,,,,,,,,,20750000.0,10.942,False
2024,martida03,Davis Martin,CHW,P,SP,27.0,11.0,0.9,,,,,,,,50.0,10.0,0.0,4.32,96.0,4.27,1.46,47.0,740000.0,0.0,False
2024,martijd02,J.D. Martinez,NYM,H,DH,36.0,120.0,0.5,495.0,16.0,0.0,0.235,0.32,0.406,105.0,,,,,,,,,12000000.0,12.209,False
2024,martiju01,Justin Martínez,ARI,P,RP,22.0,64.0,1.9,,,,,,,,72.67,0,8.0,2.48,170.0,2.59,1.307,91.0,740000.0,0.18,False
2024,martini01,Nick Martinez,CIN,P,RP,33.0,42.0,4.0,,,,,,,,142.33,16.0,0.0,3.1,142.0,3.21,1.026,116.0,14000000.0,5.012,False
2024,martise01,Seth Martinez,HOU,P,RP,29.0,44.0,0.5,,,,,,,,52.67,0,1.0,3.59,113.0,4.78,1.272,36.0,753600.0,1.628,False
2024,massemi02,Michael Massey,KCR,H,2B,26.0,100.0,1.7,356.0,14.0,1.0,0.259,0.294,0.449,108.0,,,,,,,,,757000.0,1.395,False
2024,matonph01,Phil Maton,2TM,P,RP,31.0,71.0,0.9,,,,,,,,64.0,0,3.0,3.66,110.0,4.26,1.109,60.0,6250000.0,6.273,False
2024,matsuyu01,Yuki Matsui,SDP,P,RP,28.0,64.0,0.8,,,,,,,,62.67,0,0.0,3.73,110.0,3.92,1.165,69.0,3250000.0,0.0,False
2024,mcartja01,James McArthur,KCR,P,RP,27.0,57.0,-0.6,,,,,,,,56.67,0,18.0,4.92,84.0,4.17,1.447,49.0,745750.0,0.872,False
2024,mccarja02,Jake McCarthy,ARI,H,RF,26.0,142.0,1.6,495.0,8.0,25.0,0.285,0.349,0.4,108.0,,,,,,,,,766000.0,1.721,False
2024,mccutan01,Andrew McCutchen,PIT,H,DH,37.0,120.0,0.9,515.0,20.0,3.0,0.232,0.328,0.411,106.0,,,,,,,,,5000000.0,14.715,False
2024,mcfartj01,T.J. McFarland,ATH,P,RP,35.0,79.0,0.6,,,,,,,,56.67,0,0.0,3.81,104.0,3.82,1.235,39.0,850000.0,8.291,False
2024,mckentr01,Triston McKenzie,CLE,P,SP,26.0,16.0,-0.5,,,,,,,,75.67,16.0,0.0,5.11,79.0,6.46,1.559,74.0,1600000.0,3.43,False
2024,mckinza01,Zach McKinstry,DET,H,SS,29.0,118.0,0.7,325.0,4.0,16.0,0.215,0.277,0.337,73.0,2.0,0,0.0,9.0,55.0,11.17,1.0,0.0,764400.0,2.576,False
2024,mcmahry01,Ryan McMahon,COL,H,3B,29.0,153.0,2.3,645.0,20.0,4.0,0.242,0.325,0.397,93.0,,,,,,,,,12000000.0,6.035,False
2024,mcneije01,Jeff McNeil,NYM,H,2B,32.0,129.0,1.5,472.0,12.0,5.0,0.238,0.308,0.384,96.0,,,,,,,,,10250000.0,5.401,False
2024,mearsni01,Nick Mears,2TM,P,RP,27.0,54.0,-0.4,,,,,,,,57.67,0,0.0,5.93,78.0,3.39,1.474,75.0,750000.0,2.128,False
2024,megilty01,Tylor Megill,NYM,P,SP,28.0,16.0,0.5,,,,,,,,78.0,15.0,0.0,4.04,98.0,3.55,1.308,91.0,766250.0,2.424,False
2024,melenmj01,MJ Melendez,KCR,H,LF,25.0,135.0,-0.7,451.0,17.0,4.0,0.206,0.273,0.4,89.0,,,,,,,,,754750.0,1.89,False
2024,menesjo01,Joey Meneses,WSN,H,1B,32.0,76.0,-0.6,313.0,3.0,2.0,0.231,0.291,0.302,69.0,,,,,,,,,752000.0,1.378,False
2024,merrija01,Jackson Merrill,SDP,H,CF,21.0,156.0,4.5,593.0,24.0,16.0,0.292,0.326,0.5,127.0,,,,,,,,,740000.0,0.0,False
2024,merriwh01,Whit Merrifield,2TM,H,2B,35.0,95.0,0.2,335.0,4.0,17.0,0.222,0.311,0.314,75.0,,,,,,,,,7000000.0,7.587,False
2024,meyerja02,Jake Meyers,HOU,H,CF,28.0,148.0,1.5,513.0,13.0,11.0,0.219,0.286,0.36,83.0,,,,,,,,,767300.0,2.256,False
2024,meyerma01,Max Meyer,MIA,P,SP,25.0,11.0,-0.2,,,,,,,,57.0,11.0,0.0,5.68,75.0,5.9,1.421,46.0,743000.0,1.477,False
2024,mikolmi01,Miles Mikolas,STL,P,SP,35.0,32.0,-0.5,,,,,,,,171.67,32.0,0.0,5.35,77.0,4.24,1.276,122.0,18500000.0,7.215,False
2024,millebo06,Bobby Miller,LAD,P,SP,25.0,13.0,-1.9,,,,,,,,56.0,13.0,0.0,8.52,47.0,6.97,1.768,52.0,750000.0,0.767,False
2024,millebr04,Bryce Miller,SEA,P,SP,25.0,31.0,3.5,,,,,,,,180.33,31.0,0.0,2.94,126.0,3.58,0.976,171.0,752600.0,0.89,False
2024,milleer01,Erik Miller,SFG,P,RP,26.0,73.0,0.4,,,,,,,,67.33,10.0,0.0,3.88,101.0,3.67,1.307,87.0,740000.0,0.0,False
2024,millema03,Mason Miller,ATH,P,RP,25.0,55.0,2.5,,,,,,,,65.0,0,28.0,2.49,159.0,2.18,0.877,104.0,740000.0,0.965,False
2024,millesh01,Shelby Miller,DET,P,RP,33.0,51.0,0.1,,,,,,,,55.67,0,2.0,4.53,92.0,4.48,0.97,49.0,3000000.0,8.093,False
2024,millety01,Tyson Miller,2TM,P,RP,28.0,58.0,1.4,,,,,,,,62.0,0,1.0,2.32,171.0,3.67,0.806,54.0,740000.0,0.494,False
2024,milneho01,Hoby Milner,MIL,P,RP,33.0,61.0,-0.6,,,,,,,,64.67,1.0,1.0,4.73,88.0,3.14,1.191,64.0,2050000.0,4.395,False
2024,miranjo01,José Miranda,MIN,H,3B,26.0,121.0,1.7,429.0,9.0,2.0,0.284,0.322,0.441,112.0,,,,,,,,,740000.0,1.686,False
2024,mizeca01,Casey Mize,DET,P,SP,27.0,22.0,0.3,,,,,,,,102.33,20.0,0.0,4.49,93.0,3.95,1.466,78.0,830000.0,3.645,False
2024,mlodzca01,Carmen Mlodzinski,PIT,P,RP,25.0,40.0,0.8,,,,,,,,50.67,4.0,0.0,3.38,124.0,3.36,1.184,46.0,747500.0,0.628,False
2024,molinan01,Anthony Molina,COL,P,RP,22.0,35.0,-0.5,,,,,,,,59.67,1.0,0.0,6.79,70.0,4.09,1.575,41.0,740000.0,0.0,False
2024,moniami01,Mickey Moniak,LAA,H,CF,26.0,124.0,-0.1,418.0,14.0,8.0,0.219,0.266,0.38,80.0,,,,,,,,,770000.0,2.157,False
2024,montafr02,Frankie Montas,2TM,P,SP,31.0,30.0,0.6,,,,,,,,150.67,30.0,0.0,4.84,89.0,4.71,1.367,148.0,14000000.0,6.087,False
2024,monteke01,Keider Montero,DET,P,SP,23.0,19.0,0.2,,,,,,,,98.33,16.0,0.0,4.76,87.0,5.15,1.332,77.0,740000.0,0.0,False
2024,montgjo01,Jordan Montgomery,ARI,P,SP,31.0,25.0,-1.4,,,,,,,,117.0,21.0,1.0,6.23,67.0,4.48,1.65,83.0,25000000.0,6.89,False
2024,mooredy01,Dylan Moore,SEA,H,SS,31.0,135.0,2.1,441.0,10.0,32.0,0.201,0.32,0.367,103.0,,,,,,,,,3133334.0,5.0,False
2024,morejad01,Adrián Morejón,SDP,P,RP,25.0,60.0,1.3,,,,,,,,63.67,0,2.0,2.83,146.0,2.79,1.319,71.0,850000.0,3.814,False
2024,morelch01,Christopher Morel,2TM,H,3B,25.0,152.0,-0.6,611.0,21.0,8.0,0.196,0.288,0.346,80.0,,,,,,,,,767000.0,1.68,False
2024,morenga01,Gabriel Moreno,ARI,H,C,24.0,97.0,2.6,351.0,5.0,3.0,0.266,0.353,0.38,104.0,,,,,,,,,760100.0,1.355,False
2024,mortoch02,Charlie Morton,ATL,P,SP,40.0,30.0,1.1,,,,,,,,165.33,30.0,0.0,4.19,99.0,4.46,1.325,167.0,20000000.0,15.058,False
2024,mountry01,Ryan Mountcastle,BAL,H,1B,27.0,124.0,2.4,507.0,13.0,3.0,0.271,0.308,0.425,110.0,,,,,,,,,4137500.0,3.61,False
2024,mullice01,Cedric Mullins,BAL,H,CF,29.0,147.0,2.4,499.0,18.0,32.0,0.234,0.305,0.405,104.0,,,,,,,,,6325000.0,4.453,False
2024,munozan01,Andrés Muñoz,SEA,P,RP,25.0,60.0,2.1,,,,,,,,59.33,0,22.0,2.12,175.0,3.35,0.961,77.0,2187500.0,4.465,False
2024,munozro01,Roddery Muñoz,MIA,P,SP,24.0,18.0,-1.2,,,,,,,,82.67,17.0,0.0,6.53,66.0,7.27,1.585,70.0,740000.0,0.0,False
2024,musgrjo01,Joe Musgrove,SDP,P,SP,31.0,19.0,1.7,,,,,,,,99.67,19.0,0.0,3.88,106.0,3.96,1.174,101.0,20000000.0,7.366,False
2024,myersto01,Tobias Myers,MIL,P,SP,25.0,27.0,2.6,,,,,,,,138.0,25.0,0.0,3.0,138.0,3.91,1.174,127.0,740000.0,0.0,False
2024,naylobo01,Bo Naylor,CLE,H,C,24.0,123.0,0.7,389.0,13.0,6.0,0.201,0.264,0.35,73.0,,,,,,,,,742100.0,0.657,False
2024,naylojo01,Josh Naylor,CLE,H,1B,27.0,152.0,1.5,633.0,31.0,6.0,0.243,0.32,0.456,118.0,,,,,,,,,6500000.0,4.738,False
2024,nelsory01,Ryne Nelson,ARI,P,SP,26.0,28.0,1.6,,,,,,,,150.67,25.0,1.0,4.24,99.0,3.74,1.254,126.0,764300.0,1.116,False
2024,nerishe01,Hector Neris,2TM,P,RP,35.0,62.0,-0.2,,,,,,,,59.33,0,18.0,4.1,99.0,4.28,1.399,64.0,9000000.0,8.395,False
2024,netoza01,Zach Neto,LAA,H,SS,23.0,155.0,5.1,602.0,23.0,30.0,0.249,0.318,0.443,112.0,,,,,,,,,750000.0,0.988,False
2024,newmake01,Kevin Newman,ARI,H,SS,30.0,111.0,2.2,311.0,3.0,8.0,0.278,0.311,0.375,90.0,,,,,,,,,946237.0,5.267,False
2024,nicolky01,Kyle Nicolas,PIT,P,RP,25.0,51.0,0.2,,,,,,,,54.67,0,0.0,3.95,105.0,4.03,1.5,55.0,740000.0,0.076,False
2024,nimmobr01,Brandon Nimmo,NYM,H,LF,31.0,151.0,2.2,663.0,23.0,15.0,0.224,0.327,0.399,106.0,,,,,,,,,20500000.0,7.244,False
2024,nolaaa01,Aaron Nola,PHI,P,SP,31.0,33.0,4.0,,,,,,,,199.33,33.0,0.0,3.57,117.0,3.94,1.199,197.0,24571429.0,8.442,False
2024,nootbla01,Lars Nootbaar,STL,H,RF,26.0,109.0,1.6,405.0,12.0,7.0,0.244,0.342,0.417,113.0,,,,,,,,,761000.0,2.442,False
2024,oberba01,Bailey Ober,MIN,P,SP,28.0,31.0,3.0,,,,,,,,178.67,31.0,0.0,3.98,105.0,3.82,1.002,191.0,761850.0,2.541,False
2024,ohearry01,Ryan O'Hearn,BAL,H,1B,30.0,142.0,1.8,494.0,15.0,3.0,0.264,0.334,0.427,119.0,,,,,,,,,3500000.0,5.012,False
2024,ohopplo01,Logan O'Hoppe,LAA,H,C,24.0,136.0,2.7,522.0,20.0,2.0,0.244,0.303,0.409,99.0,,,,,,,,,760000.0,1.047,False
2024,ohtansh01,Shohei Ohtani,LAD,H,DH,29.0,159.0,9.0,731.0,54.0,59.0,0.31,0.39,0.646,187.0,,,,,,,,,28216944.0,6.0,False
2024,olsonma02,Matt Olson,ATL,H,1B,30.0,162.0,3.9,685.0,29.0,0.0,0.247,0.333,0.457,118.0,,,,,,,,,22000000.0,6.599,False
2024,olsonre01,Reese Olson,DET,P,SP,24.0,22.0,1.4,,,,,,,,112.33,22.0,0.0,3.53,118.0,3.17,1.184,101.0,752300.0,0.715,False
2024,oneilty01,Tyler O'Neill,BOS,H,LF,29.0,113.0,2.9,473.0,31.0,4.0,0.241,0.336,0.511,135.0,,,,,,,,,5850000.0,5.343,False
2024,ortizjo06,Joey Ortiz,MIL,H,3B,25.0,142.0,2.8,511.0,11.0,11.0,0.239,0.329,0.398,102.0,,,,,,,,,741500.0,0.174,False
2024,ortizlu03,Luis Ortiz,PIT,P,RP,25.0,37.0,3.0,,,,,,,,135.67,15.0,1.0,3.32,125.0,4.25,1.113,107.0,747500.0,0.703,False
2024,ottavad01,Adam Ottavino,NYM,P,RP,38.0,60.0,0,,,,,,,,56.0,0,1.0,4.34,91.0,3.67,1.286,70.0,4500000.0,12.506,False
2024,ozunama01,Marcell Ozuna,ATL,H,DH,33.0,162.0,4.3,688.0,39.0,1.0,0.302,0.378,0.546,154.0,,,,,,,,,18000000.0,10.721,False
2024,paddach01,Chris Paddack,MIN,P,SP,28.0,17.0,0.5,,,,,,,,88.33,17.0,0.0,4.99,84.0,4.18,1.392,79.0,2525000.0,5.0,False
2024,pagesan01,Andy Pages,LAD,H,CF,23.0,116.0,1.2,443.0,13.0,1.0,0.248,0.305,0.407,100.0,,,,,,,,,740000.0,0.0,False
2024,palacri01,Richie Palacios,TBR,H,2B,27.0,92.0,1.8,316.0,5.0,19.0,0.223,0.346,0.318,94.0,,,,,,,,,745200.0,0.907,False
2024,pallaan01,Andre Pallante,STL,P,SP,25.0,29.0,1.6,,,,,,,,121.33,20.0,0.0,3.78,109.0,3.71,1.302,94.0,756900.0,1.965,False
2024,paredis01,Isaac Paredes,2TM,H,3B,25.0,153.0,2.7,641.0,19.0,1.0,0.238,0.346,0.393,112.0,,,,,,,,,3400000.0,2.93,False
2024,parkemi01,Mitchell Parker,WSN,P,SP,24.0,29.0,0.9,,,,,,,,151.0,29.0,0.0,4.29,95.0,3.85,1.305,133.0,740000.0,0.0,False
2024,pasquvi01,Vinnie Pasquantino,KCR,H,1B,26.0,131.0,1.3,554.0,19.0,1.0,0.262,0.315,0.446,114.0,,,,,,,,,752750.0,1.587,False
2024,paxtoja01,James Paxton,2TM,P,SP,35.0,21.0,0.2,,,,,,,,100.33,21.0,0.0,4.4,91.0,4.79,1.445,73.0,7000000.0,9.878,False
2024,payamjo01,Joel Payamps,MIL,P,RP,30.0,68.0,1.1,,,,,,,,59.0,0,6.0,3.05,136.0,3.73,0.966,59.0,1650000.0,3.157,False
2024,pearsna01,Nate Pearson,2TM,P,RP,27.0,60.0,-0.1,,,,,,,,66.33,1.0,2.0,4.48,91.0,4.37,1.327,74.0,800000.0,3.029,False
2024,pederjo01,Joc Pederson,ARI,H,DH,32.0,132.0,2.8,449.0,23.0,7.0,0.275,0.393,0.515,150.0,,,,,,,,,9500000.0,9.163,False
2024,pegueel01,Elvis Peguero,MIL,P,RP,27.0,52.0,0.4,,,,,,,,51.33,0,2.0,2.98,140.0,4.04,1.539,47.0,754300.0,1.424,False
2024,penaje02,Jeremy Peña,HOU,H,SS,26.0,157.0,3.9,650.0,15.0,20.0,0.266,0.308,0.394,99.0,,,,,,,,,783500.0,2.0,False
2024,pepiory01,Ryan Pepiot,TBR,P,SP,26.0,26.0,2.2,,,,,,,,130.0,26.0,0.0,3.6,111.0,3.95,1.154,142.0,744900.0,1.029,False
2024,peralfr01,Freddy Peralta,MIL,P,SP,28.0,32.0,2.4,,,,,,,,173.67,32.0,0.0,3.68,113.0,4.16,1.215,200.0,5734960.0,5.523,False
2024,perdoge01,Geraldo Perdomo,ARI,H,SS,24.0,98.0,3.5,388.0,3.0,9.0,0.273,0.344,0.374,100.0,,,,,,,,,786000.0,2.087,False
2024,perezci01,Cionel Pérez,BAL,P,RP,28.0,62.0,-0.1,,,,,,,,53.67,0,2.0,4.53,86.0,3.3,1.398,46.0,1200000.0,3.494,False
2024,perezma02,Martín Pérez,2TM,P,SP,33.0,26.0,0.9,,,,,,,,135.0,26.0,0.0,4.53,91.0,4.9,1.481,107.0,8000000.0,11.221,False
2024,perezsa02,Salvador Perez,KCR,H,C,34.0,158.0,2.8,652.0,27.0,0.0,0.271,0.33,0.456,122.0,,,,,,,,,20000000.0,12.291,False
2024,perezwe01,Wenceel Pérez,DET,H,RF,24.0,112.0,0.6,425.0,9.0,9.0,0.242,0.3,0.383,92.0,,,,,,,,,740000.0,0.0,False
2024,perkibl01,Blake Perkins,MIL,H,CF,27.0,121.0,1.9,434.0,6.0,23.0,0.24,0.316,0.332,81.0,,,,,,,,,800000.0,0.773,False
2024,peterda01,David Peterson,NYM,P,SP,28.0,21.0,2.9,,,,,,,,121.0,21.0,0.0,2.9,136.0,3.67,1.289,101.0,2150000.0,3.517,False
2024,pfaadbr01,Brandon Pfaadt,ARI,P,SP,25.0,32.0,0.4,,,,,,,,181.67,32.0,0.0,4.71,89.0,3.61,1.239,185.0,754400.0,0.564,False
2024,phamth01,Tommy Pham,3TM,H,RF,36.0,116.0,-0.2,478.0,9.0,7.0,0.248,0.305,0.368,92.0,,,,,,,,,,8.622,False
2024,phillev01,Evan Phillips,LAD,P,RP,29.0,61.0,-0.5,,,,,,,,54.67,0,18.0,3.62,110.0,3.28,1.189,63.0,4000000.0,3.791,False
2024,pillake01,Kevin Pillar,2TM,H,CF,35.0,100.0,0.3,314.0,8.0,12.0,0.229,0.291,0.377,87.0,,,,,,,,,1000000.0,9.419,False
2024,pivetni01,Nick Pivetta,BOS,P,SP,31.0,27.0,1.5,,,,,,,,145.67,26.0,0.0,4.14,100.0,4.07,1.126,172.0,7500000.0,5.965,False
2024,polanjo01,Jorge Polanco,SEA,H,2B,30.0,118.0,1.3,469.0,16.0,4.0,0.213,0.296,0.355,92.0,,,,,,,,,10500000.0,7.14,False
2024,povicca01,Cade Povich,BAL,P,SP,24.0,16.0,-0.2,,,,,,,,79.67,16.0,0.0,5.2,75.0,4.79,1.431,69.0,740000.0,0.0,False
2024,pressry01,Ryan Pressly,HOU,P,RP,35.0,59.0,0.4,,,,,,,,56.67,0,4.0,3.49,116.0,3.1,1.341,58.0,14000000.0,10.227,False
2024,profaju01,Jurickson Profar,SDP,H,LF,31.0,158.0,3.6,668.0,24.0,10.0,0.28,0.38,0.459,134.0,,,,,,,,,1000000.0,9.959,False
2024,pukaj01,A.J. Puk,2TM,P,RP,29.0,62.0,1.2,,,,,,,,71.33,4.0,3.0,3.15,135.0,2.87,1.107,88.0,1800000.0,3.721,False
2024,quantca01,Cal Quantrill,COL,P,SP,29.0,29.0,1.8,,,,,,,,148.33,29.0,0.0,4.98,95.0,5.32,1.517,110.0,6550000.0,4.767,False
2024,quintjo01,Jose Quintana,NYM,P,SP,35.0,31.0,2.5,,,,,,,,170.33,31.0,0.0,3.75,105.0,4.56,1.25,135.0,13000000.0,11.773,False
2024,rafaece01,Ceddanne Rafaela,BOS,H,CF,23.0,152.0,3.0,571.0,15.0,19.0,0.246,0.274,0.39,85.0,,,,,,,,,1250000.0,0.203,False
2024,raganco01,Cole Ragans,KCR,P,SP,26.0,32.0,4.7,,,,,,,,186.33,32.0,0.0,3.14,131.0,2.99,1.143,223.0,753750.0,1.169,False
2024,raineta01,Tanner Rainey,WSN,P,RP,31.0,50.0,0.1,,,,,,,,51.0,0,0.0,4.76,86.0,5.42,1.49,44.0,1500000.0,4.738,False
2024,raleica01,Cal Raleigh,SEA,H,C,27.0,153.0,4.6,628.0,34.0,6.0,0.22,0.312,0.436,118.0,,,,,,,,,795000.0,2.494,False
2024,raleylu01,Luke Raley,SEA,H,LF,29.0,137.0,3.2,455.0,22.0,11.0,0.243,0.32,0.463,128.0,,,,,,,,,754200.0,1.616,False
2024,ramirjo01,José Ramírez,CLE,H,3B,31.0,158.0,6.8,682.0,39.0,41.0,0.279,0.335,0.537,143.0,,,,,,,,,17000000.0,9.43,False
2024,ramoshe02,Heliot Ramos,SFG,H,CF,24.0,121.0,2.3,518.0,22.0,6.0,0.269,0.322,0.469,124.0,,,,,,,,,740000.0,0.756,False
2024,reaco01,Colin Rea,MIL,P,SP,33.0,32.0,1.1,,,,,,,,167.67,27.0,1.0,4.29,97.0,4.75,1.264,135.0,3500000.0,4.331,False
2024,realmjt01,J.T. Realmuto,PHI,H,C,33.0,99.0,2.9,413.0,14.0,2.0,0.266,0.322,0.429,107.0,,,,,,,,,23875000.0,9.221,False
2024,refsnro01,Rob Refsnyder,BOS,H,LF,33.0,93.0,0.9,307.0,11.0,2.0,0.283,0.359,0.471,133.0,,,,,,,,,1850000.0,5.279,False
2024,renfrhu01,Hunter Renfroe,KCR,H,RF,32.0,120.0,0.1,424.0,15.0,1.0,0.229,0.297,0.392,95.0,,,,,,,,,5500000.0,6.959,False
2024,rengilu01,Luis Rengifo,LAA,H,3B,27.0,78.0,1.8,304.0,6.0,24.0,0.3,0.347,0.417,115.0,,,,,,,,,4400000.0,4.25,False
2024,reynobr01,Bryan Reynolds,PIT,H,LF,29.0,156.0,3.6,692.0,24.0,10.0,0.275,0.344,0.447,120.0,,,,,,,,,10250000.0,4.948,False
2024,richatr01,Trevor Richards,2TM,P,RP,31.0,55.0,-0.3,,,,,,,,65.33,2.0,1.0,4.55,92.0,4.36,1.209,62.0,2150000.0,5.488,False
2024,rileyau01,Austin Riley,ATL,H,3B,27.0,110.0,2.9,469.0,19.0,0.0,0.256,0.322,0.461,115.0,,,,,,,,,21000000.0,4.802,False
2024,riverem01,Emmanuel Rivera,2TM,H,3B,28.0,123.0,-0.4,302.0,5.0,2.0,0.238,0.312,0.343,84.0,4.0,0,0.0,9.0,52.0,7.17,1.75,0.0,765200.0,2.151,False
2024,rizzoan01,Anthony Rizzo,NYY,H,1B,34.0,92.0,0.2,375.0,8.0,0.0,0.228,0.301,0.335,82.0,,,,,,,,,17000000.0,11.977,False
2024,roberda08,David Robertson,TEX,P,RP,39.0,68.0,1.5,,,,,,,,72.0,0,2.0,3.0,127.0,2.65,1.111,99.0,10000000.0,14.692,False
2024,roberlu01,Luis Robert Jr.,CHW,H,CF,26.0,100.0,1.3,425.0,14.0,23.0,0.224,0.278,0.379,86.0,,,,,,,,,12500000.0,4.0,False
2024,rocchbr01,Brayan Rocchio,CLE,H,SS,23.0,143.0,1.9,442.0,8.0,10.0,0.206,0.298,0.316,76.0,,,,,,,,,740200.0,0.215,False
2024,rodgebr02,Brendan Rodgers,COL,H,2B,27.0,135.0,1.0,539.0,13.0,1.0,0.267,0.314,0.407,92.0,,,,,,,,,3200000.0,4.436,False
2024,rodonca01,Carlos Rodón,NYY,P,SP,31.0,32.0,1.9,,,,,,,,175.0,32.0,0.0,3.96,102.0,4.39,1.223,195.0,27833334.0,8.977,False
2024,rodried05,Eduardo Rodríguez,ARI,P,SP,31.0,10.0,0.2,,,,,,,,50.0,10.0,0.0,5.04,84.0,4.57,1.5,47.0,14000000.0,8.407,False
2024,rodrigr01,Grayson Rodriguez,BAL,P,SP,24.0,20.0,1.6,,,,,,,,116.67,20.0,0.0,3.86,100.0,3.66,1.243,130.0,748300.0,0.75,False
2024,rodriju01,Julio Rodríguez,SEA,H,CF,23.0,143.0,4.2,613.0,20.0,24.0,0.273,0.325,0.409,115.0,,,,,,,,,12185714.0,2.0,False
2024,rodrira02,Randy Rodríguez,SFG,P,RP,24.0,35.0,-0.2,,,,,,,,52.33,1.0,0.0,4.3,91.0,3.34,1.242,53.0,740000.0,0.0,False
2024,rodriya01,Yariel Rodríguez,TOR,P,SP,27.0,21.0,0,,,,,,,,86.67,21.0,0.0,4.47,92.0,4.34,1.315,85.0,3600000.0,0.0,False
2024,rogerja03,Jake Rogers,DET,H,C,29.0,102.0,0.9,337.0,10.0,1.0,0.197,0.255,0.352,70.0,,,,,,,,,1700000.0,3.233,False
2024,rogerta01,Taylor Rogers,SFG,P,RP,33.0,64.0,1.1,,,,,,,,60.0,0,0.0,2.4,163.0,3.75,1.25,64.0,12000000.0,7.843,False
2024,rogertr01,Trevor Rogers,2TM,P,SP,26.0,25.0,0.6,,,,,,,,124.33,25.0,0.0,4.92,86.0,4.52,1.576,97.0,1530000.0,3.547,False
2024,rogerty01,Tyler Rogers,SFG,P,RP,33.0,77.0,1.5,,,,,,,,70.33,0,1.0,2.82,139.0,3.56,1.038,51.0,3200000.0,4.198,False
2024,rojasjo01,Josh Rojas,SEA,H,3B,30.0,142.0,2.1,476.0,8.0,10.0,0.225,0.304,0.336,90.0,2.0,0,0.0,9.0,50.0,12.67,1.5,0.0,3100000.0,3.733,False
2024,rojasjo03,Johan Rojas,PHI,H,CF,23.0,120.0,0.6,363.0,3.0,25.0,0.243,0.279,0.322,67.0,,,,,,,,,745000.0,0.465,False
2024,rojasmi02,Miguel Rojas,LAD,H,SS,35.0,103.0,3.4,337.0,6.0,8.0,0.283,0.337,0.41,111.0,1.0,0,0.0,0.0,,3.17,1.0,0.0,5750000.0,9.25,False
2024,romerjo01,JoJo Romero,STL,P,RP,27.0,65.0,0.8,,,,,,,,59.0,0,1.0,3.36,123.0,4.27,1.153,51.0,860000.0,3.262,False
2024,rookebr01,Brent Rooker,ATH,H,DH,29.0,145.0,5.6,614.0,39.0,11.0,0.293,0.365,0.562,165.0,,,,,,,,,750000.0,2.343,False
2024,rortvbe01,Ben Rortvedt,TBR,H,C,26.0,112.0,0.9,328.0,3.0,1.0,0.228,0.317,0.303,80.0,2.0,0,0.0,4.5,105.0,11.67,2.5,1.0,755400.0,2.25,False
2024,rosaram01,Amed Rosario,3TM,H,2B,28.0,103.0,-0.1,346.0,3.0,13.0,0.28,0.306,0.38,94.0,,,,,,,,,1500000.0,6.36,False
2024,rosared01,Eddie Rosario,2TM,H,LF,32.0,91.0,-1.6,319.0,10.0,9.0,0.175,0.215,0.316,48.0,,,,,,,,,2000000.0,8.698,False
2024,rossjo01,Joe Ross,MIL,P,RP,31.0,25.0,0.5,,,,,,,,74.0,10.0,0.0,3.77,110.0,3.83,1.365,66.0,1750000.0,6.105,False
2024,rouppla01,Landen Roupp,SFG,P,RP,25.0,23.0,0.6,,,,,,,,50.33,4.0,0.0,3.58,110.0,3.42,1.371,47.0,740000.0,0.0,False
2024,ruizjo01,José Ruiz,PHI,P,RP,29.0,52.0,0.6,,,,,,,,51.0,0,1.0,3.71,114.0,4.22,1.333,52.0,,4.279,False
2024,ruizke01,Keibert Ruiz,WSN,H,C,25.0,127.0,0.6,485.0,13.0,3.0,0.229,0.26,0.359,74.0,,,,,,,,,6375000.0,2.372,False
2024,rutscad01,Adley Rutschman,BAL,H,C,26.0,148.0,3.1,638.0,19.0,1.0,0.25,0.318,0.391,105.0,,,,,,,,,760300.0,2.0,False
2024,ryanjo04,Joe Ryan,MIN,P,SP,28.0,23.0,2.5,,,,,,,,135.0,23.0,0.0,3.6,116.0,3.44,0.985,147.0,758850.0,2.192,False
2024,salech01,Chris Sale,ATL,P,SP,35.0,29.0,6.2,,,,,,,,177.67,29.0,0.0,2.38,174.0,2.09,1.013,225.0,16000000.0,13.355,False
2024,sanchcr01,Cristopher Sánchez,PHI,P,SP,27.0,31.0,3.8,,,,,,,,181.67,31.0,0.0,3.32,126.0,3.0,1.244,153.0,753500.0,1.483,False
2024,sanchje02,Jesús Sánchez,MIA,H,RF,26.0,149.0,1.0,537.0,18.0,16.0,0.252,0.313,0.417,101.0,,,,,,,,,2100000.0,2.686,False
2024,sandlni01,Nick Sandlin,CLE,P,RP,27.0,68.0,-0.1,,,,,,,,57.67,1.0,1.0,3.75,108.0,5.23,1.266,68.0,1075000.0,2.913,False
2024,sandopa02,Patrick Sandoval,LAA,P,SP,27.0,16.0,0,,,,,,,,79.67,16.0,0.0,5.08,83.0,3.87,1.506,81.0,5025000.0,3.866,False
2024,sandsco01,Cole Sands,MIN,P,RP,26.0,62.0,1.3,,,,,,,,71.33,0,4.0,3.28,128.0,2.63,0.995,85.0,749450.0,1.099,False
2024,santaan02,Anthony Santander,BAL,H,RF,29.0,155.0,2.7,665.0,44.0,2.0,0.235,0.308,0.506,131.0,,,,,,,,,11700000.0,5.942,False
2024,santaca01,Carlos Santana,MIN,H,1B,38.0,150.0,2.5,594.0,23.0,4.0,0.238,0.328,0.42,109.0,,,,,,,,,5250000.0,13.669,False
2024,santade01,Dennis Santana,2TM,P,RP,28.0,62.0,0.9,,,,,,,,71.67,0,3.0,3.89,106.0,3.01,1.088,69.0,,4.552,False
2024,schanno01,Nolan Schanuel,LAA,H,1B,22.0,147.0,1.2,607.0,13.0,10.0,0.25,0.343,0.362,100.0,,,,,,,,,750000.0,0.262,False
2024,schmicl01,Clarke Schmidt,NYY,P,SP,28.0,16.0,1.9,,,,,,,,85.33,16.0,0.0,2.85,142.0,3.58,1.184,93.0,2025000.0,2.86,False
2024,schneda03,Davis Schneider,TOR,H,LF,25.0,135.0,-0.1,454.0,13.0,6.0,0.191,0.282,0.343,77.0,,,,,,,,,744900.0,0.343,False
2024,schrejo01,John Schreiber,KCR,P,RP,30.0,59.0,0.4,,,,,,,,51.67,0,2.0,3.66,113.0,3.03,1.316,46.0,1175000.0,3.157,False
2024,schuema01,Max Schuemann,ATH,H,SS,27.0,133.0,0.8,459.0,7.0,14.0,0.22,0.311,0.308,82.0,,,,,,,,,740000.0,0.0,False
2024,schwaky01,Kyle Schwarber,PHI,H,DH,31.0,150.0,3.3,692.0,38.0,5.0,0.248,0.366,0.485,134.0,,,,,,,,,20000000.0,8.5,False
2024,schwesp01,Spencer Schwellenbach,ATL,P,SP,24.0,21.0,2.7,,,,,,,,123.67,21.0,0.0,3.35,124.0,3.29,1.043,127.0,740000.0,0.0,False
2024,scottta01,Tanner Scott,2TM,P,RP,29.0,72.0,3.7,,,,,,,,72.0,0,22.0,1.75,243.0,2.92,1.125,84.0,5700000.0,5.343,False
2024,scottta02,Tayler Scott,HOU,P,RP,32.0,62.0,1.7,,,,,,,,68.67,1.0,0.0,2.23,181.0,4.13,1.165,71.0,790000.0,1.087,False
2024,seageco01,Corey Seager,TEX,H,SS,30.0,123.0,5.2,533.0,30.0,1.0,0.278,0.353,0.512,149.0,,,,,,,,,35000000.0,8.186,False
2024,searsjp01,JP Sears,ATH,P,SP,28.0,32.0,2.3,,,,,,,,180.67,32.0,0.0,4.38,90.0,4.71,1.223,137.0,745000.0,1.471,False
2024,semiema01,Marcus Semien,TEX,H,2B,33.0,159.0,4.5,718.0,23.0,8.0,0.237,0.308,0.391,103.0,,,,,,,,,26000000.0,9.686,False
2024,severlu01,Luis Severino,NYM,P,SP,30.0,31.0,1.7,,,,,,,,182.0,31.0,0.0,3.91,101.0,4.21,1.242,161.0,13000000.0,7.988,False
2024,sheetga01,Gavin Sheets,CHW,H,RF,28.0,139.0,-1.0,501.0,10.0,2.0,0.233,0.303,0.357,89.0,,,,,,,,,756950.0,2.442,False
2024,shustja01,Jared Shuster,CHW,P,RP,25.0,39.0,1.0,,,,,,,,73.33,4.0,0.0,4.3,96.0,4.58,1.459,56.0,740000.0,0.448,False
2024,sianimi01,Michael Siani,STL,H,CF,24.0,124.0,0.8,334.0,2.0,20.0,0.228,0.285,0.285,62.0,,,,,,,,,741650.0,0.192,False
2024,singebr01,Brady Singer,KCR,P,SP,27.0,32.0,2.9,,,,,,,,179.67,32.0,0.0,3.71,111.0,3.93,1.275,170.0,4850000.0,3.907,False
2024,singljo02,Jon Singleton,HOU,H,1B,32.0,119.0,0.2,405.0,13.0,0.0,0.234,0.321,0.386,101.0,,,,,,,,,850000.0,1.401,False
2024,sirijo01,Jose Siri,TBR,H,CF,28.0,130.0,1.8,448.0,18.0,14.0,0.187,0.255,0.366,76.0,,,,,,,,,757800.0,2.087,False
2024,skenepa01,Paul Skenes,PIT,P,SP,22.0,23.0,5.8,,,,,,,,133.0,23.0,0.0,1.96,211.0,2.44,0.947,170.0,740000.0,0.0,False
2024,skubata01,Tarik Skubal,DET,P,SP,27.0,31.0,6.7,,,,,,,,192.0,31.0,0.0,2.39,174.0,2.49,0.922,228.0,2650000.0,3.663,False
2024,slateju01,Justin Slaten,BOS,P,RP,26.0,44.0,0.8,,,,,,,,55.33,0,2.0,2.93,142.0,2.61,1.012,58.0,740000.0,0.0,False
2024,smithbu03,Burch Smith,2TM,P,RP,34.0,50.0,-0.2,,,,,,,,56.33,0,0.0,4.95,83.0,3.66,1.349,46.0,,6.552,False
2024,smithca06,Cade Smith,CLE,P,RP,25.0,74.0,2.4,,,,,,,,75.33,0,1.0,1.91,211.0,1.4,0.903,103.0,740000.0,0.0,False
2024,smithdo02,Dominic Smith,2TM,H,1B,29.0,93.0,0.1,307.0,6.0,1.0,0.233,0.313,0.378,94.0,3.0,0,0.0,0.0,,4.17,1.0,0.0,1430108.0,5.471,False
2024,smithjo11,Josh Smith,TEX,H,3B,26.0,149.0,3.5,592.0,13.0,11.0,0.258,0.337,0.394,114.0,,,,,,,,,749500.0,1.75,False
2024,smithwi05,Will Smith,LAD,H,C,29.0,128.0,3.4,544.0,20.0,1.0,0.248,0.327,0.433,114.0,,,,,,,,,16550000.0,4.523,False
2024,smylydr01,Drew Smyly,CHC,P,RP,35.0,50.0,0.1,,,,,,,,58.67,0,0.0,3.84,104.0,4.9,1.398,56.0,8500000.0,11.831,False
2024,snellbl01,Blake Snell,SFG,P,SP,31.0,20.0,2.2,,,,,,,,104.0,20.0,0.0,3.12,125.0,2.43,1.048,145.0,32000000.0,7.419,False
2024,solando01,Donovan Solano,SDP,H,3B,36.0,96.0,1.0,309.0,8.0,2.0,0.286,0.343,0.417,112.0,,,,,,,,,,8.471,False
2024,solerjo01,Jorge Soler,2TM,H,DH,32.0,142.0,1.1,574.0,21.0,1.0,0.241,0.338,0.442,120.0,,,,,,,,,10000000.0,8.831,False
2024,soriajo02,José Soriano,LAA,P,SP,25.0,22.0,1.9,,,,,,,,113.0,20.0,0.0,3.42,122.0,3.8,1.204,97.0,760000.0,1.703,False
2024,sorokmi01,Michael Soroka,CHW,P,RP,26.0,25.0,0.6,,,,,,,,79.67,9.0,0.0,4.74,87.0,4.95,1.381,84.0,3000000.0,5.052,False
2024,sosale01,Lenyn Sosa,CHW,H,3B,24.0,100.0,-0.5,369.0,8.0,3.0,0.254,0.283,0.359,83.0,,,,,,,,,740000.0,0.523,False
2024,sotogr01,Gregory Soto,2TM,P,RP,29.0,66.0,0.3,,,,,,,,53.0,0,2.0,4.42,94.0,3.68,1.566,65.0,5000000.0,4.593,False
2024,sotoju01,Juan Soto,NYY,H,RF,25.0,157.0,8.0,713.0,41.0,7.0,0.288,0.419,0.569,179.0,,,,,,,,,31000000.0,5.779,False
2024,spencmi01,Mitch Spence,ATH,P,SP,26.0,35.0,1.6,,,,,,,,151.33,24.0,0.0,4.58,86.0,4.21,1.381,126.0,740000.0,0.0,False
2024,spierca01,Carson Spiers,CIN,P,RP,26.0,22.0,-0.1,,,,,,,,90.67,10.0,0.0,5.46,81.0,5.33,1.533,80.0,740000.0,0.163,False
2024,springe01,George Springer,TOR,H,RF,34.0,145.0,0.9,614.0,19.0,16.0,0.22,0.303,0.371,91.0,,,,,,,,,24166667.0,9.965,False
2024,stanery01,Ryne Stanek,2TM,P,RP,32.0,63.0,-0.6,,,,,,,,55.33,0,7.0,4.88,78.0,4.14,1.319,67.0,4000000.0,6.221,False
2024,stantmi03,Giancarlo Stanton,NYY,H,DH,34.0,114.0,0.8,459.0,27.0,0.0,0.233,0.298,0.475,116.0,,,,,,,,,32000000.0,13.686,False
2024,steelju01,Justin Steele,CHC,P,SP,28.0,24.0,1.9,,,,,,,,134.67,24.0,0.0,3.07,130.0,3.23,1.099,135.0,4000000.0,2.831,False
2024,steersp01,Spencer Steer,CIN,H,LF,26.0,158.0,1.5,656.0,20.0,25.0,0.225,0.319,0.402,96.0,,,,,,,,,750000.0,1.203,False
2024,stephty01,Tyler Stephenson,CIN,H,C,27.0,138.0,2.4,515.0,19.0,1.0,0.258,0.338,0.444,112.0,,,,,,,,,2525000.0,3.326,False
2024,stonega01,Gavin Stone,LAD,P,SP,25.0,25.0,2.1,,,,,,,,140.33,25.0,0.0,3.53,113.0,4.01,1.211,116.0,742500.0,0.198,False
2024,stottbr01,Bryson Stott,PHI,H,2B,26.0,148.0,2.3,571.0,11.0,32.0,0.245,0.315,0.356,86.0,,,,,,,,,768000.0,2.0,False
2024,strahma01,Matt Strahm,PHI,P,RP,32.0,66.0,2.6,,,,,,,,62.67,0,3.0,1.87,225.0,2.29,0.75,79.0,7500000.0,7.372,False
2024,stratch01,Chris Stratton,KCR,P,RP,33.0,57.0,-0.8,,,,,,,,58.33,0,4.0,5.55,74.0,4.62,1.474,44.0,3500000.0,6.581,False
2024,strichu01,Hunter Strickland,LAA,P,RP,35.0,72.0,1.0,,,,,,,,73.33,0,1.0,3.31,127.0,4.45,1.091,57.0,,8.192,False
2024,stripro01,Ross Stripling,ATH,P,SP,34.0,22.0,-1.1,,,,,,,,85.33,14.0,0.0,6.01,66.0,3.89,1.535,49.0,,7.669,False
2024,stromma01,Marcus Stroman,NYY,P,SP,33.0,30.0,0.6,,,,,,,,154.67,29.0,1.0,4.31,94.0,4.62,1.468,113.0,18500000.0,9.151,False
2024,suareal01,Albert Suárez,BAL,P,SP,34.0,32.0,2.4,,,,,,,,133.67,24.0,0.0,3.7,105.0,4.24,1.294,108.0,740000.0,0.0,False
2024,suareeu01,Eugenio Suárez,ARI,H,3B,32.0,158.0,3.0,640.0,30.0,2.0,0.256,0.319,0.469,115.0,,,,,,,,,11285715.0,9.355,False
2024,suarejo01,José Suarez,LAA,P,RP,26.0,22.0,-0.6,,,,,,,,52.33,3.0,1.0,6.02,70.0,4.54,1.605,56.0,925000.0,3.488,False
2024,suarera01,Ranger Suarez,PHI,P,SP,28.0,27.0,2.9,,,,,,,,150.67,27.0,0.0,3.46,121.0,3.37,1.201,145.0,5050000.0,4.651,False
2024,suarero01,Robert Suarez,SDP,P,RP,33.0,65.0,2.1,,,,,,,,65.0,0,36.0,2.77,149.0,3.49,1.046,59.0,10000000.0,2.0,False
2024,suterbr01,Brent Suter,CIN,P,RP,34.0,47.0,1.4,,,,,,,,65.67,3.0,2.0,3.15,140.0,4.31,1.142,50.0,2500000.0,6.936,False
2024,suzukse01,Seiya Suzuki,CHC,H,RF,29.0,132.0,3.5,585.0,21.0,16.0,0.283,0.366,0.482,138.0,,,,,,,,,21000000.0,2.0,False
2024,swansda01,Dansby Swanson,CHC,H,SS,30.0,149.0,4.0,593.0,16.0,19.0,0.242,0.312,0.39,98.0,,,,,,,,,26000000.0,7.273,False
2024,taillja01,Jameson Taillon,CHC,P,SP,32.0,28.0,2.3,,,,,,,,165.33,28.0,0.0,3.27,122.0,3.92,1.131,125.0,18000000.0,7.64,False
2024,tatisfe02,Fernando Tatis Jr.,SDP,H,RF,25.0,102.0,2.7,438.0,21.0,11.0,0.276,0.34,0.492,130.0,,,,,,,,,11714286.0,4.698,False
2024,tauchmi01,Mike Tauchman,CHC,H,RF,33.0,109.0,0.6,350.0,7.0,6.0,0.248,0.357,0.366,106.0,,,,,,,,,1950000.0,3.831,False
2024,taverle01,Leody Taveras,TEX,H,CF,25.0,151.0,0.7,529.0,12.0,23.0,0.229,0.289,0.352,87.0,,,,,,,,,2550000.0,2.721,False
2024,taylomi02,Michael A. Taylor,PIT,H,CF,33.0,113.0,0.9,300.0,5.0,12.0,0.193,0.253,0.29,52.0,,,,,,,,,4000000.0,8.75,False
2024,tayloty01,Tyrone Taylor,NYM,H,RF,30.0,130.0,2.0,345.0,7.0,11.0,0.248,0.299,0.401,98.0,,,,,,,,,2025000.0,3.541,False
2024,tellero01,Rowdy Tellez,PIT,H,1B,29.0,131.0,-0.3,421.0,13.0,1.0,0.243,0.299,0.392,92.0,2.67,0,0.0,6.75,70.0,6.54,2.25,0.0,3200000.0,5.023,False
2024,thomala02,Lane Thomas,2TM,H,RF,28.0,130.0,0.3,528.0,15.0,32.0,0.237,0.309,0.4,100.0,,,,,,,,,2200000.0,4.081,False
2024,thompry02,Ryan Thompson,ARI,P,RP,32.0,67.0,1.0,,,,,,,,66.33,0,2.0,3.26,129.0,3.3,1.191,52.0,1350000.0,3.552,False
2024,thorntr01,Trent Thornton,SEA,P,RP,30.0,71.0,0.3,,,,,,,,72.33,0,1.0,3.61,103.0,3.47,1.134,77.0,1200000.0,3.86,False
2024,toglimi01,Michael Toglia,COL,H,1B,25.0,116.0,2.1,458.0,25.0,10.0,0.218,0.311,0.456,102.0,,,,,,,,,742000.0,0.599,False
2024,tonkimi01,Michael Tonkin,3TM,P,RP,34.0,57.0,-0.2,,,,,,,,79.33,0,2.0,3.63,113.0,3.44,1.261,85.0,1000000.0,3.43,False
2024,torkesp01,Spencer Torkelson,DET,H,1B,24.0,92.0,0.2,381.0,10.0,0.0,0.219,0.295,0.374,88.0,,,,,,,,,765700.0,1.797,False
2024,toroab01,Abraham Toro,ATH,H,3B,27.0,94.0,0.6,364.0,6.0,4.0,0.24,0.293,0.35,87.0,,,,,,,,,1275000.0,3.064,False
2024,torregl01,Gleyber Torres,NYY,H,2B,27.0,154.0,1.9,665.0,15.0,4.0,0.257,0.33,0.378,102.0,,,,,,,,,14200000.0,5.942,False
2024,tovarez01,Ezequiel Tovar,COL,H,SS,22.0,157.0,3.6,695.0,26.0,6.0,0.269,0.295,0.469,100.0,,,,,,,,,1714286.0,1.081,False
2024,triolja01,Jared Triolo,PIT,H,3B,26.0,125.0,1.4,446.0,9.0,8.0,0.216,0.296,0.315,72.0,,,,,,,,,745000.0,0.453,False
2024,tuckeky01,Kyle Tucker,HOU,H,RF,27.0,78.0,4.6,339.0,23.0,11.0,0.289,0.408,0.585,179.0,,,,,,,,,12000000.0,4.459,False
2024,turanbr02,Brice Turang,MIL,H,2B,24.0,155.0,4.8,619.0,7.0,50.0,0.254,0.316,0.349,86.0,,,,,,,,,748200.0,0.959,False
2024,turnbsp01,Spencer Turnbull,PHI,P,RP,31.0,17.0,1.3,,,,,,,,54.33,7.0,0.0,2.65,159.0,3.85,1.049,58.0,2000000.0,5.116,False
2024,turneju01,Justin Turner,2TM,H,DH,39.0,139.0,1.4,539.0,11.0,0.0,0.259,0.354,0.383,113.0,,,,,,,,,19700000.0,13.262,False
2024,turnetr01,Trea Turner,PHI,H,SS,31.0,121.0,2.8,539.0,21.0,19.0,0.295,0.338,0.469,121.0,,,,,,,,,27272727.0,7.785,False
2024,urenajo01,José Ureña,TEX,P,RP,32.0,33.0,0.4,,,,,,,,109.0,9.0,1.0,3.8,100.0,4.62,1.321,70.0,1750000.0,7.262,False
2024,uriasra01,Ramón Urías,BAL,H,3B,30.0,100.0,1.4,301.0,11.0,1.0,0.254,0.322,0.423,114.0,,,,,,,,,2100000.0,3.145,False
2024,urshegi01,Gio Urshela,2TM,H,3B,32.0,128.0,0.6,461.0,9.0,0.0,0.25,0.286,0.361,81.0,,,,,,,,,1500000.0,6.738,False
2024,valdefr01,Framber Valdez,HOU,P,SP,30.0,28.0,4.6,,,,,,,,176.33,28.0,0.0,2.91,138.0,3.25,1.106,169.0,12100000.0,4.948,False
2024,vargail01,Ildemaro Vargas,WSN,H,3B,32.0,95.0,-0.5,303.0,1.0,9.0,0.246,0.295,0.316,74.0,2.0,0,0.0,4.5,107.0,11.17,1.5,0.0,1100000.0,4.041,False
2024,varshda01,Daulton Varsho,TOR,H,CF,27.0,136.0,4.8,513.0,18.0,10.0,0.214,0.293,0.407,96.0,,,,,,,,,5650000.0,3.744,False
2024,vasqura02,Randy Vásquez,SDP,P,SP,25.0,20.0,0.5,,,,,,,,98.0,20.0,0.0,4.87,84.0,4.7,1.51,62.0,740000.0,0.238,False
2024,vaughan01,Andrew Vaughn,CHW,H,1B,26.0,149.0,0.1,619.0,19.0,2.0,0.246,0.297,0.402,98.0,,,,,,,,,3250000.0,3.0,False
2024,vazquch01,Christian Vázquez,MIN,H,C,33.0,93.0,-0.2,315.0,7.0,3.0,0.221,0.248,0.327,60.0,,,,,,,,,10000000.0,9.18,False
2024,verdual01,Alex Verdugo,NYY,H,LF,28.0,149.0,0.9,621.0,13.0,2.0,0.233,0.291,0.356,84.0,,,,,,,,,8700000.0,5.453,False
2024,verlaju01,Justin Verlander,HOU,P,SP,41.0,17.0,-0.3,,,,,,,,90.33,17.0,0.0,5.48,74.0,4.78,1.384,74.0,43333333.0,18.012,False
2024,vesiaal01,Alex Vesia,LAD,P,RP,28.0,67.0,1.8,,,,,,,,66.33,0,5.0,1.76,227.0,3.45,0.995,87.0,1000000.0,3.453,False
2024,vestwi01,Will Vest,DET,P,RP,29.0,69.0,1.6,,,,,,,,70.33,0,2.0,2.82,148.0,2.82,1.123,63.0,760700.0,2.581,False
2024,vientma01,Mark Vientos,NYM,H,3B,24.0,111.0,3.1,454.0,27.0,0.0,0.266,0.322,0.516,134.0,,,,,,,,,740000.0,0.767,False
2024,vierlma01,Matt Vierling,DET,H,CF,27.0,144.0,2.8,567.0,16.0,6.0,0.257,0.312,0.423,106.0,,,,,,,,,766000.0,2.151,False
2024,vodnivi01,Victor Vodnik,COL,P,RP,24.0,64.0,0.9,,,,,,,,73.67,0,9.0,4.28,111.0,4.18,1.48,65.0,742000.0,0.14,False
2024,volpean01,Anthony Volpe,NYY,H,SS,23.0,160.0,3.5,689.0,12.0,28.0,0.243,0.293,0.364,86.0,,,,,,,,,810100.0,1.0,False
2024,vothau01,Austin Voth,SEA,P,RP,32.0,68.0,-0.2,,,,,,,,61.0,0,0.0,3.69,101.0,4.12,1.049,61.0,1250000.0,4.669,False
2024,wachami01,Michael Wacha,KCR,P,SP,32.0,29.0,3.1,,,,,,,,166.67,29.0,0.0,3.35,123.0,3.65,1.194,145.0,16000000.0,10.36,False
2024,wadela01,LaMonte Wade Jr.,SFG,H,1B,30.0,117.0,2.0,401.0,8.0,2.0,0.26,0.38,0.381,120.0,,,,,,,,,3500000.0,4.203,False
2024,waldrma01,Matt Waldron,SDP,P,SP,27.0,27.0,0.9,,,,,,,,146.67,26.0,0.0,4.91,84.0,4.26,1.261,133.0,741800.0,0.314,False
2024,walkech02,Christian Walker,ARI,H,1B,33.0,130.0,2.5,552.0,26.0,2.0,0.251,0.335,0.468,120.0,,,,,,,,,10900000.0,5.721,False
2024,walkery01,Ryan Walker,SFG,P,RP,28.0,76.0,2.8,,,,,,,,80.0,1.0,10.0,1.91,204.0,2.52,0.85,99.0,747500.0,0.791,False
2024,walketa01,Taijuan Walker,PHI,P,SP,31.0,19.0,-1.5,,,,,,,,83.67,15.0,0.0,7.1,59.0,6.94,1.721,58.0,18000000.0,9.826,False
2024,wardta01,Taylor Ward,LAA,H,LF,30.0,156.0,2.3,663.0,25.0,6.0,0.246,0.323,0.426,110.0,,,,,,,,,4800000.0,3.953,False
2024,weathry01,Ryan Weathers,MIA,P,SP,24.0,16.0,1.9,,,,,,,,86.67,16.0,0.0,3.63,118.0,4.11,1.177,80.0,752600.0,1.384,False
2024,weavelu01,Luke Weaver,NYY,P,RP,30.0,62.0,1.8,,,,,,,,84.0,0,4.0,2.89,140.0,3.33,0.929,103.0,2000000.0,6.651,False
2024,webbja01,Jacob Webb,BAL,P,RP,30.0,60.0,1.0,,,,,,,,56.67,0,2.0,3.02,129.0,3.52,1.182,58.0,1000000.0,3.267,False
2024,webblo01,Logan Webb,SFG,P,SP,27.0,33.0,3.8,,,,,,,,204.67,33.0,0.0,3.47,112.0,2.95,1.231,172.0,8000000.0,4.256,False
2024,weissgr01,Greg Weissert,BOS,P,RP,29.0,62.0,0.5,,,,,,,,63.33,0,1.0,3.13,133.0,3.72,1.342,58.0,743500.0,0.512,False
2024,wellsau01,Austin Wells,NYY,H,C,24.0,115.0,2.6,414.0,13.0,1.0,0.229,0.322,0.395,104.0,,,,,,,,,750000.0,0.18,False
2024,wentzjo01,Joey Wentz,2TM,P,RP,26.0,46.0,0.1,,,,,,,,67.33,0,1.0,4.68,89.0,4.19,1.47,73.0,746700.0,0.965,False
2024,wesneha01,Hayden Wesneski,CHC,P,RP,26.0,28.0,-0.3,,,,,,,,67.67,7.0,0.0,3.86,104.0,4.51,1.138,67.0,740000.0,1.047,False
2024,westbjo01,Jordan Westburg,BAL,H,3B,25.0,107.0,2.3,447.0,18.0,6.0,0.264,0.312,0.481,126.0,,,,,,,,,745800.0,0.57,False
2024,wheelza01,Zack Wheeler,PHI,P,SP,34.0,32.0,6.5,,,,,,,,200.0,32.0,0.0,2.57,163.0,3.13,0.955,224.0,23500000.0,10.57,False
2024,williga01,Gavin Williams,CLE,P,SP,24.0,16.0,-0.1,,,,,,,,76.0,16.0,0.0,4.86,83.0,3.67,1.368,79.0,742100.0,0.599,False
2024,willitr01,Trevor Williams,WSN,P,SP,32.0,13.0,2.5,,,,,,,,66.67,13.0,0.0,2.03,201.0,2.79,1.035,59.0,7000000.0,7.157,False
2024,wilsobr02,Bryse Wilson,MIL,P,RP,26.0,34.0,0.9,,,,,,,,104.67,9.0,0.0,4.04,103.0,5.09,1.271,82.0,1000000.0,3.209,False
2024,winckjo01,Josh Winckowski,BOS,P,RP,26.0,40.0,0.2,,,,,,,,76.0,6.0,2.0,4.14,100.0,4.48,1.408,60.0,760000.0,1.43,False
2024,winkeje01,Jesse Winker,2TM,H,LF,30.0,145.0,1.9,508.0,14.0,14.0,0.253,0.36,0.405,117.0,,,,,,,,,2000000.0,6.465,False
2024,winnke01,Keaton Winn,SFG,P,SP,26.0,12.0,-1.1,,,,,,,,55.33,12.0,0.0,7.16,55.0,4.85,1.373,48.0,743750.0,0.308,False
2024,winnma01,Masyn Winn,STL,H,SS,22.0,150.0,5.1,637.0,15.0,11.0,0.267,0.314,0.416,104.0,,,,,,,,,742250.0,0.262,False
2024,wittbo02,Bobby Witt Jr.,KCR,H,SS,24.0,161.0,9.6,709.0,32.0,31.0,0.332,0.389,0.588,174.0,,,,,,,,,3111111.0,2.0,False
2024,wongco01,Connor Wong,BOS,H,C,28.0,126.0,1.8,487.0,13.0,8.0,0.28,0.333,0.425,113.0,,,,,,,,,760000.0,1.459,False
2024,woobr01,Bryan Woo,SEA,P,SP,24.0,22.0,2.4,,,,,,,,121.33,22.0,0.0,2.89,128.0,3.4,0.898,101.0,749000.0,0.703,False
2024,woodja03,James Wood,WSN,H,LF,21.0,79.0,1.1,336.0,9.0,14.0,0.264,0.354,0.427,121.0,,,,,,,,,740000,,True
2024,woodssi01,Simeon Woods Richardson,MIN,P,SP,23.0,28.0,2.0,,,,,,,,133.67,28.0,0.0,4.17,100.0,4.12,1.294,117.0,740000.0,0.035,False
2024,yamamyo01,Yoshinobu Yamamoto,LAD,P,SP,25.0,18.0,1.9,,,,,,,,90.0,18.0,0.0,3.0,133.0,2.61,1.111,105.0,9166667.0,0.0,False
2024,yarbrry01,Ryan Yarbrough,2TM,P,RP,32.0,44.0,1.3,,,,,,,,98.67,0,1.0,3.19,127.0,4.64,1.034,65.0,3900000.0,5.68,False
2024,yastrmi01,Mike Yastrzemski,SFG,H,RF,33.0,140.0,2.0,474.0,18.0,3.0,0.231,0.302,0.437,110.0,1.0,0,0.0,18.0,30.0,12.17,5.0,0.0,7900000.0,4.744,False
2024,yateski01,Kirby Yates,TEX,P,RP,37.0,61.0,3.1,,,,,,,,61.67,0,33.0,1.17,326.0,2.5,0.827,85.0,4500000.0,9.122,False
2024,yelicch01,Christian Yelich,MIL,H,LF,32.0,73.0,2.3,315.0,11.0,21.0,0.315,0.406,0.504,152.0,,,,,,,,,26000000.0,10.401,False
2024,yoshima02,Masataka Yoshida,BOS,H,DH,30.0,108.0,1.6,421.0,10.0,2.0,0.28,0.349,0.415,116.0,,,,,,,,,18600000.0,1.0,False
2024,youngja03,Jacob Young,WSN,H,CF,24.0,150.0,2.7,521.0,3.0,33.0,0.256,0.316,0.331,85.0,,,,,,,,,740000.0,0.215,False
2024,zerpaan01,Angel Zerpa,KCR,P,RP,24.0,60.0,0.5,,,,,,,,53.67,0,0.0,3.86,107.0,3.97,1.453,49.0,748250.0,1.477,False
2025,abbotan01,Andrew Abbott,CIN,P,SP,26.0,29.0,5.4,,,,,,,,166.33,29.0,0.0,2.87,152.0,3.66,1.148,149.0,760000,1.692,True
2025,abramcj01,CJ Abrams,WSN,H,SS,24.0,144.0,3.3,635.0,19.0,31.0,0.257,0.315,0.433,109.0,,,,,,,,,760000,2.756,True
2025,abreubr01,Bryan Abreu,HOU,P,RP,28.0,70.0,2.5,,,,,,,,71.0,0,7.0,2.28,179.0,2.39,1.155,105.0,3450000.0,4.128,False
2025,abreuwi02,Wilyer Abreu,BOS,H,RF,26.0,115.0,3.4,417.0,22.0,6.0,0.247,0.317,0.469,116.0,,,,,,,,,760000,1.238,True
2025,acunaro01,Ronald Acuña Jr.,ATL,H,RF,27.0,95.0,3.1,412.0,21.0,9.0,0.29,0.417,0.518,161.0,,,,,,,,,17000000.0,6.924,False
2025,adamewi01,Willy Adames,SFG,H,SS,29.0,160.0,3.7,686.0,30.0,12.0,0.225,0.318,0.421,111.0,,,,,,,,,13142857.0,6.61,False
2025,adamja01,Jason Adam,SDP,P,RP,33.0,65.0,2.3,,,,,,,,65.33,0,0.0,1.93,218.0,3.07,1.148,70.0,4800000.0,4.767,False
2025,adelljo01,Jo Adell,LAA,H,CF,26.0,152.0,1.4,573.0,37.0,5.0,0.236,0.293,0.485,115.0,,,,,,,,,2100000.0,3.494,False
2025,akinke01,Keegan Akin,BAL,P,RP,30.0,64.0,0.9,,,,,,,,63.33,3.0,8.0,3.41,117.0,4.94,1.374,59.0,1475000.0,4.483,False
2025,albieoz01,Ozzie Albies,ATL,H,2B,28.0,157.0,2.3,667.0,16.0,14.0,0.24,0.306,0.365,88.0,,,,,,,,,7000000.0,7.36,False
2025,alcaljo01,Jorge Alcala,3TM,P,RP,29.0,56.0,-1.1,,,,,,,,55.0,0,0.0,6.22,68.0,5.68,1.745,61.0,1500000.0,4.959,False
2025,alcansa01,Sandy Alcantara,MIA,P,SP,29.0,31.0,0,,,,,,,,174.67,31.0,0.0,5.36,81.0,4.28,1.271,142.0,17300000.0,6.581,False
2025,alexaja01,Jason Alexander,2TM,P,SP,32.0,18.0,0.5,,,,,,,,77.33,13.0,1.0,4.77,86.0,5.1,1.371,65.0,,,False
2025,alexaty01,Tyler Alexander,2TM,P,RP,30.0,52.0,-0.4,1.0,,,,,,,97.67,5.0,1.0,4.98,84.0,3.64,1.403,82.0,1000000.0,5.064,False
2025,allarko01,Kolby Allard,CLE,P,RP,27.0,33.0,1.2,,,,,,,,65.0,2.0,0.0,2.63,158.0,3.54,1.2,42.0,,4.942,False
2025,allenlo02,Logan Allen,CLE,P,SP,26.0,30.0,0.3,,,,,,,,156.67,29.0,0.0,4.25,98.0,4.37,1.398,122.0,760000,1.942,True
2025,allenni02,Nick Allen,ATL,H,SS,26.0,135.0,0.7,416.0,0.0,8.0,0.221,0.284,0.251,53.0,,,,,,,,,760000,2.547,True
2025,alonspe01,Pete Alonso,NYM,H,1B,30.0,162.0,3.3,709.0,38.0,1.0,0.272,0.347,0.524,144.0,,,,,,,,,30000000.0,6.0,False
2025,altuvjo01,Jose Altuve,HOU,H,2B,35.0,155.0,0.6,654.0,26.0,10.0,0.265,0.329,0.442,115.0,,,,,,,,,33000000.0,13.419,False
2025,andergr01,Grant Anderson,MIL,P,RP,28.0,66.0,0.3,,,,,,,,69.67,0,0.0,3.23,130.0,3.84,1.263,74.0,760000,1.483,True
2025,anderty01,Tyler Anderson,LAA,P,SP,35.0,26.0,1.7,,,,,,,,136.33,26.0,0.0,4.56,89.0,5.6,1.408,104.0,13000000.0,9.378,False
2025,andujmi01,Miguel Andujar,2TM,H,3B,30.0,94.0,0.6,341.0,10.0,1.0,0.318,0.352,0.47,125.0,,,,,,,,,3000000.0,5.308,False
2025,anthoro01,Roman Anthony,BOS,H,RF,21.0,71.0,3.3,303.0,8.0,4.0,0.292,0.396,0.463,140.0,,,,,,,,,457634.0,0.0,False
2025,arandjo01,Jonathan Aranda,TBR,H,1B,27.0,106.0,3.5,422.0,14.0,0.0,0.316,0.393,0.489,145.0,,,,,,,,,760000,1.599,True
2025,arenano01,Nolan Arenado,STL,H,3B,34.0,107.0,1.3,436.0,12.0,3.0,0.237,0.289,0.377,89.0,,,,,,,,,32000000.0,11.901,False
2025,ariasga01,Gabriel Arias,CLE,H,SS,25.0,129.0,1.1,471.0,11.0,8.0,0.22,0.274,0.363,77.0,,,,,,,,,760000,2.11,True
2025,armstsh01,Shawn Armstrong,TEX,P,RP,34.0,71.0,1.5,,,,,,,,74.0,2.0,9.0,2.31,164.0,3.07,0.811,74.0,1125000.0,6.657,False
2025,arozara01,Randy Arozarena,SEA,H,LF,30.0,160.0,3.9,709.0,27.0,31.0,0.238,0.334,0.426,118.0,,,,,,,,,11300000.0,4.75,False
2025,arraelu01,Luis Arraez,SDP,H,1B,28.0,154.0,1.4,675.0,8.0,11.0,0.292,0.327,0.392,101.0,,,,,,,,,14000000.0,5.703,False
2025,ashbyaa01,Aaron Ashby,MIL,P,RP,27.0,43.0,1.9,,,,,,,,66.67,1.0,3.0,2.16,195.0,2.7,1.17,76.0,3450000.0,2.512,False
2025,ashcrbr01,Braxton Ashcraft,PIT,P,RP,25.0,26.0,2.0,,,,,,,,69.67,8.0,0.0,2.71,164.0,2.78,1.249,71.0,760000,,True
2025,ashcrgr01,Graham Ashcraft,CIN,P,RP,27.0,62.0,0.2,,,,,,,,65.33,0,0.0,3.99,109.0,2.72,1.423,64.0,760000,2.791,True
2025,bachala01,Lake Bachar,MIA,P,RP,30.0,53.0,0.6,,,,,,,,71.0,1.0,3.0,3.93,110.0,4.25,1.197,75.0,760000,,True
2025,baderha01,Harrison Bader,2TM,H,CF,31.0,146.0,4.0,501.0,17.0,11.0,0.277,0.347,0.449,118.0,,,,,,,,,4750000.0,7.174,False
2025,baezja01,Javier Báez,DET,H,SS,32.0,126.0,2.0,437.0,12.0,5.0,0.257,0.282,0.398,88.0,,,,,,,,,25000000.0,9.517,False
2025,bailepa01,Patrick Bailey,SFG,H,C,26.0,135.0,1.1,452.0,6.0,1.0,0.222,0.277,0.325,73.0,,,,,,,,,760000,1.791,True
2025,bakerbr01,Bryan Baker,2TM,P,RP,30.0,73.0,0.4,,,,,,,,68.67,0,3.0,4.06,101.0,3.92,1.107,83.0,760000,2.884,True
2025,baldwbr01,Brooks Baldwin,CHW,H,LF,24.0,103.0,-0.5,328.0,11.0,5.0,0.24,0.29,0.407,93.0,,,,,,,,,760000,,True
2025,baldwdr01,Drake Baldwin,ATL,H,C,24.0,124.0,3.4,446.0,19.0,0.0,0.274,0.341,0.469,125.0,,,,,,,,,760000,,True
2025,bandaan01,Anthony Banda,LAD,P,RP,31.0,71.0,0.9,,,,,,,,65.0,1.0,0.0,3.18,131.0,4.52,1.215,61.0,1000000.0,3.785,False
2025,banksta01,Tanner Banks,PHI,P,RP,33.0,69.0,1.6,,,,,,,,67.33,1.0,1.0,3.07,145.0,3.64,1.01,61.0,760000,2.535,True
2025,bargead01,Addison Barger,TOR,H,3B,25.0,135.0,1.2,502.0,21.0,4.0,0.243,0.301,0.454,104.0,,,,,,,,,760000,1.0,True
2025,barlosc01,Scott Barlow,CIN,P,RP,32.0,75.0,0.7,,,,,,,,68.33,1.0,1.0,4.21,104.0,4.7,1.39,75.0,2500000.0,6.151,False
2025,bartjo01,Joey Bart,PIT,H,C,28.0,93.0,0.4,332.0,4.0,1.0,0.249,0.355,0.34,93.0,,,,,,,,,1175000.0,3.116,False
2025,bassich01,Chris Bassitt,TOR,P,SP,36.0,32.0,2.2,,,,,,,,170.33,31.0,0.0,3.96,109.0,4.01,1.327,166.0,22000000.0,8.756,False
2025,batybr01,Brett Baty,NYM,H,3B,25.0,130.0,3.0,432.0,18.0,8.0,0.254,0.313,0.435,111.0,,,,,,,,,760000,2.128,True
2025,bazared01,Eduard Bazardo,SEA,P,RP,29.0,73.0,1.8,,,,,,,,78.67,0,0.0,2.52,150.0,3.64,1.017,82.0,760000,1.977,True
2025,bazsh01,Shane Baz,TBR,P,SP,26.0,31.0,0.6,,,,,,,,166.33,31.0,0.0,4.87,85.0,4.37,1.335,176.0,1450000.0,2.919,False
2025,beckjo01,Jordan Beck,COL,H,LF,24.0,148.0,0.9,588.0,16.0,19.0,0.258,0.317,0.416,94.0,,,,,,,,,760000,1.0,True
2025,becktr01,Tristan Beck,SFG,P,RP,29.0,31.0,0.1,,,,,,,,56.67,1.0,2.0,4.61,87.0,4.25,1.112,41.0,760000,1.75,True
2025,bednada01,David Bednar,2TM,P,RP,30.0,64.0,2.3,,,,,,,,62.67,0,27.0,2.3,190.0,2.18,1.037,86.0,5900000.0,4.442,False
2025,beeksja02,Jalen Beeks,ARI,P,RP,31.0,61.0,0.8,,,,,,,,57.33,2.0,1.0,3.77,112.0,4.01,1.081,47.0,1250000.0,6.017,False
2025,bellico01,Cody Bellinger,NYY,H,LF,29.0,152.0,5.0,656.0,29.0,13.0,0.272,0.334,0.48,122.0,,,,,,,,,27500000.0,7.93,False
2025,belljo02,Josh Bell,WSN,H,DH,32.0,140.0,0.4,533.0,22.0,0.0,0.237,0.325,0.417,108.0,,,,,,,,,6000000.0,8.308,False
2025,bellobr01,Brayan Bello,BOS,P,SP,26.0,29.0,2.2,,,,,,,,166.67,28.0,0.0,3.35,124.0,4.19,1.236,124.0,2666666.0,2.477,False
2025,bellova01,Valente Bellozo,MIA,P,RP,25.0,32.0,0.2,,,,,,,,81.33,6.0,0.0,4.65,93.0,5.2,1.328,54.0,,,False
2025,bendean01,Anthony Bender,MIA,P,RP,30.0,51.0,1.8,,,,,,,,50.0,0,4.0,2.16,201.0,3.62,1.06,42.0,1420000.0,3.89,False
2025,beninan01,Andrew Benintendi,CHW,H,LF,30.0,116.0,0.9,470.0,20.0,1.0,0.24,0.307,0.431,104.0,,,,,,,,,17100000.0,8.36,False
2025,bergery01,Ryan Bergert,2TM,P,SP,25.0,19.0,1.4,,,,,,,,76.33,15.0,0.0,3.66,115.0,4.0,1.258,73.0,760000,,True
2025,bernabr01,Brennan Bernardino,BOS,P,RP,33.0,55.0,0.3,,,,,,,,51.67,3.0,1.0,3.14,133.0,3.41,1.258,43.0,760000,1.89,True
2025,berrijo01,José Berríos,TOR,P,SP,31.0,31.0,1.4,,,,,,,,166.0,30.0,0.0,4.17,103.0,4.65,1.301,138.0,18714286.0,8.256,False
2025,bettsmo01,Mookie Betts,LAD,H,SS,32.0,150.0,4.9,663.0,20.0,8.0,0.258,0.326,0.406,104.0,,,,,,,,,30416666.0,10.407,False
2025,bibeeta01,Tanner Bibee,CLE,P,SP,26.0,31.0,1.0,,,,,,,,182.33,31.0,0.0,4.24,98.0,4.34,1.229,162.0,3400000.0,2.0,False
2025,bichebo01,Bo Bichette,TOR,H,SS,27.0,139.0,3.4,628.0,18.0,4.0,0.311,0.357,0.483,128.0,,,,,,,,,17583333.0,5.366,False
2025,bidoos01,Osvaldo Bido,ATH,P,RP,29.0,26.0,-0.4,,,,,,,,79.67,10.0,1.0,5.87,74.0,6.07,1.607,68.0,760000,1.459,True
2025,birdja01,Jake Bird,2TM,P,RP,29.0,48.0,-0.1,,,,,,,,55.33,0,0.0,5.53,88.0,3.91,1.536,66.0,760000,2.68,True
2025,birdsha01,Hayden Birdsong,SFG,P,RP,23.0,21.0,-0.4,,,,,,,,65.67,10.0,0.0,4.8,83.0,4.96,1.492,68.0,760000,,True
2025,bivensp01,Spencer Bivens,SFG,P,RP,31.0,54.0,0.3,,,,,,,,81.0,0,3.0,4.0,100.0,3.7,1.333,61.0,760000,1.0,True
2025,blalobr01,Bradley Blalock,COL,P,SP,24.0,14.0,-1.6,,,,,,,,58.67,12.0,0.0,9.36,52.0,7.31,1.841,27.0,760000,,True
2025,bledajj01,JJ Bleday,ATH,H,CF,27.0,98.0,-0.5,344.0,14.0,1.0,0.212,0.294,0.404,90.0,,,,,,,,,760000,2.32,True
2025,bogaexa01,Xander Bogaerts,SDP,H,SS,32.0,136.0,2.1,552.0,11.0,20.0,0.263,0.328,0.391,101.0,,,,,,,,,25454545.0,11.244,False
2025,bohmal01,Alec Bohm,PHI,H,3B,28.0,120.0,1.4,504.0,11.0,2.0,0.287,0.331,0.409,102.0,,,,,,,,,7700000.0,4.616,False
2025,boydma01,Matthew Boyd,CHC,P,SP,34.0,31.0,2.6,,,,,,,,179.67,31.0,0.0,3.21,125.0,3.65,1.091,154.0,10000000.0,8.331,False
2025,boylejo01,Joe Boyle,TBR,P,SP,25.0,13.0,-0.2,,,,,,,,52.0,9.0,0.0,4.67,89.0,4.19,1.365,58.0,760000,1.087,True
2025,bradlta01,Taj Bradley,2TM,P,SP,24.0,27.0,-0.5,,,,,,,,142.67,27.0,0.0,5.05,83.0,4.35,1.311,127.0,760000,1.663,True
2025,brazohu01,Huascar Brazobán,NYM,P,RP,35.0,52.0,0.7,,,,,,,,63.0,3.0,2.0,3.57,114.0,4.04,1.238,57.0,760000,2.43,True
2025,bregmal01,Alex Bregman,BOS,H,3B,31.0,114.0,3.7,495.0,18.0,1.0,0.273,0.36,0.462,128.0,,,,,,,,,36666667.0,8.407,False
2025,brownbe02,Ben Brown,CHC,P,SP,25.0,25.0,-1.5,,,,,,,,106.33,15.0,1.0,5.92,68.0,4.08,1.439,121.0,760000,1.0,True
2025,brownhu01,Hunter Brown,HOU,P,SP,26.0,31.0,5.9,,,,,,,,185.33,31.0,0.0,2.43,167.0,3.14,1.025,206.0,760000,2.203,True
2025,bubickr01,Kris Bubic,KCR,P,SP,27.0,20.0,3.1,,,,,,,,116.33,20.0,0.0,2.55,164.0,2.89,1.178,116.0,3000000.0,4.785,False
2025,buehlwa01,Walker Buehler,2TM,P,SP,30.0,26.0,-0.1,,,,,,,,126.0,24.0,0.0,4.93,85.0,5.66,1.516,92.0,18050000.0,6.977,False
2025,bummeaa01,Aaron Bummer,ATL,P,RP,31.0,42.0,0.1,,,,,,,,54.33,2.0,0.0,3.81,110.0,3.52,1.252,51.0,3500000.0,6.872,False
2025,burgeja01,Jake Burger,TEX,H,1B,29.0,103.0,0.8,376.0,16.0,1.0,0.236,0.269,0.419,95.0,,,,,,,,,760000,2.738,True
2025,burkebr01,Brock Burke,LAA,P,RP,28.0,69.0,1.3,,,,,,,,61.67,1.0,0.0,3.36,121.0,4.16,1.232,52.0,1150000.0,4.262,False
2025,burkese01,Sean Burke,CHW,P,SP,25.0,28.0,1.0,,,,,,,,134.33,22.0,0.0,4.22,98.0,4.92,1.444,133.0,760000,,True
2025,burleal01,Alec Burleson,STL,H,1B,26.0,139.0,1.9,546.0,18.0,5.0,0.29,0.343,0.459,127.0,1.0,0,0.0,0.0,,6.14,1.0,0.0,760000,2.169,True
2025,burneco01,Corbin Burnes,ARI,P,SP,30.0,11.0,1.8,,,,,,,,64.33,11.0,0.0,2.66,158.0,3.94,1.166,63.0,31666667.0,6.285,False
2025,burromi01,Mike Burrows,PIT,P,SP,25.0,23.0,1.5,,,,,,,,96.0,19.0,0.0,3.94,113.0,4.0,1.24,97.0,760000,,True
2025,buschmi02,Michael Busch,CHC,H,1B,27.0,155.0,4.5,592.0,34.0,4.0,0.261,0.343,0.523,142.0,,,,,,,,,760000,1.262,True
2025,butlela01,Lawrence Butler,ATH,H,RF,24.0,152.0,1.5,630.0,21.0,22.0,0.234,0.306,0.404,94.0,,,,,,,,,2928571.0,1.186,False
2025,buttojo01,José Buttó,2TM,P,RP,27.0,55.0,0.5,,,,,,,,67.0,0,1.0,3.9,105.0,3.7,1.403,58.0,760000,1.267,True
2025,buxtoby01,Byron Buxton,MIN,H,CF,31.0,126.0,4.9,542.0,35.0,24.0,0.264,0.327,0.551,138.0,,,,,,,,,15142857.0,8.93,False
2025,cabaljo01,José Caballero,2TM,H,SS,28.0,126.0,2.7,370.0,5.0,49.0,0.236,0.339,0.347,93.0,1.0,0,0.0,54.0,10.0,32.14,6.0,0.0,,1.988,False
2025,cabreed02,Edward Cabrera,MIA,P,SP,27.0,26.0,2.6,,,,,,,,137.67,26.0,0.0,3.53,122.0,3.83,1.228,150.0,1950000.0,2.855,False
2025,callal02,Alex Call,2TM,H,RF,30.0,110.0,1.4,322.0,5.0,2.0,0.267,0.361,0.385,111.0,,,,,,,,,,2.5,False
2025,camerno01,Noah Cameron,KCR,P,SP,25.0,24.0,3.8,,,,,,,,138.33,24.0,0.0,2.99,140.0,4.18,1.099,114.0,760000,,True
2025,caminju01,Junior Caminero,TBR,H,3B,21.0,154.0,4.3,653.0,45.0,7.0,0.264,0.311,0.535,130.0,,,,,,,,,760000,1.058,True
2025,cannigr01,Griffin Canning,NYM,P,SP,29.0,16.0,1.2,,,,,,,,76.33,16.0,0.0,3.77,108.0,4.04,1.376,70.0,4250000.0,5.436,False
2025,cannojo02,Jonathan Cannon,CHW,P,SP,24.0,22.0,-0.4,,,,,,,,103.67,17.0,0.0,5.82,71.0,5.13,1.486,86.0,760000,1.0,True
2025,canoye01,Yennier Cano,BAL,P,RP,31.0,65.0,-0.4,,,,,,,,58.0,0,2.0,5.12,78.0,4.27,1.483,53.0,760000,2.378,True
2025,cantijo01,Joey Cantillo,CLE,P,RP,25.0,34.0,1.3,,,,,,,,95.33,13.0,1.0,3.21,129.0,3.55,1.259,108.0,760000,,True
2025,caratvi01,Victor Caratini,HOU,H,C,31.0,114.0,0.9,386.0,12.0,1.0,0.259,0.324,0.404,104.0,,,,,,,,,6000000.0,7.297,False
2025,carpeke01,Kerry Carpenter,DET,H,RF,27.0,130.0,1.8,464.0,26.0,1.0,0.252,0.291,0.497,115.0,,,,,,,,,760000,2.331,True
2025,carroco02,Corbin Carroll,ARI,H,RF,24.0,143.0,5.8,642.0,31.0,32.0,0.259,0.343,0.541,143.0,,,,,,,,,5625000.0,2.221,False
2025,caspabe01,Ben Casparius,LAD,P,RP,26.0,46.0,-0.3,,,,,,,,77.67,3.0,2.0,4.64,90.0,3.57,1.275,71.0,760000,,True
2025,casteni01,Nick Castellanos,PHI,H,RF,33.0,147.0,-0.8,589.0,17.0,4.0,0.25,0.294,0.4,88.0,,,,,,,,,,11.169,False
2025,castilu02,Luis Castillo,SEA,P,SP,32.0,32.0,2.3,,,,,,,,180.67,32.0,0.0,3.54,107.0,3.88,1.185,162.0,24150000.0,7.587,False
2025,castrwi01,Willi Castro,2TM,H,2B,28.0,120.0,-0.1,454.0,11.0,10.0,0.226,0.313,0.366,90.0,1.0,0,0.0,0.0,,3.14,1.0,0.0,6400000.0,5.099,False
2025,ceasedy01,Dylan Cease,SDP,P,SP,29.0,32.0,1.0,,,,,,,,168.0,32.0,0.0,4.55,92.0,3.56,1.327,215.0,13750000.0,5.517,False
2025,ceccosl01,Slade Cecconi,CLE,P,SP,26.0,23.0,0.7,,,,,,,,132.0,23.0,0.0,4.3,97.0,4.64,1.189,109.0,760000,1.25,True
2025,chapmar01,Aroldis Chapman,BOS,P,RP,37.0,67.0,3.4,,,,,,,,61.33,0,32.0,1.17,354.0,1.73,0.701,85.0,10750000.0,14.052,False
2025,chapmma01,Matt Chapman,SFG,H,3B,32.0,128.0,4.1,535.0,21.0,9.0,0.231,0.34,0.43,120.0,,,,,,,,,25166667.0,7.634,False
2025,chishja01,Jazz Chisholm Jr.,NYY,H,2B,27.0,130.0,4.1,531.0,31.0,31.0,0.242,0.332,0.481,122.0,,,,,,,,,5850000.0,4.436,False
2025,chivian01,Angel Chivilli,COL,P,RP,22.0,43.0,-0.7,,,,,,,,58.67,0,0.0,7.06,69.0,6.03,1.688,43.0,760000,1.0,True
2025,chourja01,Jackson Chourio,MIL,H,CF,21.0,131.0,2.2,589.0,21.0,21.0,0.27,0.308,0.463,112.0,,,,,,,,,4250000.0,1.0,False
2025,civalaa01,Aaron Civale,3TM,P,SP,30.0,23.0,0.2,,,,,,,,102.0,18.0,1.0,4.85,86.0,4.63,1.265,88.0,8000000.0,5.337,False
2025,clarkta01,Taylor Clarke,KCR,P,RP,32.0,51.0,1.0,,,,,,,,55.33,0,1.0,3.25,129.0,3.97,0.849,44.0,,5.698,False
2025,cleavga01,Garrett Cleavinger,TBR,P,RP,31.0,67.0,1.9,,,,,,,,61.33,0,2.0,2.35,177.0,3.59,0.946,82.0,1200000.0,3.349,False
2025,clemeer01,Ernie Clement,TOR,H,3B,29.0,157.0,4.3,588.0,9.0,6.0,0.277,0.313,0.398,94.0,,,,,,,,,1970000.0,2.977,False
2025,clemeko01,Kody Clemens,2TM,H,1B,29.0,119.0,1.0,386.0,19.0,5.0,0.213,0.281,0.434,95.0,1.0,0,0.0,18.0,32.0,29.14,3.0,0.0,760000,2.203,True
2025,colliis01,Isaac Collins,MIL,H,LF,27.0,130.0,2.0,441.0,9.0,16.0,0.263,0.368,0.411,118.0,,,,,,,,,760000,,True
2025,confomi01,Michael Conforto,LAD,H,LF,32.0,138.0,-0.7,486.0,12.0,1.0,0.199,0.305,0.333,79.0,,,,,,,,,17000000.0,8.25,False
2025,contrwi01,Willson Contreras,STL,H,1B,33.0,135.0,2.5,563.0,20.0,5.0,0.257,0.344,0.447,124.0,,,,,,,,,18000000.0,8.628,False
2025,contrwi02,William Contreras,MIL,H,C,27.0,150.0,3.8,659.0,17.0,6.0,0.26,0.355,0.399,111.0,,,,,,,,,6000000.0,3.651,False
2025,corbipa01,Patrick Corbin,TEX,P,SP,35.0,31.0,-0.4,,,,,,,,155.33,30.0,0.0,4.4,86.0,4.25,1.365,131.0,1100000.0,12.61,False
2025,correca01,Carlos Correa,2TM,H,SS,30.0,144.0,1.6,584.0,13.0,0.0,0.276,0.332,0.402,105.0,,,,,,,,,37333333.0,9.692,False
2025,cowseco01,Colton Cowser,BAL,H,CF,25.0,92.0,1.0,360.0,16.0,14.0,0.196,0.269,0.385,83.0,,,,,,,,,760000,1.25,True
2025,crawfjp01,J.P. Crawford,SEA,H,SS,30.0,157.0,3.6,654.0,12.0,8.0,0.265,0.352,0.37,110.0,,,,,,,,,11000000.0,6.948,False
2025,crewsdy01,Dylan Crews,WSN,H,RF,23.0,85.0,0.3,322.0,10.0,17.0,0.208,0.28,0.352,77.0,,,,,,,,,760000,,True
2025,crochga01,Garrett Crochet,BOS,P,SP,26.0,32.0,6.0,,,,,,,,205.33,32.0,0.0,2.59,160.0,2.89,1.028,255.0,3800000.0,4.163,False
2025,croneja01,Jake Cronenworth,SDP,H,2B,31.0,135.0,2.5,515.0,11.0,3.0,0.246,0.367,0.377,109.0,,,,,,,,,11285715.0,5.0,False
2025,crowape01,Pete Crow-Armstrong,CHC,H,CF,23.0,157.0,5.9,647.0,31.0,35.0,0.247,0.287,0.481,114.0,,,,,,,,,760000,1.122,True
2025,cruzon01,Oneil Cruz,PIT,H,CF,26.0,135.0,0.2,544.0,20.0,38.0,0.2,0.298,0.378,85.0,,,,,,,,,760000,2.64,True
2025,darviyu01,Yu Darvish,SDP,P,SP,38.0,15.0,-0.1,,,,,,,,72.0,15.0,0.0,5.38,78.0,4.82,1.181,68.0,21000000.0,12.849,False
2025,degroja01,Jacob deGrom,TEX,P,SP,37.0,30.0,3.0,,,,,,,,172.67,30.0,0.0,2.97,127.0,3.64,0.921,185.0,40000000.0,10.808,False
2025,delacel01,Elly De La Cruz,CIN,H,SS,23.0,162.0,3.6,699.0,22.0,37.0,0.264,0.336,0.44,114.0,,,,,,,,,760000,1.686,True
2025,delosen01,Enyel De Los Santos,2TM,P,RP,29.0,65.0,0.1,,,,,,,,66.0,0,0.0,4.36,96.0,3.82,1.288,62.0,,4.087,False
2025,detmere01,Reid Detmers,LAA,P,RP,25.0,61.0,1.1,,,,,,,,63.67,0,3.0,3.96,103.0,3.12,1.304,80.0,1825000.0,2.924,False
2025,deverra01,Rafael Devers,2TM,H,DH,28.0,163.0,4.3,729.0,35.0,1.0,0.252,0.372,0.479,140.0,,,,,,,,,29500000.0,7.407,False
2025,diazed04,Edwin Díaz,NYM,P,RP,31.0,62.0,3.1,,,,,,,,66.33,0,28.0,1.63,250.0,2.28,0.874,98.0,21500000.0,8.703,False
2025,diazya01,Yandy Díaz,TBR,H,DH,33.0,150.0,3.3,651.0,25.0,3.0,0.3,0.366,0.482,135.0,,,,,,,,,10000000.0,6.709,False
2025,diazya02,Yainer Diaz,HOU,H,C,26.0,143.0,2.7,567.0,20.0,1.0,0.256,0.284,0.417,94.0,,,,,,,,,760000,2.203,True
2025,dingldi01,Dillon Dingler,DET,H,C,26.0,126.0,3.2,469.0,13.0,0.0,0.278,0.327,0.425,109.0,,,,,,,,,760000,,True
2025,dobbihu01,Hunter Dobbins,BOS,P,SP,25.0,13.0,0.4,,,,,,,,61.0,11.0,0.0,4.13,101.0,3.87,1.279,45.0,760000,,True
2025,dollach01,Chase Dollander,COL,P,SP,23.0,21.0,-0.4,,,,,,,,98.0,21.0,0.0,6.52,75.0,5.53,1.551,82.0,760000,,True
2025,dominja01,Jasson Domínguez,NYY,H,LF,22.0,123.0,0.5,429.0,10.0,23.0,0.257,0.331,0.388,99.0,,,,,,,,,774200.0,0.756,False
2025,dominse01,Seranthony Domínguez,2TM,P,RP,30.0,67.0,0.5,,,,,,,,62.67,0,2.0,3.16,131.0,3.47,1.277,79.0,8000000.0,6.762,False
2025,donovbr01,Brendan Donovan,STL,H,2B,28.0,118.0,2.7,515.0,10.0,3.0,0.287,0.353,0.422,121.0,,,,,,,,,2850000.0,3.0,False
2025,dovalca01,Camilo Doval,2TM,P,RP,27.0,69.0,0.4,,,,,,,,65.33,0,16.0,3.58,113.0,3.47,1.316,72.0,4525000.0,3.413,False
2025,doylebr02,Brenton Doyle,COL,H,CF,27.0,138.0,0.2,538.0,15.0,18.0,0.233,0.274,0.376,72.0,,,,,,,,,,1.936,False
2025,dreyeja01,Jack Dreyer,LAD,P,RP,26.0,67.0,1.3,,,,,,,,76.33,5.0,4.0,2.95,141.0,2.82,1.048,74.0,,,False
2025,dubonma01,Mauricio Dubón,HOU,H,LF,30.0,133.0,1.7,398.0,7.0,3.0,0.241,0.289,0.355,80.0,,,,,,,,,5000000.0,4.942,False
2025,duranja01,Jarren Duran,BOS,H,LF,28.0,157.0,4.9,696.0,16.0,24.0,0.256,0.332,0.442,114.0,,,,,,,,,3750000.0,2.901,False
2025,duranjh01,Jhoan Duran,2TM,P,RP,27.0,72.0,3.1,,,,,,,,70.0,0,32.0,2.06,210.0,2.35,1.1,80.0,4125000.0,3.0,False
2025,durbica01,Caleb Durbin,MIL,H,3B,25.0,136.0,2.7,506.0,11.0,18.0,0.256,0.334,0.387,101.0,,,,,,,,,760000,,True
2025,edmanto01,Tommy Edman,LAD,H,2B,30.0,97.0,1.1,377.0,13.0,3.0,0.225,0.274,0.382,82.0,,,,,,,,,8400000.0,5.663,False
2025,edwarxa01,Xavier Edwards,MIA,H,2B,25.0,139.0,3.3,619.0,3.0,27.0,0.283,0.343,0.353,95.0,,,,,,,,,760000,1.302,True
2025,eflinza01,Zach Eflin,BAL,P,SP,31.0,14.0,-0.4,,,,,,,,71.33,14.0,0.0,5.93,67.0,5.64,1.416,50.0,,8.105,False
2025,eiserbr01,Brandon Eisert,CHW,P,RP,27.0,72.0,0.4,,,,,,,,69.67,3.0,2.0,4.39,95.0,4.54,1.435,74.0,760000,,True
2025,elderbr01,Bryce Elder,ATL,P,SP,26.0,28.0,-0.5,,,,,,,,156.33,28.0,0.0,5.3,79.0,4.55,1.394,131.0,760000,2.233,True
2025,eovalna01,Nathan Eovaldi,TEX,P,SP,35.0,22.0,4.3,,,,,,,,130.0,22.0,0.0,1.73,218.0,2.8,0.854,129.0,24000000.0,13.076,False
2025,erceglu01,Lucas Erceg,KCR,P,RP,30.0,61.0,1.5,,,,,,,,61.33,0,2.0,2.64,159.0,3.49,1.174,48.0,760000,1.791,True
2025,espinsa01,Santiago Espinal,CIN,H,3B,30.0,114.0,-1.4,328.0,0.0,2.0,0.243,0.292,0.282,61.0,,,,,,,,,2400000.0,4.866,False
2025,estevca01,Carlos Estévez,KCR,P,RP,32.0,67.0,2.0,,,,,,,,66.0,0,42.0,2.45,171.0,3.67,1.061,54.0,10000000.0,8.128,False
2025,estraje01,Jeremiah Estrada,SDP,P,RP,26.0,77.0,1.1,,,,,,,,73.0,0,3.0,3.45,122.0,3.55,1.164,108.0,760000,1.465,True
2025,evanslo01,Logan Evans,SEA,P,SP,24.0,16.0,-0.1,,,,,,,,81.33,15.0,0.0,4.32,88.0,5.05,1.389,59.0,760000,,True
2025,fairbpe01,Pete Fairbanks,TBR,P,RP,31.0,61.0,1.2,,,,,,,,60.33,0,27.0,2.83,147.0,3.63,1.044,59.0,3666667.0,5.331,False
2025,falteba01,Bailey Falter,2TM,P,SP,28.0,26.0,1.0,,,,,,,,125.33,24.0,0.0,4.45,100.0,4.94,1.285,81.0,2222000.0,2.802,False
2025,farmeky01,Kyle Farmer,COL,H,2B,34.0,97.0,-0.7,300.0,8.0,0.0,0.227,0.28,0.365,71.0,1.0,0,0.0,9.0,71.0,16.14,3.0,0.0,2500000.0,6.75,False
2025,fauchca01,Calvin Faucher,MIA,P,RP,29.0,65.0,0.8,,,,,,,,60.33,0,15.0,3.28,132.0,4.25,1.276,59.0,,1.907,False
2025,feddeer01,Erick Fedde,3TM,P,SP,32.0,32.0,-0.7,,,,,,,,141.0,24.0,0.0,5.49,75.0,5.2,1.518,83.0,7500000.0,5.576,False
2025,ferguca01,Caleb Ferguson,2TM,P,RP,28.0,70.0,1.0,,,,,,,,65.33,0,0.0,3.58,119.0,3.26,1.163,51.0,3000000.0,6.541,False
2025,ferguty01,Tyler Ferguson,ATH,P,RP,31.0,56.0,0.4,,,,,,,,58.0,0,2.0,4.66,93.0,4.14,1.328,54.0,760000,1.0,True
2025,fermifr01,Freddy Fermin,2TM,H,C,30.0,109.0,2.0,347.0,5.0,1.0,0.251,0.297,0.339,77.0,,,,,,,,,,1.959,False
2025,ferrejo01,Jose A. Ferrer,WSN,P,RP,25.0,72.0,0.1,,,,,,,,76.33,0,11.0,4.48,95.0,3.03,1.271,71.0,760000,1.547,True
2025,festada01,David Festa,MIN,P,SP,25.0,11.0,0.2,,,,,,,,53.33,10.0,0.0,5.4,79.0,4.88,1.275,53.0,760000,,True
2025,festama01,Matt Festa,CLE,P,RP,32.0,63.0,-0.2,,,,,,,,54.67,0,0.0,4.12,101.0,3.14,1.079,56.0,760000,1.89,True
2025,finneky01,Kyle Finnegan,2TM,P,RP,33.0,56.0,1.1,,,,,,,,57.0,0,24.0,3.47,122.0,3.12,1.105,55.0,5375060.0,5.0,False
2025,fishebr02,Braydon Fisher,TOR,P,RP,24.0,52.0,1.4,,,,,,,,50.0,1.0,0.0,2.7,160.0,3.02,1.02,62.0,760000,,True
2025,flaheja01,Jack Flaherty,DET,P,SP,29.0,31.0,0.8,,,,,,,,161.0,31.0,0.0,4.64,88.0,3.85,1.28,188.0,25000000.0,7.035,False
2025,florewi01,Wilmer Flores,SFG,H,DH,33.0,125.0,0.3,463.0,16.0,1.0,0.241,0.307,0.379,96.0,,,,,,,,,3500000.0,11.017,False
2025,fluhama01,Mason Fluharty,TOR,P,RP,23.0,55.0,0.2,,,,,,,,52.67,0,1.0,4.44,97.0,3.97,1.139,56.0,760000,,True
2025,francbo01,Bowden Francis,TOR,P,SP,29.0,14.0,-0.8,,,,,,,,64.0,14.0,0.0,6.05,71.0,6.85,1.531,54.0,760000,1.57,True
2025,francty01,Ty France,2TM,H,1B,30.0,138.0,1.0,490.0,7.0,1.0,0.257,0.32,0.36,89.0,,,,,,,,,1000000.0,5.517,False
2025,fraziad01,Adam Frazier,2TM,H,2B,33.0,134.0,1.3,459.0,7.0,8.0,0.267,0.319,0.365,89.0,,,,,,,,,4025000.0,8.436,False
2025,freelky01,Kyle Freeland,COL,P,SP,32.0,31.0,1.4,,,,,,,,162.67,31.0,0.0,4.98,98.0,4.18,1.42,124.0,16000000.0,7.837,False
2025,freemfr01,Freddie Freeman,LAD,H,1B,35.0,147.0,3.5,627.0,24.0,6.0,0.295,0.367,0.502,141.0,,,,,,,,,27000000.0,14.192,False
2025,freemty01,Tyler Freeman,COL,H,RF,26.0,110.0,-1.3,428.0,2.0,18.0,0.281,0.354,0.361,92.0,,,,,,,,,760000,2.267,True
2025,frelisa01,Sal Frelick,MIL,H,RF,25.0,142.0,2.9,594.0,12.0,19.0,0.288,0.351,0.405,111.0,,,,,,,,,760000,1.419,True
2025,friedma01,Max Fried,NYY,P,SP,31.0,32.0,4.6,,,,,,,,195.33,32.0,0.0,2.86,145.0,3.07,1.101,189.0,14500000.0,6.86,False
2025,friedtj01,TJ Friedl,CIN,H,CF,29.0,152.0,2.4,685.0,14.0,12.0,0.261,0.364,0.378,107.0,,,,,,,,,760000,2.651,True
2025,gaddihu01,Hunter Gaddis,CLE,P,RP,27.0,73.0,1.1,,,,,,,,66.67,0,3.0,3.11,134.0,3.5,1.185,73.0,760000,1.424,True
2025,galleza01,Zac Gallen,ARI,P,SP,29.0,33.0,0.9,,,,,,,,192.0,33.0,0.0,4.83,87.0,4.5,1.26,175.0,13500000.0,5.581,False
2025,garciad02,Adolis García,TEX,H,RF,32.0,135.0,2.7,547.0,19.0,13.0,0.227,0.271,0.394,89.0,,,,,,,,,9250000.0,4.552,False
2025,garcilu03,Luis García,3TM,P,RP,38.0,58.0,0.8,,,,,,,,55.33,0,2.0,3.42,123.0,3.28,1.464,48.0,1500000.0,9.041,False
2025,garcilu04,Luis García Jr.,WSN,H,2B,25.0,139.0,0.4,526.0,16.0,14.0,0.252,0.289,0.412,95.0,,,,,,,,,4500000.0,3.826,False
2025,garcima01,Maikel Garcia,KCR,H,3B,25.0,160.0,5.8,666.0,16.0,23.0,0.286,0.351,0.449,121.0,,,,,,,,,,1.977,False
2025,garciro04,Robert Garcia,TEX,P,RP,29.0,71.0,0.5,,,,,,,,64.0,0,9.0,2.95,128.0,3.71,1.25,68.0,760000,1.5,True
2025,garrere01,Reed Garrett,NYM,P,RP,32.0,58.0,0.5,,,,,,,,55.33,1.0,3.0,3.9,105.0,3.46,1.319,64.0,760000,1.831,True
2025,gausmke01,Kevin Gausman,TOR,P,SP,34.0,32.0,4.0,,,,,,,,193.0,32.0,0.0,3.59,120.0,3.41,1.062,189.0,23000000.0,10.878,False
2025,gibsoca01,Cade Gibson,MIA,P,RP,27.0,44.0,1.3,,,,,,,,54.67,1.0,0.0,2.63,165.0,3.76,1.189,43.0,760000,,True
2025,gilbelo01,Logan Gilbert,SEA,P,SP,28.0,25.0,2.0,,,,,,,,131.0,25.0,0.0,3.44,110.0,3.35,1.031,173.0,7625000.0,3.837,False
2025,gilbety01,Tyler Gilbert,CHW,P,RP,31.0,46.0,0.5,,,,,,,,51.0,5.0,1.0,3.88,107.0,4.02,1.255,49.0,760000,,True
2025,gillu01,Luis Gil,NYY,P,SP,27.0,11.0,1.1,,,,,,,,57.0,11.0,0.0,3.32,126.0,4.63,1.404,41.0,760000,2.424,True
2025,gimenan01,Andrés Giménez,TOR,H,2B,26.0,101.0,1.1,369.0,7.0,12.0,0.21,0.285,0.313,65.0,,,,,,,,,10571429.0,4.616,False
2025,ginnjt01,J.T. Ginn,ATH,P,SP,26.0,23.0,0.9,,,,,,,,90.33,16.0,0.0,5.08,85.0,4.62,1.362,99.0,760000,,True
2025,giolilu01,Lucas Giolito,BOS,P,SP,30.0,26.0,1.9,,,,,,,,145.0,26.0,0.0,3.41,121.0,4.17,1.29,121.0,19000000.0,7.465,False
2025,glasnty01,Tyler Glasnow,LAD,P,SP,31.0,18.0,1.9,,,,,,,,90.33,18.0,0.0,3.19,130.0,3.75,1.096,106.0,32500000.0,7.919,False
2025,goldspa01,Paul Goldschmidt,NYY,H,1B,37.0,146.0,1.1,534.0,10.0,5.0,0.274,0.328,0.403,101.0,,,,,,,,,12500000.0,13.343,False
2025,gombeau01,Austin Gomber,COL,P,SP,31.0,12.0,-0.7,,,,,,,,57.67,12.0,0.0,7.49,65.0,6.5,1.717,34.0,6350000.0,5.645,False
2025,gomezyo01,Yoendrys Gómez,3TM,P,RP,25.0,21.0,0,,,,,,,,62.67,9.0,1.0,5.17,81.0,5.26,1.388,58.0,760000,1.058,True
2025,gonzani01,Nick Gonzales,PIT,H,2B,26.0,96.0,-0.7,408.0,5.0,0.0,0.26,0.299,0.362,81.0,,,,,,,,,760000,1.273,True
2025,gonzaro01,Romy González,BOS,H,1B,28.0,96.0,2.1,341.0,9.0,6.0,0.305,0.343,0.483,128.0,,,,,,,,,760000,2.483,True
2025,goodmhu01,Hunter Goodman,COL,H,C,25.0,144.0,3.7,579.0,31.0,1.0,0.278,0.323,0.52,120.0,,,,,,,,,760000,1.209,True
2025,gordoco01,Colton Gordon,HOU,P,SP,26.0,20.0,-0.4,,,,,,,,86.0,14.0,1.0,5.34,76.0,5.37,1.419,72.0,760000,,True
2025,gordota01,Tanner Gordon,COL,P,SP,27.0,15.0,-0.2,,,,,,,,75.33,15.0,0.0,6.33,77.0,5.05,1.5,62.0,760000,,True
2025,gorema01,MacKenzie Gore,WSN,P,SP,26.0,30.0,3.1,,,,,,,,159.67,30.0,0.0,4.17,101.0,3.74,1.353,185.0,2890000.0,3.0,False
2025,gormano01,Nolan Gorman,STL,H,3B,25.0,111.0,0.1,402.0,14.0,1.0,0.205,0.296,0.37,90.0,,,,,,,,,760000,2.808,True
2025,grayso01,Sonny Gray,STL,P,SP,35.0,32.0,1.3,,,,,,,,180.67,32.0,0.0,4.28,95.0,3.39,1.234,201.0,25000000.0,11.355,False
2025,greenhu01,Hunter Greene,CIN,P,SP,25.0,19.0,4.2,,,,,,,,107.67,19.0,0.0,2.76,158.0,3.27,0.938,132.0,6333333.0,3.0,False
2025,greenri03,Riley Greene,DET,H,LF,24.0,157.0,2.2,655.0,36.0,2.0,0.258,0.313,0.493,122.0,,,,,,,,,760000,2.64,True
2025,grishtr01,Trent Grisham,NYY,H,CF,28.0,143.0,3.5,581.0,34.0,3.0,0.235,0.348,0.464,123.0,,,,,,,,,5000000.0,5.349,False
2025,guerrvl02,Vladimir Guerrero Jr.,TOR,H,1B,26.0,156.0,4.6,680.0,23.0,6.0,0.292,0.381,0.467,132.0,,,,,,,,,28500000.0,5.913,False
2025,gurrilo01,Lourdes Gurriel Jr.,ARI,H,LF,31.0,129.0,0.6,546.0,19.0,10.0,0.248,0.295,0.418,97.0,,,,,,,,,14000000.0,6.547,False
2025,gustory01,Ryan Gusto,2TM,P,SP,26.0,27.0,-0.5,,,,,,,,101.67,17.0,0.0,5.67,73.0,4.61,1.475,97.0,760000,,True
2025,haderjo01,Josh Hader,HOU,P,RP,31.0,48.0,2.2,,,,,,,,52.67,0,28.0,2.05,199.0,3.25,0.854,76.0,19000000.0,7.669,False
2025,hancoem01,Emerson Hancock,SEA,P,SP,26.0,22.0,-0.1,,,,,,,,90.0,16.0,0.0,4.9,77.0,5.08,1.378,64.0,760000,1.314,True
2025,hanifbr01,Brenan Hanifee,DET,P,RP,27.0,54.0,0,,,,,,,,60.0,0,0.0,3.0,137.0,3.25,1.317,40.0,760000,,True
2025,happia01,Ian Happ,CHC,H,LF,30.0,150.0,4.0,663.0,23.0,6.0,0.243,0.342,0.42,116.0,,,,,,,,,21000000.0,7.209,False
2025,harpebr03,Bryce Harper,PHI,H,1B,32.0,132.0,3.1,580.0,27.0,12.0,0.261,0.357,0.487,129.0,,,,,,,,,27538462.0,12.924,False
2025,harriho03,Hogan Harris,ATH,P,RP,28.0,48.0,1.5,,,,,,,,64.67,0,4.0,3.2,135.0,3.71,1.345,65.0,760000,1.407,True
2025,harrimi04,Michael Harris II,ATL,H,CF,24.0,160.0,2.3,641.0,20.0,20.0,0.249,0.268,0.409,87.0,,,,,,,,,8000000.0,3.0,False
2025,hayeske01,Ke'Bryan Hayes,2TM,H,3B,28.0,152.0,1.4,570.0,5.0,12.0,0.235,0.29,0.306,65.0,,,,,,,,,7000000.0,4.436,False
2025,haysau01,Austin Hays,CIN,H,LF,29.0,103.0,0.8,416.0,15.0,7.0,0.266,0.315,0.453,110.0,,,,,,,,,4000000.0,5.331,False
2025,heanean01,Andrew Heaney,2TM,P,SP,34.0,27.0,-0.2,,,,,,,,122.33,23.0,0.0,5.52,81.0,5.59,1.381,86.0,5250000.0,9.872,False
2025,heimjo01,Jonah Heim,TEX,H,C,30.0,124.0,0.3,433.0,11.0,3.0,0.213,0.271,0.332,74.0,,,,,,,,,4575000.0,4.564,False
2025,helslry01,Ryan Helsley,2TM,P,RP,30.0,58.0,0.1,,,,,,,,56.0,0,21.0,4.5,91.0,4.14,1.536,63.0,8200000.0,5.61,False
2025,hendegu01,Gunnar Henderson,BAL,H,SS,24.0,154.0,5.4,651.0,17.0,30.0,0.274,0.349,0.438,122.0,,,,,,,,,760000,2.209,True
2025,hendrky01,Kyle Hendricks,LAA,P,SP,35.0,31.0,1.3,,,,,,,,164.67,31.0,0.0,4.76,85.0,4.6,1.275,114.0,2500000.0,10.471,False
2025,henriro01,Ronny Henriquez,MIA,P,RP,25.0,69.0,2.2,,,,,,,,73.0,0,7.0,2.22,195.0,3.15,1.096,98.0,760000,1.355,True
2025,henryco01,Cole Henry,WSN,P,RP,25.0,57.0,0.3,,,,,,,,52.67,0,2.0,4.27,100.0,5.34,1.424,52.0,760000,,True
2025,hergeji01,Jimmy Herget,COL,P,RP,31.0,59.0,3.0,,,,,,,,83.33,0,0.0,2.48,196.0,3.32,1.176,81.0,850000.0,3.401,False
2025,hernate01,Teoscar Hernández,LAD,H,RF,32.0,134.0,1.5,546.0,25.0,5.0,0.247,0.284,0.454,103.0,,,,,,,,,17666667.0,7.564,False
2025,herreiv01,Iván Herrera,STL,H,DH,25.0,107.0,2.3,452.0,19.0,8.0,0.284,0.373,0.464,138.0,,,,,,,,,760000,1.366,True
2025,hicksjo03,Jordan Hicks,2TM,P,RP,28.0,34.0,-1.7,,,,,,,,67.33,9.0,2.0,6.95,58.0,4.35,1.663,58.0,12000000.0,7.0,False
2025,hicksli01,Liam Hicks,MIA,H,C,26.0,119.0,1.3,390.0,6.0,2.0,0.247,0.346,0.346,94.0,,,,,,,,,760000,,True
2025,higasky01,Kyle Higashioka,TEX,H,C,35.0,94.0,1.5,327.0,11.0,3.0,0.241,0.291,0.403,98.0,,,,,,,,,5750000.0,6.029,False
2025,hillti01,Tim Hill,NYY,P,RP,35.0,70.0,1.2,,,,,,,,67.0,0,0.0,3.09,135.0,4.3,1.104,37.0,2500000.0,6.651,False
2025,hoernni01,Nico Hoerner,CHC,H,2B,28.0,156.0,6.2,649.0,7.0,29.0,0.297,0.345,0.394,110.0,,,,,,,,,11500000.0,5.081,False
2025,hoffmje02,Jeff Hoffman,TOR,P,RP,32.0,71.0,0.5,,,,,,,,68.0,0,33.0,4.37,99.0,4.9,1.191,84.0,7666667.0,6.488,False
2025,hollija01,Jackson Holliday,BAL,H,2B,21.0,149.0,1.1,649.0,17.0,17.0,0.242,0.314,0.375,95.0,,,,,,,,,760000,1.0,True
2025,holmecl01,Clay Holmes,NYM,P,SP,32.0,33.0,2.1,,,,,,,,165.67,31.0,0.0,3.53,115.0,4.11,1.304,129.0,13000000.0,6.18,False
2025,holmegr01,Grant Holmes,ATL,P,SP,29.0,22.0,1.4,,,,,,,,115.0,21.0,0.0,3.99,105.0,4.4,1.339,123.0,760000,1.0,True
2025,holtoty01,Tyler Holton,DET,P,RP,29.0,70.0,0.7,,,,,,,,78.67,6.0,0.0,3.66,112.0,4.64,1.042,64.0,760000,2.273,True
2025,hortoca01,Cade Horton,CHC,P,SP,23.0,23.0,2.1,,,,,,,,118.0,22.0,0.0,2.67,151.0,3.58,1.085,97.0,760000,,True
2025,horwisp01,Spencer Horwitz,PIT,H,1B,27.0,108.0,1.5,411.0,11.0,0.0,0.272,0.353,0.434,116.0,,,,,,,,,760000,1.215,True
2025,hoskirh01,Rhys Hoskins,MIL,H,1B,32.0,90.0,0.8,328.0,12.0,2.0,0.237,0.332,0.416,108.0,,,,,,,,,18000000.0,7.308,False
2025,housead01,Adrian Houser,2TM,P,SP,32.0,21.0,3.1,,,,,,,,125.0,21.0,0.0,3.31,126.0,3.81,1.28,92.0,100000.0,5.791,False
2025,hurtebr01,Brant Hurter,DET,P,RP,26.0,43.0,0.7,,,,,,,,63.0,4.0,2.0,2.43,170.0,3.61,1.333,68.0,760000,,True
2025,iglesjo01,Jose Iglesias,SDP,H,2B,35.0,112.0,-0.6,343.0,3.0,5.0,0.229,0.298,0.294,67.0,,,,,,,,,3000000.0,10.919,False
2025,iglesra01,Raisel Iglesias,ATL,P,RP,35.0,70.0,1.3,,,,,,,,67.33,0,29.0,3.21,131.0,3.31,0.995,73.0,16000000.0,9.895,False
2025,imanash01,Shota Imanaga,CHC,P,SP,31.0,25.0,1.5,,,,,,,,144.67,25.0,0.0,3.73,108.0,4.86,0.988,117.0,13250000.0,1.0,False
2025,indiajo01,Jonathan India,KCR,H,2B,28.0,136.0,0.4,567.0,9.0,0.0,0.233,0.323,0.346,87.0,,,,,,,,,,4.0,False
2025,irvinja01,Jake Irvin,WSN,P,SP,28.0,33.0,-0.3,,,,,,,,180.0,33.0,0.0,5.7,74.0,5.64,1.428,124.0,,1.884,False
2025,isbelky01,Kyle Isbel,KCR,H,CF,28.0,135.0,1.6,409.0,4.0,4.0,0.255,0.301,0.353,82.0,,,,,,,,,1750000.0,3.25,False
2025,jackslu01,Luke Jackson,3TM,P,RP,33.0,52.0,-0.5,,,,,,,,51.0,0,9.0,4.06,96.0,4.49,1.353,38.0,3500000.0,8.11,False
2025,janseda01,Danny Jansen,2TM,H,C,30.0,98.0,2.8,337.0,14.0,0.0,0.215,0.321,0.399,100.0,,,,,,,,,8000000.0,6.291,False
2025,janseke01,Kenley Jansen,LAA,P,RP,37.0,62.0,2.2,,,,,,,,59.0,0,29.0,2.59,157.0,3.98,0.949,57.0,10000000.0,14.424,False
2025,jaxgr01,Griffin Jax,2TM,P,RP,30.0,73.0,0.5,,,,,,,,66.0,2.0,0.0,4.23,100.0,2.51,1.288,99.0,2365000.0,3.529,False
2025,jeffery01,Ryan Jeffers,MIN,H,C,28.0,119.0,1.3,464.0,9.0,1.0,0.266,0.356,0.397,110.0,,,,,,,,,4550000.0,4.517,False
2025,johnspi01,Pierce Johnson,ATL,P,RP,34.0,65.0,1.1,,,,,,,,59.0,0,1.0,3.05,138.0,3.91,1.203,59.0,7000000.0,5.797,False
2025,jonesno01,Nolan Jones,CLE,H,RF,27.0,136.0,-1.0,403.0,5.0,8.0,0.211,0.296,0.304,69.0,,,,,,,,,760000,2.041,True
2025,judgeaa01,Aaron Judge,NYY,H,RF,33.0,152.0,9.7,679.0,53.0,12.0,0.331,0.457,0.688,211.0,,,,,,,,,40000000.0,8.297,False
2025,jungjo01,Josh Jung,TEX,H,3B,27.0,131.0,1.4,511.0,14.0,4.0,0.251,0.294,0.39,96.0,,,,,,,,,760000,2.157,True
2025,junisja01,Jakob Junis,CLE,P,RP,32.0,57.0,0.9,,,,,,,,66.67,0,0.0,2.97,140.0,3.45,1.23,55.0,4500000.0,7.012,False
2025,junkja01,Janson Junk,MIA,P,SP,29.0,21.0,1.0,,,,,,,,110.0,16.0,1.0,4.17,104.0,3.14,1.136,77.0,760000,1.302,True
2025,kahnlto01,Tommy Kahnle,DET,P,RP,35.0,66.0,-0.2,,,,,,,,63.0,0,9.0,4.43,93.0,4.72,1.302,50.0,7750000.0,9.762,False
2025,keithco01,Colt Keith,DET,H,DH,23.0,137.0,1.6,468.0,13.0,1.0,0.256,0.333,0.413,108.0,,,,,,,,,3833334.0,1.0,False
2025,kellebr01,Brad Keller,CHC,P,RP,29.0,68.0,1.5,,,,,,,,69.67,1.0,3.0,2.07,195.0,2.93,0.962,75.0,1500000.0,6.36,False
2025,kellemi03,Mitch Keller,PIT,P,SP,29.0,32.0,1.6,,,,,,,,176.33,32.0,0.0,4.19,106.0,4.02,1.259,150.0,15411500.0,5.151,False
2025,kellyca02,Carson Kelly,CHC,H,C,30.0,111.0,3.5,421.0,17.0,2.0,0.249,0.333,0.428,115.0,,,,,,,,,5000000.0,6.936,False
2025,kellyme01,Merrill Kelly,2TM,P,SP,36.0,32.0,2.7,,,,,,,,184.0,32.0,0.0,3.52,116.0,3.76,1.114,167.0,7000000.0,6.0,False
2025,keplema01,Max Kepler,PHI,H,LF,32.0,127.0,0.1,474.0,18.0,3.0,0.216,0.3,0.391,88.0,,,,,,,,,10000000.0,8.884,False
2025,kerkeor01,Orion Kerkering,PHI,P,RP,24.0,69.0,0.9,,,,,,,,60.0,0,4.0,3.3,135.0,3.82,1.367,65.0,760000,1.058,True
2025,kershcl01,Clayton Kershaw,LAD,P,SP,37.0,23.0,1.6,,,,,,,,112.67,22.0,0.0,3.36,124.0,3.55,1.216,84.0,7500000.0,16.61,False
2025,kikucyu01,Yusei Kikuchi,LAA,P,SP,34.0,33.0,2.8,,,,,,,,178.33,33.0,0.0,3.99,102.0,4.23,1.424,174.0,21225000.0,6.0,False
2025,kineris01,Isiah Kiner-Falefa,2TM,H,SS,30.0,138.0,1.5,459.0,2.0,15.0,0.262,0.297,0.334,74.0,0.67,0,0.0,0.0,,3.14,0.0,0.0,7500000.0,7.0,False
2025,kingbr02,Bryan King,HOU,P,RP,28.0,68.0,1.6,,,,,,,,68.0,0,2.0,2.78,147.0,3.68,1.044,69.0,760000,,True
2025,kingmi01,Michael King,SDP,P,SP,30.0,15.0,1.2,,,,,,,,73.33,15.0,0.0,3.44,122.0,4.42,1.2,76.0,4000000.0,5.023,False
2025,kinlety01,Tyler Kinley,2TM,P,RP,34.0,73.0,1.3,,,,,,,,72.67,0,3.0,3.96,118.0,3.69,1.183,73.0,3000000.0,6.081,False
2025,kirbyge01,George Kirby,SEA,P,SP,27.0,23.0,0.7,,,,,,,,126.0,23.0,0.0,4.21,90.0,3.37,1.19,137.0,4300000.0,2.878,False
2025,kirkal01,Alejandro Kirk,TOR,H,C,26.0,130.0,2.3,506.0,15.0,1.0,0.282,0.348,0.421,111.0,,,,,,,,,4600000.0,4.273,False
2025,kittran01,Andrew Kittredge,2TM,P,RP,35.0,54.0,0.6,,,,,,,,53.0,0,5.0,3.4,119.0,3.06,0.981,64.0,9000000.0,6.407,False
2025,kochaja01,Jack Kochanowicz,LAA,P,SP,24.0,23.0,-1.6,,,,,,,,111.0,23.0,0.0,6.81,60.0,6.05,1.748,72.0,760000,,True
2025,koenija01,Jared Koenig,MIL,P,RP,31.0,72.0,1.6,,,,,,,,66.0,0,2.0,2.86,147.0,3.35,1.167,68.0,760000,1.0,True
2025,kolekst01,Stephen Kolek,2TM,P,SP,28.0,19.0,1.9,,,,,,,,112.67,19.0,0.0,3.51,120.0,3.82,1.145,77.0,760000,1.0,True
2025,kremede01,Dean Kremer,BAL,P,SP,29.0,31.0,2.2,,,,,,,,171.67,29.0,0.0,4.19,95.0,3.97,1.212,142.0,2950000.0,3.651,False
2025,kurtzni01,Nick Kurtz,ATH,H,1B,22.0,117.0,5.0,489.0,36.0,2.0,0.29,0.383,0.619,170.0,,,,,,,,,760000,,True
2025,kwanst01,Steven Kwan,CLE,H,LF,27.0,156.0,3.8,693.0,11.0,21.0,0.272,0.33,0.374,97.0,,,,,,,,,4175000.0,3.0,False
2025,langesh01,Shea Langeliers,ATH,H,C,27.0,123.0,3.5,523.0,31.0,7.0,0.277,0.325,0.536,132.0,,,,,,,,,760000,2.297,True
2025,langfwy01,Wyatt Langford,TEX,H,LF,23.0,134.0,5.5,573.0,22.0,22.0,0.241,0.344,0.431,123.0,,,,,,,,,760000,1.0,True
2025,larnatr01,Trevor Larnach,MIN,H,DH,28.0,142.0,0.2,567.0,17.0,4.0,0.25,0.323,0.404,101.0,,,,,,,,,2100000.0,3.081,False
2025,latzja01,Jacob Latz,TEX,P,RP,29.0,33.0,1.4,,,,,,,,85.67,8.0,1.0,2.84,133.0,3.72,1.237,76.0,760000,1.128,True
2025,lauerer01,Eric Lauer,TOR,P,SP,30.0,28.0,2.3,,,,,,,,104.67,15.0,0.0,3.18,136.0,3.85,1.108,102.0,,4.529,False
2025,laurera01,Ramón Laureano,2TM,H,LF,30.0,132.0,3.8,488.0,24.0,7.0,0.281,0.342,0.512,137.0,,,,,,,,,4000000.0,5.924,False
2025,leahyky01,Kyle Leahy,STL,P,RP,28.0,62.0,1.5,,,,,,,,88.0,1.0,1.0,3.07,133.0,3.04,1.227,80.0,760000,1.099,True
2025,leasujo01,Jordan Leasure,CHW,P,RP,26.0,68.0,0.7,,,,,,,,64.33,1.0,7.0,3.92,106.0,4.49,1.228,81.0,760000,1.0,True
2025,leebr02,Brooks Lee,MIN,H,SS,24.0,139.0,-0.8,527.0,16.0,3.0,0.236,0.285,0.37,81.0,,,,,,,,,760000,,True
2025,leedy01,Dylan Lee,ATL,P,RP,30.0,74.0,1.0,,,,,,,,68.33,0,2.0,3.29,128.0,4.0,0.98,76.0,1025000.0,2.872,False
2025,leeju01,Jung Hoo Lee,SFG,H,CF,26.0,150.0,1.7,617.0,8.0,10.0,0.266,0.327,0.407,110.0,,,,,,,,,16833334.0,1.0,False
2025,leiteja01,Jack Leiter,TEX,P,SP,25.0,29.0,0.4,1.0,,,,,,,151.67,29.0,0.0,3.86,98.0,4.15,1.279,148.0,760000,1.0,True
2025,lewisro02,Royce Lewis,MIN,H,3B,26.0,106.0,0.6,403.0,13.0,12.0,0.237,0.283,0.388,85.0,,,,,,,,,1625000.0,2.826,False
2025,liberma01,Matthew Liberatore,STL,P,SP,25.0,29.0,1.0,,,,,,,,151.67,29.0,0.0,4.21,96.0,4.03,1.305,122.0,760000,1.837,True
2025,lileda01,Daylen Lile,WSN,H,RF,22.0,91.0,0.7,351.0,9.0,8.0,0.299,0.347,0.498,135.0,,,,,,,,,760000,,True
2025,lindofr01,Francisco Lindor,NYM,H,SS,31.0,160.0,5.8,732.0,31.0,31.0,0.267,0.346,0.466,129.0,,,,,,,,,34100000.0,9.657,False
2025,litteza01,Zack Littell,2TM,P,SP,29.0,32.0,3.3,,,,,,,,186.67,32.0,0.0,3.81,111.0,4.88,1.104,130.0,5720000.0,5.25,False
2025,littlbr02,Brendon Little,TOR,P,RP,28.0,79.0,1.2,,,,,,,,68.33,0,1.0,3.03,143.0,2.92,1.361,91.0,760000,1.0,True
2025,lodolni01,Nick Lodolo,CIN,P,SP,27.0,29.0,4.7,,,,,,,,156.67,28.0,0.0,3.33,131.0,3.81,1.079,156.0,1975000.0,3.0,False
2025,lopezja04,Jacob Lopez,ATH,P,SP,27.0,21.0,1.4,,,,,,,,92.67,17.0,0.0,4.08,106.0,4.26,1.273,113.0,760000,1.064,True
2025,lopezot01,Otto Lopez,MIA,H,SS,26.0,143.0,3.6,594.0,15.0,15.0,0.246,0.305,0.368,87.0,,,,,,,,,760000,1.634,True
2025,lopezpa01,Pablo López,MIN,P,SP,29.0,14.0,2.1,,,,,,,,75.67,14.0,0.0,2.74,155.0,3.19,1.11,73.0,21750000.0,6.541,False
2025,lordbr02,Brad Lord,WSN,P,RP,25.0,48.0,1.6,,,,,,,,130.67,19.0,0.0,4.34,98.0,4.23,1.293,108.0,760000,,True
2025,lorenmi01,Michael Lorenzen,KCR,P,SP,33.0,27.0,0.4,,,,,,,,141.67,26.0,0.0,4.64,90.0,4.59,1.327,127.0,5500000.0,9.924,False
2025,lowebr01,Brandon Lowe,TBR,H,2B,30.0,134.0,1.8,553.0,31.0,3.0,0.256,0.307,0.477,115.0,,,,,,,,,10500000.0,6.337,False
2025,lowejo01,Josh Lowe,TBR,H,RF,27.0,108.0,0.1,435.0,11.0,18.0,0.22,0.283,0.366,80.0,,,,,,,,,760000,2.541,True
2025,lowena01,Nathaniel Lowe,2TM,H,1B,29.0,153.0,0.1,609.0,18.0,1.0,0.228,0.307,0.381,93.0,,,,,,,,,10300000.0,4.843,False
2025,lugose01,Seth Lugo,KCR,P,SP,35.0,26.0,1.6,,,,,,,,145.33,26.0,0.0,4.15,101.0,5.09,1.294,125.0,15000000.0,8.477,False
2025,lukesna01,Nathan Lukes,TOR,H,RF,30.0,135.0,1.9,438.0,12.0,2.0,0.255,0.323,0.407,99.0,,,,,,,,,760000,1.651,True
2025,luxga01,Gavin Lux,CIN,H,DH,27.0,140.0,-0.2,503.0,5.0,1.0,0.269,0.35,0.374,102.0,,,,,,,,,3325000.0,4.663,False
2025,luzarje01,Jesús Luzardo,PHI,P,SP,27.0,32.0,3.8,,,,,,,,183.67,32.0,0.0,3.92,113.0,2.9,1.22,216.0,6625000.0,4.959,False
2025,lynchda02,Daniel Lynch IV,KCR,P,RP,28.0,57.0,1.3,,,,,,,,67.67,2.0,1.0,3.06,137.0,4.76,1.36,45.0,,3.483,False
2025,machama01,Manny Machado,SDP,H,3B,32.0,159.0,4.2,678.0,27.0,14.0,0.275,0.335,0.46,120.0,,,,,,,,,17090909.0,12.326,False
2025,mahlety01,Tyler Mahle,TEX,P,SP,30.0,16.0,2.2,,,,,,,,86.67,16.0,0.0,2.18,174.0,3.37,1.131,66.0,16500000.0,7.105,False
2025,manaese01,Sean Manaea,NYM,P,SP,33.0,15.0,-0.3,,,,,,,,60.67,12.0,0.0,5.64,72.0,4.39,1.22,75.0,25000000.0,8.913,False
2025,manguja01,Jake Mangum,TBR,H,LF,29.0,118.0,1.6,428.0,3.0,27.0,0.296,0.33,0.368,95.0,,,,,,,,,760000,,True
2025,manzaky01,Kyle Manzardo,CLE,H,DH,24.0,142.0,0.5,531.0,27.0,2.0,0.234,0.313,0.455,111.0,,,,,,,,,760000,1.0,True
2025,marquge01,Germán Márquez,COL,P,SP,30.0,26.0,-1.2,,,,,,,,126.33,26.0,0.0,6.7,73.0,5.47,1.71,83.0,10000000.0,8.157,False
2025,marshbr02,Brandon Marsh,PHI,H,CF,27.0,133.0,1.6,425.0,11.0,7.0,0.28,0.342,0.443,114.0,,,,,,,,,3000000.0,3.453,False
2025,marteke01,Ketel Marte,ARI,H,2B,31.0,126.0,4.4,556.0,28.0,4.0,0.283,0.376,0.517,147.0,,,,,,,,,14000000.0,8.942,False
2025,marteno01,Noelvi Marté,CIN,H,RF,23.0,90.0,1.4,360.0,14.0,10.0,0.263,0.3,0.448,104.0,,,,,,,,,760000,1.256,True
2025,martest01,Starling Marte,NYM,H,DH,36.0,98.0,1.0,329.0,9.0,7.0,0.27,0.335,0.41,111.0,,,,,,,,,20750000.0,11.942,False
2025,martian02,Angel Martínez,CLE,H,CF,23.0,139.0,-0.7,484.0,11.0,8.0,0.224,0.269,0.359,74.0,,,,,,,,,,,False
2025,martida03,Davis Martin,CHW,P,SP,28.0,26.0,1.6,,,,,,,,142.67,25.0,0.0,4.1,101.0,4.64,1.29,104.0,760000,1.0,True
2025,martini01,Nick Martinez,CIN,P,SP,34.0,40.0,2.2,,,,,,,,165.67,26.0,0.0,4.45,98.0,4.33,1.207,116.0,21050000.0,6.012,False
2025,matonph01,Phil Maton,2TM,P,RP,32.0,63.0,1.4,,,,,,,,61.33,0,5.0,2.79,143.0,2.6,1.06,81.0,2250000.0,7.273,False
2025,matsuyu01,Yuki Matsui,SDP,P,RP,29.0,61.0,0.5,,,,,,,,63.33,0,1.0,3.98,106.0,4.87,1.358,61.0,5500000.0,1.0,False
2025,matthze01,Zebby Matthews,MIN,P,SP,25.0,16.0,0.2,,,,,,,,79.33,16.0,0.0,5.56,76.0,3.79,1.487,88.0,760000,,True
2025,matzst01,Steven Matz,2TM,P,RP,34.0,53.0,0.9,,,,,,,,76.67,2.0,2.0,3.05,135.0,3.46,1.096,59.0,12500000.0,9.576,False
2025,maydu01,Dustin May,2TM,P,SP,27.0,25.0,-0.7,,,,,,,,132.33,23.0,0.0,4.96,84.0,4.88,1.421,123.0,2135000.0,5.343,False
2025,mcculla02,Lance McCullers Jr.,HOU,P,SP,31.0,16.0,-1.2,,,,,,,,55.33,13.0,0.0,6.51,63.0,5.77,1.807,61.0,17700000.0,9.814,False
2025,mccutan01,Andrew McCutchen,PIT,H,DH,38.0,135.0,0,551.0,13.0,1.0,0.239,0.333,0.367,93.0,,,,,,,,,5000000.0,15.715,False
2025,mcgremi01,Michael McGreevy,STL,P,SP,24.0,17.0,0.6,,,,,,,,95.67,16.0,0.0,4.42,92.0,4.27,1.254,58.0,760000,,True
2025,mckinza01,Zach McKinstry,DET,H,3B,30.0,144.0,2.9,511.0,12.0,19.0,0.259,0.333,0.438,114.0,0.33,0,0.0,0.0,,3.14,0.0,0.0,1650000.0,3.576,False
2025,mclaima01,Matt McLain,CIN,H,2B,25.0,147.0,0.1,577.0,15.0,18.0,0.22,0.3,0.343,78.0,,,,,,,,,,1.814,False
2025,mcmahry01,Ryan McMahon,2TM,H,3B,30.0,154.0,2.3,586.0,20.0,3.0,0.214,0.312,0.381,86.0,,,,,,,,,12000000.0,7.035,False
2025,mcneije01,Jeff McNeil,NYM,H,2B,33.0,122.0,1.9,462.0,12.0,3.0,0.243,0.335,0.411,111.0,,,,,,,,,15750000.0,6.401,False
2025,mearsni01,Nick Mears,MIL,P,RP,28.0,63.0,0.5,,,,,,,,56.67,0,1.0,3.49,120.0,3.86,0.971,46.0,963000.0,3.128,False
2025,megilty01,Tylor Megill,NYM,P,SP,29.0,14.0,0.4,,,,,,,,68.33,14.0,0.0,3.95,103.0,3.43,1.361,89.0,1975000.0,3.18,False
2025,meidrch01,Chase Meidroth,CHW,H,SS,23.0,122.0,1.2,505.0,5.0,14.0,0.253,0.329,0.32,84.0,,,,,,,,,760000,,True
2025,mejiaju01,Juan Mejia,COL,P,RP,24.0,55.0,0.6,,,,,,,,61.33,0,1.0,3.96,123.0,3.71,1.255,68.0,,,False
2025,merrija01,Jackson Merrill,SDP,H,CF,22.0,115.0,2.8,483.0,16.0,1.0,0.264,0.317,0.457,114.0,,,,,,,,,809500.0,1.0,False
2025,meyerja02,Jake Meyers,HOU,H,CF,29.0,104.0,2.5,381.0,3.0,16.0,0.292,0.354,0.373,106.0,,,,,,,,,2300000.0,3.256,False
2025,meyerma01,Max Meyer,MIA,P,SP,26.0,12.0,-0.1,,,,,,,,64.67,12.0,0.0,4.73,92.0,4.46,1.423,68.0,760000,2.477,True
2025,mikolmi01,Miles Mikolas,STL,P,SP,36.0,31.0,0.3,,,,,,,,156.33,31.0,0.0,4.84,84.0,5.03,1.318,100.0,18500000.0,8.215,False
2025,millebr04,Bryce Miller,SEA,P,SP,26.0,18.0,-0.7,,,,,,,,90.33,18.0,0.0,5.68,67.0,5.17,1.406,74.0,,1.89,False
2025,millema03,Mason Miller,2TM,P,RP,26.0,60.0,2.3,,,,,,,,61.67,0,22.0,2.63,164.0,2.23,0.908,104.0,,1.965,False
2025,milneho01,Hoby Milner,TEX,P,RP,34.0,73.0,-0.6,,,,,,,,70.33,0,0.0,3.84,99.0,3.39,1.265,58.0,2500000.0,5.395,False
2025,misioja01,Jacob Misiorowski,MIL,P,SP,23.0,15.0,0.5,,,,,,,,66.0,14.0,0.0,4.36,96.0,3.62,1.242,87.0,760000,,True
2025,mizeca01,Casey Mize,DET,P,SP,28.0,28.0,1.7,,,,,,,,149.0,28.0,0.0,3.87,106.0,3.89,1.268,139.0,2350000.0,4.645,False
2025,mlodzca01,Carmen Mlodzinski,PIT,P,RP,26.0,34.0,1.4,,,,,,,,99.0,12.0,0.0,3.55,125.0,3.33,1.303,89.0,760000,1.628,True
2025,moniami01,Mickey Moniak,COL,H,RF,27.0,135.0,-0.5,461.0,24.0,9.0,0.27,0.306,0.518,115.0,,,,,,,,,,3.157,False
2025,monteke01,Keider Montero,DET,P,SP,24.0,20.0,0.6,,,,,,,,90.67,12.0,0.0,4.37,94.0,4.93,1.39,72.0,760000,1.0,True
2025,montera01,Rafael Montero,3TM,P,RP,34.0,59.0,-0.2,,,,,,,,60.33,0,0.0,4.48,94.0,4.13,1.309,58.0,11500000.0,8.552,False
2025,morejad01,Adrián Morejón,SDP,P,RP,26.0,75.0,2.3,,,,,,,,73.67,0,3.0,2.08,202.0,2.28,0.896,70.0,2000000.0,4.814,False
2025,morelch01,Christopher Morel,TBR,H,LF,26.0,105.0,-0.3,305.0,11.0,7.0,0.219,0.289,0.396,89.0,,,,,,,,,760000,2.68,True
2025,morenga01,Gabriel Moreno,ARI,H,C,25.0,83.0,1.6,309.0,9.0,2.0,0.285,0.353,0.433,119.0,,,,,,,,,760000,2.355,True
2025,mortoch02,Charlie Morton,3TM,P,SP,41.0,33.0,-0.8,,,,,,,,142.0,27.0,0.0,5.83,69.0,4.96,1.577,149.0,15000000.0,16.058,False
2025,mountry01,Ryan Mountcastle,BAL,H,1B,28.0,89.0,0.1,357.0,7.0,3.0,0.25,0.286,0.367,84.0,,,,,,,,,6787000.0,4.61,False
2025,mullice01,Cedric Mullins,2TM,H,CF,30.0,133.0,0.5,498.0,17.0,22.0,0.216,0.299,0.391,94.0,,,,,,,,,8725000.0,5.453,False
2025,muncyma01,Max Muncy,LAD,H,3B,34.0,100.0,3.5,388.0,19.0,4.0,0.243,0.376,0.47,136.0,,,,,,,,,14500000.0,8.157,False
2025,munozan01,Andrés Muñoz,SEA,P,RP,26.0,64.0,2.5,,,,,,,,62.33,0,38.0,1.73,219.0,2.43,1.027,83.0,2687500.0,5.465,False
2025,murphse01,Sean Murphy,ATL,H,C,30.0,94.0,2.5,337.0,16.0,0.0,0.199,0.3,0.409,97.0,,,,,,,,,15000000.0,5.169,False
2025,myersda01,Dane Myers,MIA,H,CF,29.0,106.0,-0.1,333.0,6.0,18.0,0.235,0.291,0.326,72.0,,,,,,,,,760000,1.314,True
2025,myersto01,Tobias Myers,MIL,P,RP,26.0,22.0,0.6,,,,,,,,50.67,6.0,0.0,3.55,119.0,3.92,1.362,38.0,760000,1.0,True
2025,narvaca01,Carlos Narváez,BOS,H,C,26.0,118.0,2.8,446.0,15.0,1.0,0.241,0.306,0.419,100.0,,,,,,,,,,,False
2025,naylobo01,Bo Naylor,CLE,H,C,25.0,123.0,1.6,414.0,14.0,1.0,0.195,0.282,0.379,83.0,,,,,,,,,760000,1.657,True
2025,naylojo01,Josh Naylor,2TM,H,1B,28.0,147.0,3.0,604.0,20.0,30.0,0.295,0.353,0.462,129.0,,,,,,,,,10900000.0,5.738,False
2025,nelsory01,Ryne Nelson,ARI,P,SP,27.0,33.0,3.4,1.0,,,,,,,154.0,23.0,1.0,3.39,124.0,3.73,1.071,132.0,760000,2.116,True
2025,netoza01,Zach Neto,LAA,H,SS,24.0,128.0,5.3,554.0,26.0,26.0,0.257,0.319,0.474,121.0,,,,,,,,,,1.988,False
2025,newcose01,Sean Newcomb,2TM,P,RP,32.0,48.0,1.8,,,,,,,,92.33,5.0,2.0,2.73,156.0,3.04,1.354,91.0,,5.657,False
2025,nimmobr01,Brandon Nimmo,NYM,H,LF,32.0,155.0,2.8,652.0,25.0,13.0,0.262,0.324,0.436,114.0,,,,,,,,,20500000.0,8.244,False
2025,nolaaa01,Aaron Nola,PHI,P,SP,32.0,17.0,-0.3,,,,,,,,94.33,17.0,0.0,6.01,74.0,4.58,1.346,97.0,24571429.0,9.442,False
2025,nootbla01,Lars Nootbaar,STL,H,LF,27.0,135.0,1.4,583.0,13.0,4.0,0.234,0.325,0.361,97.0,,,,,,,,,2950000.0,3.442,False
2025,norbyco01,Connor Norby,MIA,H,3B,25.0,88.0,0.8,337.0,8.0,8.0,0.251,0.3,0.389,90.0,,,,,,,,,760000,1.0,True
2025,oberba01,Bailey Ober,MIN,P,SP,29.0,27.0,1.0,,,,,,,,146.33,27.0,0.0,5.1,83.0,4.9,1.298,120.0,3550000.0,3.541,False
2025,ohearry01,Ryan O'Hearn,2TM,H,1B,31.0,144.0,2.5,544.0,17.0,3.0,0.281,0.366,0.437,126.0,,,,,,,,,8000000.0,6.012,False
2025,ohopplo01,Logan O'Hoppe,LAA,H,C,25.0,119.0,0,451.0,19.0,2.0,0.213,0.258,0.371,75.0,,,,,,,,,760000,2.047,True
2025,ohtansh01,Shohei Ohtani,LAD,H,DH,30.0,158.0,7.7,727.0,55.0,20.0,0.282,0.392,0.622,179.0,47.0,14.0,0.0,2.87,145.0,1.9,1.043,62.0,28216944.0,7.0,False
2025,okertst01,Steven Okert,HOU,P,RP,33.0,68.0,1.5,,,,,,,,71.67,1.0,1.0,3.01,135.0,2.76,0.893,84.0,1200000.0,4.517,False
2025,olsonma02,Matt Olson,ATL,H,1B,31.0,162.0,6.2,724.0,29.0,1.0,0.272,0.366,0.484,137.0,,,,,,,,,22000000.0,7.599,False
2025,olsonre01,Reese Olson,DET,P,SP,25.0,13.0,1.7,,,,,,,,68.67,13.0,0.0,3.15,131.0,3.5,1.209,65.0,760000,1.715,True
2025,ortizjo06,Joey Ortiz,MIL,H,SS,26.0,149.0,0.2,506.0,7.0,14.0,0.23,0.276,0.317,66.0,,,,,,,,,760000,1.174,True
2025,ortizlu03,Luis Ortiz,CLE,P,SP,26.0,16.0,0.6,,,,,,,,88.67,16.0,0.0,4.36,95.0,4.18,1.376,96.0,760000,1.703,True
2025,ozunama01,Marcell Ozuna,ATL,H,DH,34.0,145.0,1.8,592.0,21.0,0.0,0.232,0.355,0.4,113.0,,,,,,,,,16000000.0,11.721,False
2025,paddach01,Chris Paddack,2TM,P,SP,29.0,33.0,0.2,,,,,,,,158.0,28.0,1.0,5.35,78.0,5.03,1.285,112.0,7500000.0,6.0,False
2025,paganem01,Emilio Pagán,CIN,P,RP,34.0,70.0,1.9,,,,,,,,68.67,0,32.0,2.88,152.0,3.72,0.917,81.0,8000000.0,7.529,False
2025,pagesan01,Andy Pages,LAD,H,CF,24.0,156.0,3.7,624.0,27.0,14.0,0.272,0.313,0.461,114.0,,,,,,,,,760000,1.0,True
2025,pagespe02,Pedro Pagés,STL,H,C,26.0,112.0,1.4,389.0,11.0,0.0,0.23,0.272,0.363,80.0,,,,,,,,,760000,1.0,True
2025,palenda01,Daniel Palencia,CHC,P,RP,25.0,54.0,0.6,,,,,,,,52.67,0,22.0,2.91,139.0,3.08,1.139,61.0,760000,1.523,True
2025,pallaan01,Andre Pallante,STL,P,SP,26.0,31.0,-1.2,,,,,,,,162.67,31.0,0.0,5.31,77.0,4.68,1.445,111.0,2100000.0,2.843,False
2025,paredis01,Isaac Paredes,HOU,H,3B,26.0,102.0,2.4,438.0,20.0,0.0,0.254,0.352,0.458,126.0,,,,,,,,,6625000.0,3.93,False
2025,parkemi01,Mitchell Parker,WSN,P,SP,25.0,33.0,-1.1,,,,,,,,164.67,30.0,1.0,5.68,74.0,4.99,1.433,103.0,760000,1.0,True
2025,pasquvi01,Vinnie Pasquantino,KCR,H,1B,27.0,160.0,2.4,682.0,32.0,1.0,0.264,0.323,0.475,118.0,,,,,,,,,760000,2.587,True
2025,patrich01,Chad Patrick,MIL,P,SP,26.0,27.0,2.0,,,,,,,,119.67,23.0,0.0,3.53,119.0,3.53,1.279,127.0,760000,,True
2025,pederjo01,Joc Pederson,TEX,H,DH,33.0,96.0,-0.3,306.0,9.0,2.0,0.181,0.285,0.328,77.0,,,,,,,,,15750000.0,10.163,False
2025,penaje02,Jeremy Peña,HOU,H,SS,27.0,125.0,5.7,543.0,17.0,20.0,0.304,0.363,0.477,135.0,,,,,,,,,4100000.0,3.0,False
2025,pepiory01,Ryan Pepiot,TBR,P,SP,27.0,31.0,2.1,,,,,,,,167.67,31.0,0.0,3.86,107.0,4.36,1.163,167.0,760000,2.029,True
2025,peralfr01,Freddy Peralta,MIL,P,SP,29.0,33.0,5.5,,,,,,,,176.67,33.0,0.0,2.7,155.0,3.64,1.075,204.0,8000000.0,6.523,False
2025,peralwa01,Wandy Peralta,SDP,P,RP,33.0,71.0,1.0,,,,,,,,71.67,1.0,0.0,3.14,134.0,3.62,1.34,63.0,4250000.0,7.977,False
2025,perdoge01,Geraldo Perdomo,ARI,H,SS,25.0,161.0,7.1,720.0,20.0,27.0,0.29,0.389,0.462,138.0,,,,,,,,,2550000.0,3.087,False
2025,perezeu02,Eury Pérez,MIA,P,SP,22.0,20.0,1.1,,,,,,,,95.33,20.0,0.0,4.25,102.0,3.67,1.049,105.0,760000,1.657,True
2025,perezma02,Martín Pérez,CHW,P,SP,34.0,11.0,1.3,,,,,,,,56.0,10.0,0.0,3.54,118.0,4.24,1.107,44.0,3500000.0,12.221,False
2025,perezsa02,Salvador Perez,KCR,H,C,35.0,155.0,0.5,641.0,30.0,0.0,0.236,0.284,0.446,99.0,,,,,,,,,22000000.0,13.291,False
2025,perezwe01,Wenceel Pérez,DET,H,RF,25.0,100.0,0.8,383.0,13.0,8.0,0.244,0.308,0.43,104.0,,,,,,,,,760000,1.0,True
2025,peterda01,David Peterson,NYM,P,SP,29.0,30.0,1.6,,,,,,,,168.67,30.0,0.0,4.22,96.0,3.48,1.37,150.0,4625000.0,4.517,False
2025,pfaadbr01,Brandon Pfaadt,ARI,P,SP,26.0,33.0,0.5,,,,,,,,176.67,33.0,0.0,5.25,80.0,4.22,1.33,147.0,799400.0,1.564,False
2025,phamth01,Tommy Pham,PIT,H,LF,37.0,120.0,0.9,449.0,10.0,5.0,0.245,0.33,0.37,93.0,,,,,,,,,4025000.0,9.535,False
2025,phillty01,Tyler Phillips,MIA,P,RP,27.0,54.0,1.7,,,,,,,,77.67,1.0,4.0,2.78,156.0,4.14,1.146,52.0,760000,,True
2025,pivetni01,Nick Pivetta,SDP,P,SP,32.0,31.0,5.0,,,,,,,,181.67,31.0,0.0,2.87,146.0,3.49,0.985,190.0,1750000.0,6.965,False
2025,polanjo01,Jorge Polanco,SEA,H,DH,31.0,138.0,2.5,524.0,26.0,6.0,0.265,0.326,0.495,133.0,,,,,,,,,7750000.0,8.14,False
2025,povicca01,Cade Povich,BAL,P,SP,25.0,22.0,-0.3,,,,,,,,112.33,20.0,0.0,5.21,77.0,4.18,1.496,118.0,760000,1.0,True
2025,priesqu01,Quinn Priester,MIL,P,SP,24.0,29.0,3.0,,,,,,,,157.33,24.0,0.0,3.32,126.0,4.01,1.239,132.0,760000,1.285,True
2025,profaju01,Jurickson Profar,ATL,H,LF,32.0,80.0,1.2,371.0,14.0,9.0,0.245,0.353,0.434,120.0,,,,,,,,,12000000.0,10.959,False
2025,quantca01,Cal Quantrill,2TM,P,SP,30.0,26.0,-0.7,,,,,,,,117.67,26.0,0.0,6.04,72.0,5.14,1.453,85.0,3500000.0,5.767,False
2025,queroed01,Edgar Quero,CHW,H,C,22.0,111.0,1.2,403.0,5.0,0.0,0.268,0.333,0.356,94.0,,,,,,,,,,,False
2025,quintjo01,Jose Quintana,MIL,P,SP,36.0,24.0,1.4,,,,,,,,131.67,24.0,0.0,3.96,106.0,4.81,1.291,89.0,2000000.0,12.773,False
2025,rafaece01,Ceddanne Rafaela,BOS,H,CF,24.0,156.0,4.9,587.0,16.0,20.0,0.249,0.295,0.414,95.0,,,,,,,,,1250000.0,1.203,False
2025,raganco01,Cole Ragans,KCR,P,SP,27.0,13.0,0.2,,,,,,,,61.67,13.0,0.0,4.67,90.0,2.5,1.184,98.0,1083333.0,2.169,False
2025,raleica01,Cal Raleigh,SEA,H,C,28.0,159.0,7.2,705.0,60.0,14.0,0.247,0.359,0.589,168.0,,,,,,,,,2666667.0,3.494,False
2025,ramirag01,Agustín Ramírez,MIA,H,C,23.0,136.0,-0.3,585.0,21.0,16.0,0.231,0.287,0.413,93.0,,,,,,,,,,,False
2025,ramirjo01,José Ramírez,CLE,H,3B,32.0,158.0,5.9,673.0,30.0,44.0,0.283,0.36,0.503,138.0,,,,,,,,,19000000.0,10.43,False
2025,ramoshe02,Heliot Ramos,SFG,H,LF,25.0,157.0,1.2,695.0,21.0,6.0,0.256,0.328,0.4,108.0,,,,,,,,,760000,1.756,True
2025,rasmudr01,Drew Rasmussen,TBR,P,SP,29.0,31.0,4.4,,,,,,,,150.0,31.0,0.0,2.76,150.0,3.84,1.02,127.0,2250000.0,4.645,False
2025,rayro02,Robbie Ray,SFG,P,SP,33.0,32.0,3.0,,,,,,,,182.33,32.0,0.0,3.65,109.0,3.93,1.212,186.0,,10.041,False
2025,reaco01,Colin Rea,CHC,P,SP,34.0,32.0,0.7,1.0,,,,,,,159.33,27.0,1.0,3.95,102.0,4.11,1.249,127.0,4250000.0,5.331,False
2025,realmjt01,J.T. Realmuto,PHI,H,C,34.0,134.0,2.5,550.0,12.0,8.0,0.257,0.315,0.384,91.0,,,,,,,,,23875000.0,10.221,False
2025,rengilu01,Luis Rengifo,LAA,H,3B,28.0,147.0,0.7,541.0,9.0,10.0,0.238,0.287,0.335,76.0,,,,,,,,,5950000.0,5.25,False
2025,reynobr01,Bryan Reynolds,PIT,H,RF,30.0,154.0,1.3,654.0,16.0,3.0,0.245,0.318,0.402,97.0,,,,,,,,,12250000.0,5.948,False
2025,ricebe01,Ben Rice,NYY,H,1B,26.0,138.0,2.2,530.0,26.0,3.0,0.255,0.337,0.499,128.0,,,,,,,,,760000,,True
2025,rileyau01,Austin Riley,ATL,H,3B,28.0,102.0,1.4,447.0,16.0,2.0,0.26,0.309,0.428,105.0,,,,,,,,,22000000.0,5.802,False
2025,roberlu01,Luis Robert Jr.,CHW,H,CF,27.0,110.0,1.4,431.0,14.0,33.0,0.223,0.297,0.364,85.0,,,,,,,,,15000000.0,5.0,False
2025,rocchbr01,Brayan Rocchio,CLE,H,SS,24.0,115.0,-0.2,383.0,5.0,8.0,0.233,0.29,0.34,76.0,,,,,,,,,760000,1.215,True
2025,rockeku01,Kumar Rocker,TEX,P,SP,25.0,14.0,-1.0,,,,,,,,64.33,14.0,0.0,5.74,66.0,4.88,1.461,56.0,760000,,True
2025,rodonca01,Carlos Rodón,NYY,P,SP,32.0,33.0,4.7,,,,,,,,195.33,33.0,0.0,3.09,134.0,3.78,1.049,203.0,27833333.0,9.977,False
2025,rodried05,Eduardo Rodríguez,ARI,P,SP,32.0,29.0,0.3,,,,,,,,154.33,29.0,0.0,5.02,84.0,4.57,1.542,143.0,20000000.0,9.407,False
2025,rodriju01,Julio Rodríguez,SEA,H,CF,24.0,160.0,6.6,710.0,32.0,30.0,0.267,0.324,0.474,127.0,,,,,,,,,20185714.0,3.0,False
2025,rodrira02,Randy Rodríguez,SFG,P,RP,25.0,50.0,2.0,,,,,,,,50.67,0,4.0,1.78,225.0,2.4,0.888,67.0,760000,1.0,True
2025,rodriya01,Yariel Rodríguez,TOR,P,RP,28.0,66.0,1.4,,,,,,,,73.0,1.0,2.0,3.08,140.0,4.4,1.151,66.0,6600000.0,1.0,False
2025,rogerta01,Taylor Rogers,2TM,P,RP,34.0,57.0,0.3,,,,,,,,50.67,0,0.0,3.38,127.0,4.38,1.382,53.0,12000000.0,8.843,False
2025,rogertr01,Trevor Rogers,BAL,P,SP,27.0,18.0,5.3,2.0,,,,,,,109.67,18.0,0.0,1.81,221.0,2.82,0.903,103.0,2600000.0,4.401,False
2025,rogerty01,Tyler Rogers,2TM,P,RP,34.0,81.0,2.4,,,,,,,,77.33,0,0.0,1.98,204.0,2.88,0.944,48.0,5250000.0,5.198,False
2025,rojasmi02,Miguel Rojas,LAD,H,2B,36.0,114.0,1.9,317.0,7.0,5.0,0.262,0.318,0.397,100.0,5.0,0,0.0,12.6,35.0,12.74,2.6,0.0,5000000.0,10.25,False
2025,romerjo01,JoJo Romero,STL,P,RP,28.0,65.0,1.7,,,,,,,,61.0,0,8.0,2.07,197.0,3.28,1.246,55.0,2260000.0,4.262,False
2025,rookebr01,Brent Rooker,ATH,H,DH,30.0,162.0,1.8,699.0,30.0,6.0,0.262,0.335,0.479,122.0,,,,,,,,,4000000.0,3.343,False
2025,rossjo01,Joe Ross,PHI,P,RP,32.0,37.0,0.1,,,,,,,,51.0,1.0,0.0,5.12,87.0,4.88,1.471,39.0,4000000.0,7.105,False
2025,rouppla01,Landen Roupp,SFG,P,SP,26.0,22.0,0.8,,,,,,,,106.67,22.0,0.0,3.8,105.0,3.91,1.481,102.0,760000,1.0,True
2025,rutleja01,Jackson Rutledge,WSN,P,RP,26.0,63.0,-0.5,,,,,,,,73.33,0,0.0,5.77,74.0,5.47,1.514,65.0,760000,1.11,True
2025,rutscad01,Adley Rutschman,BAL,H,C,27.0,90.0,1.9,365.0,9.0,0.0,0.22,0.307,0.366,91.0,,,,,,,,,5500000.0,3.0,False
2025,ryanjo04,Joe Ryan,MIN,P,SP,29.0,31.0,4.5,,,,,,,,171.0,30.0,0.0,3.42,124.0,3.74,1.035,194.0,3000000.0,3.192,False
2025,salech01,Chris Sale,ATL,P,SP,36.0,21.0,3.9,,,,,,,,125.67,20.0,0.0,2.58,163.0,2.67,1.066,165.0,22000000.0,14.355,False
2025,sanchcr01,Cristopher Sánchez,PHI,P,SP,28.0,32.0,8.1,,,,,,,,202.0,32.0,0.0,2.5,178.0,2.55,1.064,212.0,2000000.0,2.483,False
2025,sanchje02,Jesús Sánchez,2TM,H,RF,27.0,134.0,1.4,497.0,14.0,13.0,0.237,0.304,0.395,94.0,,,,,,,,,4500000.0,3.686,False
2025,sandsco01,Cole Sands,MIN,P,RP,27.0,69.0,0.4,,,,,,,,72.0,3.0,3.0,4.5,94.0,3.58,1.167,64.0,760000,2.099,True
2025,sanojja01,Javier Sanoja,MIA,H,3B,22.0,118.0,1.1,342.0,6.0,6.0,0.243,0.287,0.396,88.0,9.33,0,0.0,16.39,27.0,10.1,3.107,1.0,,,False
2025,santaca01,Carlos Santana,2TM,H,1B,39.0,124.0,1.2,474.0,11.0,7.0,0.219,0.308,0.325,78.0,,,,,,,,,12000000.0,14.669,False
2025,santade01,Dennis Santana,PIT,P,RP,29.0,70.0,2.7,,,,,,,,70.33,0,16.0,2.18,205.0,3.21,0.867,60.0,1400000.0,4.733,False
2025,santito01,Tony Santillan,CIN,P,RP,28.0,80.0,2.9,,,,,,,,73.67,0,7.0,2.44,179.0,3.72,1.113,75.0,760000,2.576,True
2025,schanno01,Nolan Schanuel,LAA,H,1B,23.0,132.0,1.6,564.0,12.0,5.0,0.264,0.353,0.389,111.0,,,,,,,,,760000,1.262,True
2025,scherma01,Max Scherzer,TOR,P,SP,40.0,17.0,0.3,,,,,,,,85.0,17.0,0.0,5.19,83.0,4.99,1.294,82.0,15500000.0,16.459,False
2025,schlica01,Cam Schlittler,NYY,P,SP,24.0,14.0,2.1,,,,,,,,73.0,14.0,0.0,2.96,140.0,3.74,1.219,84.0,760000,,True
2025,schmica01,Casey Schmitt,SFG,H,2B,26.0,95.0,0.6,348.0,12.0,0.0,0.237,0.305,0.401,101.0,,,,,,,,,760000,1.773,True
2025,schmicl01,Clarke Schmidt,NYY,P,SP,29.0,14.0,1.8,,,,,,,,78.67,14.0,0.0,3.32,125.0,3.95,1.093,73.0,3600000.0,3.86,False
2025,schneda04,Daniel Schneemann,CLE,H,2B,28.0,131.0,1.9,422.0,12.0,9.0,0.206,0.283,0.354,77.0,,,,,,,,,760000,1.0,True
2025,schrejo01,John Schreiber,KCR,P,RP,31.0,74.0,0.4,,,,,,,,64.0,0,1.0,3.8,111.0,4.17,1.188,62.0,2300000.0,4.157,False
2025,schwaky01,Kyle Schwarber,PHI,H,DH,32.0,162.0,4.6,724.0,56.0,10.0,0.24,0.365,0.563,150.0,,,,,,,,,20000000.0,9.5,False
2025,schwesp01,Spencer Schwellenbach,ATL,P,SP,25.0,17.0,2.2,,,,,,,,110.67,17.0,0.0,3.09,136.0,3.25,0.967,108.0,760000,1.0,True
2025,scottta01,Tanner Scott,LAD,P,RP,30.0,61.0,-0.6,,,,,,,,57.0,0,23.0,4.74,88.0,4.7,1.263,60.0,16000000.0,6.343,False
2025,scottvi01,Victor Scott II,STL,H,CF,24.0,138.0,2.2,463.0,5.0,34.0,0.216,0.305,0.296,73.0,,,,,,,,,760000,1.0,True
2025,seageco01,Corey Seager,TEX,H,SS,31.0,102.0,6.1,445.0,21.0,3.0,0.271,0.373,0.487,147.0,,,,,,,,,32500000.0,9.186,False
2025,searsjp01,JP Sears,2TM,P,SP,29.0,27.0,1.0,,,,,,,,135.67,27.0,0.0,5.04,85.0,5.21,1.319,117.0,760000,2.471,True
2025,semiema01,Marcus Semien,TEX,H,2B,34.0,127.0,3.2,534.0,15.0,11.0,0.23,0.305,0.364,93.0,,,,,,,,,26000000.0,10.686,False
2025,sengako01,Kodai Senga,NYM,P,SP,32.0,22.0,2.3,,,,,,,,113.33,22.0,0.0,3.02,135.0,4.12,1.315,109.0,15000000.0,2.0,False
2025,senzaan01,Antonio Senzatela,COL,P,SP,30.0,30.0,-0.6,,,,,,,,130.0,23.0,0.0,6.65,73.0,5.48,1.838,73.0,12000000.0,7.616,False
2025,severlu01,Luis Severino,ATH,P,SP,31.0,29.0,1.5,,,,,,,,162.67,29.0,0.0,4.54,95.0,4.11,1.303,124.0,20000000.0,8.988,False
2025,seymoia01,Ian Seymour,TBR,P,RP,26.0,19.0,-0.1,,,,,,,,57.0,5.0,0.0,3.63,115.0,3.19,1.175,64.0,760000,,True
2025,shawma01,Matt Shaw,CHC,H,3B,23.0,126.0,3.0,437.0,13.0,17.0,0.226,0.295,0.394,95.0,,,,,,,,,760000,,True
2025,sheehem01,Emmet Sheehan,LAD,P,SP,25.0,15.0,1.1,,,,,,,,73.33,12.0,0.0,2.82,147.0,2.93,0.968,89.0,760000,1.465,True
2025,sheetga01,Gavin Sheets,SDP,H,LF,29.0,145.0,0.8,545.0,19.0,2.0,0.252,0.317,0.429,107.0,,,,,,,,,,3.442,False
2025,simpsch01,Chandler Simpson,TBR,H,CF,24.0,109.0,0.3,441.0,0.0,44.0,0.295,0.326,0.345,88.0,,,,,,,,,760000,,True
2025,singebr01,Brady Singer,CIN,P,SP,28.0,32.0,3.0,,,,,,,,169.67,32.0,0.0,4.03,108.0,3.98,1.238,163.0,8750000.0,4.907,False
2025,skenepa01,Paul Skenes,PIT,P,SP,23.0,32.0,8.0,,,,,,,,187.67,32.0,0.0,1.97,226.0,2.36,0.948,216.0,760000,1.0,True
2025,skubata01,Tarik Skubal,DET,P,SP,28.0,31.0,6.4,,,,,,,,195.33,31.0,0.0,2.21,185.0,2.45,0.891,241.0,10150000.0,4.663,False
2025,smithca06,Cade Smith,CLE,P,RP,26.0,76.0,0.8,,,,,,,,73.67,0,16.0,2.93,142.0,1.95,1.005,104.0,760000,1.0,True
2025,smithca07,Cam Smith,HOU,H,RF,22.0,134.0,2.0,493.0,9.0,8.0,0.236,0.312,0.358,89.0,,,,,,,,,760000,,True
2025,smithjo11,Josh Smith,TEX,H,SS,27.0,144.0,2.9,563.0,10.0,12.0,0.251,0.335,0.366,103.0,,,,,,,,,760000,2.75,True
2025,smithsh02,Shane Smith,CHW,P,SP,25.0,29.0,2.4,,,,,,,,146.33,29.0,0.0,3.81,109.0,4.1,1.196,145.0,760000,,True
2025,smithwi05,Will Smith,LAD,H,C,30.0,110.0,4.4,436.0,17.0,2.0,0.296,0.404,0.497,152.0,,,,,,,,,16000000.0,5.523,False
2025,snellbl01,Blake Snell,LAD,P,SP,32.0,11.0,1.4,,,,,,,,61.33,11.0,0.0,2.35,177.0,2.69,1.255,72.0,28436867.0,8.419,False
2025,soderty01,Tyler Soderstrom,ATH,H,LF,23.0,158.0,3.8,624.0,25.0,8.0,0.276,0.346,0.474,124.0,,,,,,,,,760000,1.465,True
2025,solerjo01,Jorge Soler,LAA,H,RF,33.0,82.0,-0.3,315.0,12.0,0.0,0.215,0.293,0.387,91.0,,,,,,,,,,9.831,False
2025,soriajo02,José Soriano,LAA,P,SP,26.0,31.0,2.0,,,,,,,,169.0,31.0,0.0,4.26,95.0,3.73,1.396,152.0,760000,2.703,True
2025,sorokmi01,Michael Soroka,2TM,P,SP,27.0,22.0,0.6,,,,,,,,89.67,17.0,0.0,4.52,94.0,4.23,1.126,95.0,9000000.0,6.052,False
2025,sosale01,Lenyn Sosa,CHW,H,2B,25.0,140.0,0.7,544.0,22.0,2.0,0.264,0.293,0.434,101.0,,,,,,,,,760000,1.523,True
2025,sotogr01,Gregory Soto,2TM,P,RP,30.0,70.0,-0.1,,,,,,,,60.33,0,1.0,4.18,97.0,3.42,1.425,70.0,5350000.0,5.593,False
2025,sotoju01,Juan Soto,NYM,H,RF,26.0,160.0,6.1,715.0,43.0,38.0,0.263,0.396,0.525,160.0,,,,,,,,,51875000.0,6.779,False
2025,sousabe01,Bennett Sousa,HOU,P,RP,30.0,44.0,1.3,,,,,,,,50.67,0,4.0,2.84,144.0,2.72,1.026,59.0,760000,1.907,True
2025,speiega01,Gabe Speier,SEA,P,RP,30.0,76.0,1.4,,,,,,,,62.0,0,0.0,2.61,145.0,2.31,0.871,82.0,845000.0,3.0,False
2025,spencmi01,Mitch Spence,ATH,P,RP,27.0,32.0,-0.3,,,,,,,,84.67,8.0,1.0,5.1,85.0,5.1,1.441,66.0,760000,1.0,True
2025,springe01,George Springer,TOR,H,DH,35.0,140.0,4.8,586.0,32.0,18.0,0.309,0.399,0.56,160.0,,,,,,,,,24166666.0,10.965,False
2025,sprinje01,Jeffrey Springs,ATH,P,SP,32.0,32.0,2.5,,,,,,,,171.0,30.0,0.0,4.11,105.0,4.65,1.211,138.0,10500000.0,6.32,False
2025,stanery01,Ryne Stanek,NYM,P,RP,33.0,65.0,-0.9,,,,,,,,56.0,0,3.0,5.3,77.0,4.4,1.571,58.0,4500000.0,7.221,False
2025,steersp01,Spencer Steer,CIN,H,1B,27.0,146.0,0.7,568.0,21.0,7.0,0.238,0.312,0.411,99.0,,,,,,,,,760000,2.203,True
2025,stephty01,Tyler Stephenson,CIN,H,C,28.0,88.0,1.3,342.0,13.0,0.0,0.231,0.316,0.421,103.0,,,,,,,,,4925000.0,4.326,False
2025,sternju01,Justin Sterner,ATH,P,RP,28.0,59.0,1.8,,,,,,,,65.0,1.0,0.0,3.18,136.0,4.27,1.046,70.0,760000,1.0,True
2025,storytr01,Trevor Story,BOS,H,SS,32.0,157.0,4.1,654.0,25.0,31.0,0.263,0.308,0.433,104.0,,,,,,,,,22500000.0,9.0,False
2025,stottbr01,Bryson Stott,PHI,H,2B,27.0,147.0,2.2,560.0,13.0,24.0,0.257,0.328,0.391,96.0,,,,,,,,,3200000.0,3.0,False
2025,stoweky01,Kyle Stowers,MIA,H,LF,27.0,117.0,3.7,457.0,25.0,5.0,0.288,0.368,0.544,150.0,,,,,,,,,760000,1.448,True
2025,strahma01,Matt Strahm,PHI,P,RP,33.0,66.0,2.0,,,,,,,,62.33,0,6.0,2.74,163.0,2.99,1.075,70.0,7500000.0,8.372,False
2025,stridsp01,Spencer Strider,ATL,P,SP,26.0,23.0,0.9,,,,,,,,125.33,23.0,0.0,4.45,94.0,4.53,1.396,131.0,4000000.0,3.017,False
2025,suareeu01,Eugenio Suárez,2TM,H,3B,33.0,159.0,3.6,657.0,49.0,4.0,0.228,0.298,0.526,127.0,,,,,,,,,15000000.0,10.355,False
2025,suarera01,Ranger Suarez,PHI,P,SP,29.0,26.0,4.8,,,,,,,,157.33,26.0,0.0,3.2,139.0,3.21,1.22,151.0,8800000.0,5.651,False
2025,suarero01,Robert Suarez,SDP,P,RP,34.0,70.0,2.1,,,,,,,,69.67,0,40.0,2.97,141.0,2.88,0.904,75.0,10000000.0,3.0,False
2025,suganto01,Tomoyuki Sugano,BAL,P,SP,35.0,30.0,1.1,,,,,,,,157.0,30.0,0.0,4.64,86.0,5.36,1.331,106.0,13000000.0,0.0,False
2025,suterbr01,Brent Suter,CIN,P,RP,35.0,48.0,0.3,,,,,,,,67.67,3.0,0.0,4.52,97.0,4.57,1.286,53.0,2750000.0,7.936,False
2025,suzukse01,Seiya Suzuki,CHC,H,DH,30.0,151.0,2.6,651.0,32.0,5.0,0.245,0.326,0.478,125.0,,,,,,,,,19000000.0,3.0,False
2025,svansma01,Matt Svanson,STL,P,RP,26.0,39.0,1.7,,,,,,,,60.33,0,0.0,1.94,210.0,2.72,0.878,68.0,760000,,True
2025,swansda01,Dansby Swanson,CHC,H,SS,31.0,159.0,4.5,645.0,24.0,20.0,0.244,0.3,0.417,102.0,,,,,,,,,28000000.0,8.273,False
2025,sweentr01,Trey Sweeney,DET,H,SS,25.0,118.0,-0.8,326.0,6.0,3.0,0.196,0.258,0.291,54.0,,,,,,,,,760000,,True
2025,taillja01,Jameson Taillon,CHC,P,SP,33.0,23.0,1.4,,,,,,,,129.67,23.0,0.0,3.68,109.0,4.65,1.057,98.0,18000000.0,8.64,False
2025,tatisfe02,Fernando Tatis Jr.,SDP,H,RF,26.0,155.0,6.1,691.0,25.0,32.0,0.268,0.368,0.446,127.0,,,,,,,,,20714285.0,5.698,False
2025,tauchmi01,Mike Tauchman,CHW,H,RF,34.0,93.0,1.9,385.0,9.0,0.0,0.263,0.356,0.4,112.0,,,,,,,,,1950000.0,4.831,False
2025,taylomi02,Michael A. Taylor,CHW,H,CF,34.0,134.0,0.1,325.0,9.0,8.0,0.2,0.259,0.366,73.0,,,,,,,,,1950000.0,9.75,False
2025,tayloty01,Tyrone Taylor,NYM,H,CF,31.0,113.0,1.0,341.0,2.0,12.0,0.223,0.279,0.319,70.0,,,,,,,,,3025000.0,4.541,False
2025,tellero01,Rowdy Tellez,2TM,H,1B,30.0,112.0,-0.5,312.0,17.0,1.0,0.228,0.276,0.443,103.0,2.0,0,0.0,13.5,34.0,11.14,2.5,0.0,1500000.0,6.023,False
2025,thielca01,Caleb Thielbar,CHC,P,RP,38.0,67.0,1.1,,,,,,,,58.0,0,1.0,2.64,153.0,3.0,0.879,56.0,2750000.0,6.762,False
2025,thomaal01,Alek Thomas,ARI,H,CF,25.0,143.0,0.2,469.0,9.0,7.0,0.249,0.289,0.37,83.0,,,,,,,,,760000,2.767,True
2025,toglimi01,Michael Toglia,COL,H,1B,26.0,88.0,-1.6,337.0,11.0,3.0,0.19,0.258,0.353,61.0,,,,,,,,,760000,1.599,True
2025,topaju01,Justin Topa,MIN,P,RP,34.0,54.0,0.4,,,,,,,,60.0,1.0,4.0,3.9,109.0,3.04,1.433,49.0,1000000.0,4.256,False
2025,torkesp01,Spencer Torkelson,DET,H,1B,25.0,155.0,2.4,649.0,31.0,2.0,0.24,0.333,0.456,119.0,,,,,,,,,760000,2.797,True
2025,torregl01,Gleyber Torres,DET,H,2B,28.0,145.0,3.0,628.0,16.0,4.0,0.256,0.358,0.387,110.0,,,,,,,,,15000000.0,6.942,False
2025,tovarez01,Ezequiel Tovar,COL,H,SS,23.0,95.0,0.6,390.0,9.0,5.0,0.253,0.294,0.4,83.0,,,,,,,,,4214285.0,2.081,False
2025,trevijo01,Jose Trevino,CIN,H,C,32.0,93.0,-0.1,302.0,4.0,0.0,0.238,0.272,0.351,72.0,2.33,0,0.0,3.86,130.0,3.56,2.143,1.0,3425000.0,5.366,False
2025,triolja01,Jared Triolo,PIT,H,SS,27.0,107.0,2.1,376.0,7.0,13.0,0.227,0.311,0.356,84.0,1.0,0,0.0,0.0,,19.14,4.0,0.0,760000,1.453,True
2025,troutmi01,Mike Trout,LAA,H,DH,33.0,130.0,1.7,556.0,26.0,2.0,0.232,0.359,0.439,125.0,,,,,,,,,37116666.0,13.407,False
2025,tuckeky01,Kyle Tucker,CHC,H,RF,28.0,136.0,4.5,597.0,22.0,25.0,0.266,0.377,0.464,138.0,,,,,,,,,16500000.0,5.459,False
2025,turanbr02,Brice Turang,MIL,H,2B,25.0,156.0,5.5,659.0,18.0,24.0,0.288,0.359,0.435,121.0,,,,,,,,,,1.959,False
2025,turnetr01,Trea Turner,PHI,H,SS,32.0,141.0,5.4,639.0,15.0,36.0,0.304,0.355,0.457,121.0,,,,,,,,,27272727.0,8.785,False
2025,ucetaed01,Edwin Uceta,TBR,P,RP,27.0,70.0,0.7,,,,,,,,76.0,0,1.0,3.79,110.0,3.69,1.171,103.0,,2.279,False
2025,urenajo01,José Ureña,5TM,P,RP,33.0,19.0,0.4,,,,,,,,55.0,6.0,1.0,4.58,94.0,5.21,1.455,34.0,,8.262,False
2025,uriaslu01,Luis Urías,ATH,H,2B,28.0,96.0,0.3,330.0,8.0,2.0,0.23,0.315,0.338,81.0,,,,,,,,,1100000.0,5.14,False
2025,uriasra01,Ramón Urías,2TM,H,3B,31.0,112.0,2.2,391.0,11.0,3.0,0.241,0.292,0.384,90.0,,,,,,,,,3150000.0,4.145,False
2025,uribeab01,Abner Uribe,MIL,P,RP,25.0,75.0,2.7,,,,,,,,75.33,0,7.0,1.67,251.0,2.75,1.035,90.0,760000,1.5,True
2025,valdefr01,Framber Valdez,HOU,P,SP,31.0,31.0,3.5,,,,,,,,192.0,31.0,0.0,3.66,111.0,3.37,1.245,187.0,18000000.0,5.948,False
2025,vargaca01,Carlos Vargas,SEA,P,RP,25.0,70.0,0,,,,,,,,77.0,0,1.0,3.97,95.0,4.59,1.351,54.0,760000,1.814,True
2025,vargami01,Miguel Vargas,CHW,H,3B,25.0,138.0,1.9,569.0,16.0,6.0,0.234,0.316,0.401,100.0,,,,,,,,,760000,1.826,True
2025,varlalo01,Louis Varland,2TM,P,RP,27.0,74.0,1.7,,,,,,,,72.67,1.0,0.0,2.97,144.0,3.14,1.197,75.0,760000,1.628,True
2025,vasilmi01,Mike Vasil,CHW,P,RP,25.0,47.0,2.9,,,,,,,,101.0,3.0,4.0,2.5,166.0,4.32,1.248,82.0,760000,,True
2025,vasqura02,Randy Vásquez,SDP,P,SP,26.0,28.0,2.2,,,,,,,,133.67,26.0,0.0,3.84,109.0,4.85,1.324,78.0,760000,1.238,True
2025,vaughan01,Andrew Vaughn,2TM,H,1B,27.0,112.0,-0.5,447.0,14.0,0.0,0.254,0.307,0.411,99.0,,,,,,,,,5850000.0,4.0,False
2025,verlaju01,Justin Verlander,SFG,P,SP,42.0,29.0,1.3,,,,,,,,152.0,29.0,0.0,3.85,103.0,3.85,1.362,137.0,15000000.0,19.012,False
2025,vesiaal01,Alex Vesia,LAD,P,RP,29.0,68.0,1.1,,,,,,,,59.67,0,5.0,3.02,138.0,3.77,0.989,80.0,2250000.0,4.453,False
2025,vestwi01,Will Vest,DET,P,RP,30.0,64.0,1.6,,,,,,,,68.67,0,23.0,3.01,137.0,2.71,1.209,75.0,1400000.0,3.581,False
2025,vientma01,Mark Vientos,NYM,H,3B,25.0,121.0,-0.3,463.0,17.0,1.0,0.233,0.289,0.413,97.0,,,,,,,,,760000,1.767,True
2025,vodnivi01,Victor Vodnik,COL,P,RP,25.0,52.0,1.8,,,,,,,,50.67,0,10.0,3.02,162.0,3.77,1.401,49.0,760000,1.14,True
2025,volpean01,Anthony Volpe,NYY,H,SS,24.0,153.0,1.6,596.0,19.0,18.0,0.212,0.272,0.391,81.0,,,,,,,,,760000,2.0,True
2025,wachami01,Michael Wacha,KCR,P,SP,33.0,31.0,2.8,,,,,,,,172.67,31.0,0.0,3.86,109.0,3.66,1.222,126.0,18000000.0,11.36,False
2025,wagamer01,Eric Wagaman,MIA,H,1B,27.0,140.0,-0.3,514.0,9.0,4.0,0.25,0.296,0.378,86.0,,,,,,,,,760000,,True
2025,waldrhu01,Hurston Waldrep,ATL,P,SP,23.0,10.0,1.4,,,,,,,,56.33,9.0,0.0,2.88,146.0,3.21,1.189,55.0,760000,1.0,True
2025,walkech02,Christian Walker,HOU,H,1B,34.0,154.0,0.3,640.0,27.0,2.0,0.238,0.297,0.421,99.0,,,,,,,,,20000000.0,6.721,False
2025,walkejo02,Jordan Walker,STL,H,RF,23.0,111.0,-1.7,396.0,6.0,10.0,0.215,0.278,0.306,67.0,,,,,,,,,760000,1.866,True
2025,walkery01,Ryan Walker,SFG,P,RP,29.0,68.0,0.1,,,,,,,,61.33,0,17.0,4.11,97.0,3.3,1.272,60.0,760000,1.791,True
2025,walketa01,Taijuan Walker,PHI,P,SP,32.0,34.0,1.5,,,,,,,,123.67,21.0,1.0,4.08,109.0,5.07,1.407,86.0,18000000.0,10.826,False
2025,wallnma01,Matt Wallner,MIN,H,RF,27.0,104.0,0.6,392.0,22.0,4.0,0.202,0.311,0.464,112.0,,,,,,,,,760000,1.645,True
2025,wallsta01,Taylor Walls,TBR,H,SS,28.0,101.0,2.5,317.0,4.0,14.0,0.22,0.28,0.319,67.0,,,,,,,,,1350000.0,3.535,False
2025,waltebr01,Brandon Walter,HOU,P,SP,28.0,9.0,1.3,,,,,,,,53.67,9.0,0.0,3.35,122.0,4.01,0.932,52.0,760000,1.314,True
2025,wardta01,Taylor Ward,LAA,H,LF,31.0,157.0,3.0,663.0,36.0,4.0,0.228,0.317,0.475,120.0,,,,,,,,,7825000.0,4.953,False
2025,warrewi01,Will Warren,NYY,P,SP,26.0,33.0,0.6,,,,,,,,162.33,33.0,0.0,4.44,93.0,4.07,1.374,171.0,760000,,True
2025,weavelu01,Luke Weaver,NYY,P,RP,31.0,64.0,0.8,,,,,,,,64.67,0,8.0,3.62,115.0,3.89,1.021,72.0,2500000.0,7.651,False
2025,webbja01,Jacob Webb,TEX,P,RP,31.0,55.0,0.3,,,,,,,,66.0,0,1.0,3.0,126.0,4.3,1.03,58.0,1250000.0,4.267,False
2025,webblo01,Logan Webb,SFG,P,SP,28.0,34.0,4.2,,,,,,,,207.0,34.0,0.0,3.22,124.0,2.6,1.237,224.0,12000000.0,5.256,False
2025,weissgr01,Greg Weissert,BOS,P,RP,30.0,72.0,1.0,,,,,,,,67.0,0,4.0,2.82,147.0,3.67,1.164,57.0,760000,1.512,True
2025,wellsau01,Austin Wells,NYY,H,C,25.0,126.0,0.1,448.0,21.0,5.0,0.219,0.275,0.436,93.0,,,,,,,,,760000,1.18,True
2025,wentzjo01,Joey Wentz,3TM,P,RP,27.0,39.0,-0.4,,,,,,,,98.0,13.0,0.0,5.6,77.0,4.06,1.561,92.0,760000,1.965,True
2025,westbjo01,Jordan Westburg,BAL,H,3B,26.0,85.0,1.6,352.0,17.0,1.0,0.265,0.313,0.457,115.0,,,,,,,,,760000,1.57,True
2025,wheelza01,Zack Wheeler,PHI,P,SP,35.0,24.0,5.1,,,,,,,,149.67,24.0,0.0,2.71,164.0,3.0,0.935,195.0,42000000.0,11.57,False
2025,whitlga01,Garrett Whitlock,BOS,P,RP,29.0,62.0,2.3,,,,,,,,72.0,0,1.0,2.25,185.0,2.18,1.083,91.0,5500000.0,4.0,False
2025,willide03,Devin Williams,NYY,P,RP,30.0,67.0,-0.3,,,,,,,,62.0,0,18.0,4.79,87.0,2.68,1.129,90.0,8600000.0,5.326,False
2025,williga01,Gavin Williams,CLE,P,SP,25.0,31.0,3.6,,,,,,,,167.67,31.0,0.0,3.06,135.0,4.39,1.27,173.0,760000,1.599,True
2025,willitr01,Trevor Williams,WSN,P,SP,33.0,17.0,-0.5,,,,,,,,82.67,17.0,0.0,6.21,68.0,4.13,1.536,65.0,7000000.0,8.157,False
2025,wilsoja05,Jacob Wilson,ATH,H,SS,23.0,125.0,2.6,523.0,13.0,5.0,0.311,0.355,0.444,119.0,,,,,,,,,760000,0.424,True
2025,wilsost02,Steven Wilson,CHW,P,RP,30.0,59.0,1.2,,,,,,,,55.33,0,2.0,3.42,122.0,4.29,1.301,51.0,,3.0,False
2025,winnma01,Masyn Winn,STL,H,SS,23.0,129.0,2.2,537.0,9.0,9.0,0.253,0.31,0.363,92.0,,,,,,,,,760000,1.262,True
2025,wittbo02,Bobby Witt Jr.,KCR,H,SS,25.0,157.0,7.1,687.0,23.0,38.0,0.295,0.351,0.501,134.0,,,,,,,,,8111111.0,3.0,False
2025,woobr01,Bryan Woo,SEA,P,SP,25.0,30.0,4.3,,,,,,,,186.67,30.0,0.0,2.94,128.0,3.47,0.927,198.0,760000,1.703,True
2025,woodja03,James Wood,WSN,H,LF,22.0,157.0,3.6,689.0,31.0,15.0,0.256,0.35,0.475,130.0,,,,,,,,,760000,,True
2025,woodrbr01,Brandon Woodruff,MIL,P,SP,32.0,12.0,1.2,,,,,,,,64.67,12.0,0.0,3.2,131.0,3.17,0.912,83.0,5000000.0,6.936,False
2025,woodssi01,Simeon Woods Richardson,MIN,P,SP,24.0,23.0,2.1,,,,,,,,111.33,22.0,0.0,4.04,105.0,4.52,1.275,107.0,760000,1.035,True
2025,wroblju01,Justin Wrobleski,LAD,P,RP,24.0,24.0,-0.1,,,,,,,,66.67,2.0,2.0,4.32,96.0,2.93,1.23,76.0,760000,,True
2025,yamamyo01,Yoshinobu Yamamoto,LAD,P,SP,26.0,30.0,4.9,,,,,,,,173.67,30.0,0.0,2.49,167.0,2.94,0.99,201.0,14166666.0,1.0,False
2025,yarbrry01,Ryan Yarbrough,NYY,P,RP,33.0,19.0,0.7,,,,,,,,64.0,8.0,1.0,4.36,95.0,5.04,1.203,55.0,2000000.0,6.68,False
2025,yastrmi01,Mike Yastrzemski,2TM,H,RF,34.0,146.0,2.7,558.0,17.0,7.0,0.233,0.333,0.403,108.0,1.0,0,0.0,18.0,31.0,9.14,3.0,0.0,9250000.0,5.744,False
2025,yelicch01,Christian Yelich,MIL,H,DH,33.0,150.0,3.0,644.0,29.0,16.0,0.264,0.343,0.452,121.0,,,,,,,,,26000000.0,11.401,False
2025,youngbr01,Brandon Young,BAL,P,SP,26.0,12.0,-0.7,,,,,,,,57.67,12.0,0.0,6.24,64.0,5.35,1.543,47.0,,,False
2025,youngja03,Jacob Young,WSN,H,CF,25.0,120.0,1.3,364.0,2.0,15.0,0.231,0.296,0.287,66.0,,,,,,,,,760000,1.215,True
2025,zeferry01,Ryan Zeferjahn,LAA,P,RP,27.0,62.0,0.5,,,,,,,,57.0,1.0,2.0,4.74,86.0,5.36,1.474,73.0,760000,,True
2025,zerpaan01,Angel Zerpa,KCR,P,RP,25.0,69.0,0.3,,,,,,,,64.67,2.0,0.0,4.18,101.0,3.86,1.376,58.0,760000,2.477,True
2026,abbotan01,Andrew Abbott,CIN,P,SP,27.0,32.0,1.4,,,,,,,,166.0,32.0,0.0,4.61,91.0,4.93,1.452,131.0,780000,2.692,True
2026,abramcj01,CJ Abrams,WSN,H,SS,25.0,152.0,5.1,654.0,33.0,34.0,0.261,0.336,0.497,127.0,,,,,,,,,4200000.0,3.756,False
2026,abreubr01,Bryan Abreu,HOU,P,RP,29.0,66.0,1.0,,,,,,,,62.67,0,9.0,3.73,111.0,4.62,1.356,80.0,5850000.0,5.128,False
2026,abreuwi02,Wilyer Abreu,BOS,H,RF,27.0,157.0,5.9,681.0,24.0,8.0,0.248,0.327,0.446,117.0,,,,,,,,,780000,2.238,True
2026,acunaro01,Ronald Acuña Jr.,ATL,H,RF,28.0,107.0,1.9,469.0,20.0,21.0,0.255,0.345,0.451,118.0,,,,,,,,,17000000.0,7.924,False
2026,adamewi01,Willy Adames,SFG,H,SS,30.0,121.0,1.7,505.0,21.0,5.0,0.23,0.289,0.424,100.0,,,,,,,,,13142857.0,7.61,False
2026,adamstr01,Travis Adams,MIN,P,RP,26.0,40.0,0.4,,,,,,,,59.0,0,3.0,4.58,93.0,4.03,1.322,62.0,780000,,True
2026,adelljo01,Jo Adell,2TM,H,RF,27.0,159.0,0.5,660.0,23.0,5.0,0.24,0.298,0.401,98.0,,,,,,,,,5200000.0,4.494,False
2026,agnosza01,Zach Agnos,COL,P,RP,25.0,41.0,0.1,,,,,,,,91.0,3.0,2.0,5.93,84.0,4.57,1.505,58.0,780000,,True
2026,albieoz01,Ozzie Albies,ATL,H,2B,29.0,162.0,1.4,683.0,22.0,4.0,0.237,0.293,0.392,87.0,,,,,,,,,4000000.0,8.36,False
2026,alcansa01,Sandy Alcantara,MIA,P,SP,30.0,36.0,2.9,,,,,,,,214.0,33.0,3.0,3.87,104.0,4.08,1.229,153.0,17300000.0,7.581,False
2026,alexaty01,Tyler Alexander,TEX,P,RP,31.0,75.0,0.5,,,,,,,,73.0,5.0,4.0,3.7,105.0,3.1,1.315,60.0,1125000.0,6.064,False
2026,alonspe01,Pete Alonso,BAL,H,1B,31.0,161.0,4.9,700.0,43.0,5.0,0.267,0.363,0.522,149.0,,,,,,,,,21000000.0,7.0,False
2026,altuvjo01,Jose Altuve,HOU,H,2B,36.0,135.0,0,573.0,16.0,5.0,0.25,0.306,0.395,97.0,,,,,,,,,33000000.0,14.419,False
2026,alvaran01,Andrew Alvarez,WSN,P,SP,27.0,25.0,2.5,,,,,,,,112.67,17.0,1.0,3.43,125.0,3.32,1.296,114.0,780000,,True
2026,alvarel01,Elvis Alvarado,ATH,P,RP,27.0,56.0,1.1,,,,,,,,55.33,0,6.0,3.9,114.0,4.56,1.247,65.0,,,False
2026,alvarfr01,Francisco Alvarez,NYM,H,C,24.0,113.0,0.5,420.0,16.0,0.0,0.233,0.311,0.399,99.0,,,,,,,,,2400000.0,2.953,False
2026,alvarjo03,José Alvarado,PHI,P,RP,31.0,68.0,-0.4,,,,,,,,58.33,0,1.0,5.86,77.0,3.82,1.646,70.0,500000.0,8.052,False
2026,alvaryo01,Yordan Alvarez,HOU,H,DH,29.0,158.0,6.8,692.0,42.0,1.0,0.316,0.432,0.601,190.0,,,,,,,,,26833333.0,6.657,False
2026,anderdr02,Drew Anderson,DET,P,RP,32.0,49.0,1.3,,,,,,,,108.0,11.0,2.0,3.67,115.0,4.28,1.269,114.0,7000000.0,0.663,False
2026,andergr01,Grant Anderson,MIL,P,RP,29.0,52.0,0.4,,,,,,,,59.0,0,0.0,3.36,125.0,4.32,1.119,52.0,780000,2.483,True
2026,antonsa01,Sam Antonacci,CHW,H,LF,23.0,140.0,2.5,557.0,8.0,20.0,0.277,0.37,0.396,116.0,,,,,,,,,780000,,True
2026,antonte01,Tejay Antone,CIN,P,RP,32.0,58.0,1.2,,,,,,,,55.0,0,1.0,3.11,135.0,3.76,1.091,57.0,,6.0,False
2026,arandjo01,Jonathan Aranda,TBR,H,1B,28.0,155.0,2.2,668.0,22.0,0.0,0.274,0.358,0.434,121.0,,,,,,,,,780000,2.599,True
2026,arenano01,Nolan Arenado,ARI,H,3B,35.0,152.0,3.4,599.0,30.0,4.0,0.255,0.331,0.475,122.0,,,,,,,,,27000000.0,12.901,False
2026,arozara01,Randy Arozarena,SEA,H,LF,31.0,154.0,5.7,670.0,26.0,26.0,0.281,0.381,0.484,148.0,,,,,,,,,15650000.0,5.75,False
2026,arraelu01,Luis Arraez,2TM,H,2B,29.0,151.0,2.9,655.0,6.0,10.0,0.31,0.345,0.419,113.0,,,,,,,,,12000000.0,6.703,False
2026,arrigsp01,Spencer Arrighetti,2TM,P,SP,26.0,24.0,0,,,,,,,,110.67,19.0,0.0,4.96,85.0,5.44,1.383,106.0,780000,2.0,True
2026,ashbyaa01,Aaron Ashby,MIL,P,RP,28.0,75.0,1.3,,,,,,,,89.33,1.0,4.0,3.12,134.0,3.11,1.31,116.0,5700000.0,3.512,False
2026,ashcrbr01,Braxton Ashcraft,PIT,P,SP,26.0,28.0,3.5,,,,,,,,165.33,28.0,0.0,3.65,120.0,3.5,1.089,173.0,780000,,True
2026,assadja01,Javier Assad,CHC,P,RP,28.0,28.0,1.1,,,,,,,,94.33,11.0,2.0,3.63,117.0,4.92,1.145,63.0,1800000.0,3.157,False
2026,avilalu02,Luinder Avila,KCR,P,SP,24.0,21.0,-0.1,,,,,,,,70.0,12.0,0.0,5.53,76.0,4.54,1.614,61.0,,,False
2026,bachala01,Lake Bachar,2TM,P,RP,31.0,53.0,1.5,,,,,,,,86.67,12.0,2.0,3.43,121.0,4.32,1.119,93.0,780000,,True
2026,bailepa01,Patrick Bailey,2TM,H,C,27.0,112.0,0.9,345.0,10.0,3.0,0.206,0.272,0.335,72.0,,,,,,,,,780000,2.791,True
2026,bakerbr01,Bryan Baker,TBR,P,RP,31.0,65.0,2.9,,,,,,,,62.33,0,41.0,1.44,295.0,3.07,0.914,63.0,1275000.0,3.285,False
2026,baldwdr01,Drake Baldwin,ATL,H,C,25.0,138.0,3.9,615.0,25.0,3.0,0.284,0.358,0.459,124.0,,,,,,,,,780000,,True
2026,ballemo01,Moisés Ballesteros,2TM,H,DH,22.0,104.0,-0.8,352.0,9.0,1.0,0.215,0.281,0.331,72.0,,,,,,,,,,,False
2026,barnema02,Mason Barnett,ATH,P,RP,25.0,20.0,-0.6,,,,,,,,50.0,6.0,2.0,7.02,64.0,6.66,1.66,50.0,780000,,True
2026,basalsa01,Samuel Basallo,BAL,H,C,21.0,112.0,1.6,399.0,18.0,0.0,0.222,0.291,0.406,96.0,,,,,,,,,1625000.0,0.25,False
2026,bassich01,Chris Bassitt,BAL,P,SP,37.0,20.0,0.6,,,,,,,,102.0,18.0,0.0,4.59,89.0,4.31,1.549,74.0,18500000.0,9.756,False
2026,batybr01,Brett Baty,NYM,H,3B,26.0,143.0,1.5,473.0,11.0,5.0,0.236,0.309,0.371,91.0,,,,,,,,,,3.128,False
2026,bauerja01,Jake Bauers,MIL,H,1B,30.0,144.0,3.3,578.0,26.0,11.0,0.266,0.389,0.484,140.0,,,,,,,,,2700000.0,5.488,False
2026,bazared01,Eduard Bazardo,SEA,P,RP,30.0,73.0,0.2,,,,,,,,67.33,0,1.0,4.01,98.0,4.73,1.455,70.0,780000,2.977,True
2026,bazsh01,Shane Baz,BAL,P,SP,27.0,31.0,1.4,,,,,,,,179.67,31.0,0.0,4.11,99.0,3.62,1.347,154.0,1800000.0,3.919,False
2026,bazzatr01,Travis Bazzana,CLE,H,2B,23.0,124.0,2.7,517.0,15.0,19.0,0.245,0.335,0.408,110.0,,,,,,,,,780000,,True
2026,beavedy01,Dylan Beavers,BAL,H,LF,24.0,104.0,-0.5,363.0,9.0,5.0,0.228,0.307,0.373,93.0,,,,,,,,,780000,,True
2026,bednada01,David Bednar,NYY,P,RP,31.0,64.0,1.9,,,,,,,,69.33,0,35.0,2.47,171.0,2.61,1.038,76.0,9000000.0,5.442,False
2026,bellico01,Cody Bellinger,NYY,H,LF,30.0,132.0,4.6,562.0,17.0,12.0,0.264,0.338,0.429,113.0,,,,,,,,,42500000.0,8.93,False
2026,belljo02,Josh Bell,MIN,H,DH,33.0,154.0,0.7,631.0,21.0,2.0,0.255,0.319,0.419,106.0,,,,,,,,,5750000.0,9.308,False
2026,bellobr01,Brayan Bello,BOS,P,RP,27.0,26.0,0.3,,,,,,,,116.33,11.0,1.0,4.33,94.0,3.97,1.367,92.0,6166667.0,3.477,False
2026,bengeca01,Carson Benge,NYM,H,RF,23.0,156.0,4.3,654.0,20.0,22.0,0.282,0.346,0.43,118.0,,,,,,,,,780000,,True
2026,beninan01,Andrew Benintendi,CHW,H,DH,31.0,141.0,0.1,468.0,15.0,1.0,0.24,0.302,0.413,99.0,,,,,,,,,17100000.0,9.36,False
2026,benneja01,Jake Bennett,BOS,P,SP,25.0,20.0,1.5,,,,,,,,113.33,19.0,0.0,3.65,112.0,3.51,1.103,91.0,780000,,True
2026,bernabr01,Brennan Bernardino,COL,P,RP,34.0,74.0,2.1,,,,,,,,64.0,2.0,2.0,2.81,178.0,3.52,1.156,49.0,925000.0,2.89,False
2026,bettsmo01,Mookie Betts,LAD,H,SS,33.0,123.0,3.9,528.0,23.0,2.0,0.257,0.326,0.454,113.0,,,,,,,,,30416667.0,11.407,False
2026,bibeeta01,Tanner Bibee,CLE,P,SP,27.0,33.0,1.9,,,,,,,,188.0,33.0,0.0,4.36,94.0,4.52,1.223,148.0,4400000.0,3.0,False
2026,bichebo01,Bo Bichette,NYM,H,3B,28.0,160.0,0.7,696.0,18.0,2.0,0.26,0.312,0.39,97.0,,,,,,,,,42000000.0,6.366,False
2026,biebesh01,Shane Bieber,TOR,P,SP,31.0,11.0,0.6,,,,,,,,55.67,11.0,0.0,4.37,101.0,5.15,1.419,44.0,,7.564,False
2026,blackpa01,Paul Blackburn,NYY,P,RP,32.0,62.0,3.1,,,,,,,,85.0,2.0,1.0,1.69,248.0,3.75,1.094,69.0,2000000.0,6.105,False
2026,bledajj01,JJ Bleday,CIN,H,LF,28.0,133.0,1.2,545.0,24.0,6.0,0.217,0.324,0.416,105.0,,,,,,,,,1400000.0,3.169,False
2026,blubaaj01,AJ Blubaugh,HOU,P,RP,25.0,64.0,1.1,,,,,,,,96.0,0,1.0,3.66,113.0,4.31,1.229,94.0,780000,,True
2026,bogaexa01,Xander Bogaerts,SDP,H,SS,33.0,153.0,2.2,606.0,13.0,22.0,0.231,0.332,0.344,90.0,,,,,,,,,25454546.0,12.244,False
2026,bohmal01,Alec Bohm,PHI,H,3B,29.0,155.0,-0.2,629.0,15.0,2.0,0.249,0.315,0.383,87.0,,,,,,,,,10200000.0,5.616,False
2026,boltehe01,Henry Bolte,ATH,H,CF,22.0,119.0,3.3,473.0,11.0,21.0,0.277,0.359,0.405,110.0,,,,,,,,,780000,,True
2026,bowlajo01,Jonathan Bowlan,PHI,P,RP,29.0,59.0,1.3,,,,,,,,56.33,0,2.0,3.36,135.0,3.37,1.03,73.0,780000,2.076,True
2026,boydma01,Matthew Boyd,CHC,P,SP,35.0,22.0,1.0,,,,,,,,126.67,22.0,0.0,3.91,108.0,4.21,1.208,96.0,17000000.0,9.331,False
2026,bradiky01,Kyle Bradish,BAL,P,SP,29.0,29.0,0.8,,,,,,,,155.0,29.0,0.0,4.12,99.0,4.36,1.458,142.0,3550000.0,3.93,False
2026,bradlta01,Taj Bradley,MIN,P,SP,25.0,31.0,4.4,,,,,,,,178.33,31.0,0.0,3.73,113.0,3.82,1.222,205.0,780000,2.663,True
2026,brazohu01,Huascar Brazobán,2TM,P,RP,36.0,60.0,1.5,,,,,,,,67.0,6.0,0.0,2.96,139.0,3.74,1.09,56.0,1050000.0,2.988,False
2026,bregmal01,Alex Bregman,CHC,H,3B,32.0,155.0,5.8,702.0,28.0,3.0,0.265,0.355,0.464,124.0,,,,,,,,,26287079.0,9.407,False
2026,brownbe02,Ben Brown,CHC,P,RP,26.0,20.0,2.2,,,,,,,,68.0,8.0,1.0,1.85,228.0,2.5,0.941,65.0,780000,2.0,True
2026,brownhu01,Hunter Brown,HOU,P,SP,27.0,20.0,2.4,,,,,,,,107.33,20.0,0.0,3.19,129.0,3.77,1.267,124.0,5710000.0,3.203,False
2026,brubajt01,JT Brubaker,SFG,P,RP,32.0,41.0,0.4,,,,,,,,60.33,1.0,2.0,3.58,112.0,4.28,1.243,39.0,1820000.0,5.942,False
2026,bruihju01,Justin Bruihl,STL,P,RP,29.0,73.0,0.1,,,,,,,,77.67,0,0.0,3.71,106.0,3.95,1.326,53.0,,,False
2026,bubickr01,Kris Bubic,2TM,P,SP,28.0,14.0,1.1,,,,,,,,55.0,9.0,0.0,3.76,113.0,3.54,1.2,56.0,6150000.0,5.785,False
2026,buehlwa01,Walker Buehler,SDP,P,SP,31.0,32.0,0.9,,,,,,,,153.67,32.0,0.0,4.63,88.0,4.51,1.347,131.0,,7.977,False
2026,burgeja01,Jake Burger,TEX,H,1B,30.0,155.0,2.0,620.0,28.0,4.0,0.228,0.302,0.421,108.0,,,,,,,,,3200000.0,3.738,False
2026,burkebr01,Brock Burke,CIN,P,RP,29.0,77.0,1.3,,,,,,,,74.33,0,2.0,2.3,182.0,3.76,1.265,74.0,2325000.0,5.262,False
2026,burkese01,Sean Burke,CHW,P,SP,26.0,32.0,4.2,,,,,,,,172.33,27.0,0.0,3.34,126.0,3.62,1.195,185.0,780000,,True
2026,burleal01,Alec Burleson,STL,H,1B,27.0,160.0,3.7,670.0,26.0,4.0,0.279,0.343,0.473,131.0,,,,,,,,,3300000.0,3.169,False
2026,burnsch01,Chase Burns,CIN,P,SP,23.0,29.0,4.7,,,,,,,,154.33,29.0,0.0,2.86,146.0,3.24,1.166,185.0,785000.0,0.564,False
2026,burromi01,Mike Burrows,HOU,P,SP,26.0,18.0,-1.0,,,,,,,,94.67,17.0,0.0,5.99,69.0,5.64,1.553,75.0,780000,,True
2026,buschmi02,Michael Busch,CHC,H,1B,28.0,160.0,1.6,710.0,20.0,3.0,0.242,0.352,0.393,106.0,,,,,,,,,780000,2.262,True
2026,butlela01,Lawrence Butler,ATH,H,RF,25.0,154.0,0.2,539.0,17.0,10.0,0.237,0.326,0.394,98.0,,,,,,,,,3428572.0,2.186,False
2026,buxtoby01,Byron Buxton,MIN,H,CF,32.0,93.0,3.4,408.0,25.0,7.0,0.254,0.319,0.511,129.0,,,,,,,,,15142857.0,9.93,False
2026,cabaljo01,José Caballero,NYY,H,SS,29.0,136.0,2.2,456.0,14.0,34.0,0.231,0.29,0.365,81.0,,,,,,,,,2000000.0,2.988,False
2026,cabreed02,Edward Cabrera,CHC,P,SP,28.0,18.0,-1.4,,,,,,,,80.0,15.0,0.0,5.96,71.0,5.35,1.488,71.0,4450000.0,3.855,False
2026,caglija01,Jac Caglianone,KCR,H,RF,23.0,143.0,3.2,553.0,23.0,7.0,0.289,0.34,0.494,132.0,,,,,,,,,780000,,True
2026,caissow01,Owen Caissie,MIA,H,RF,23.0,108.0,-0.2,330.0,14.0,5.0,0.22,0.288,0.412,96.0,,,,,,,,,780000,,True
2026,camerno01,Noah Cameron,KCR,P,SP,26.0,31.0,2.0,,,,,,,,177.33,30.0,0.0,4.11,102.0,3.92,1.229,158.0,780000,,True
2026,caminju01,Junior Caminero,TBR,H,3B,22.0,162.0,5.7,702.0,42.0,3.0,0.276,0.36,0.524,144.0,,,,,,,,,780000,2.058,True
2026,cannigr01,Griffin Canning,SDP,P,RP,30.0,30.0,-0.5,,,,,,,,88.67,11.0,0.0,5.68,72.0,4.75,1.523,87.0,1000000.0,6.436,False
2026,cantijo01,Joey Cantillo,CLE,P,SP,26.0,33.0,1.6,,,,,,,,159.0,30.0,0.0,3.62,114.0,3.98,1.415,171.0,780000,,True
2026,canzodo01,Dominic Canzone,SEA,H,DH,28.0,146.0,2.7,533.0,23.0,2.0,0.264,0.336,0.484,134.0,,,,,,,,,780000,2.506,True
2026,caratvi01,Victor Caratini,MIN,H,C,32.0,106.0,-0.1,382.0,7.0,0.0,0.22,0.312,0.315,77.0,,,,,,,,,7000000.0,8.297,False
2026,carrico01,Cole Carrigg,COL,H,CF,24.0,93.0,1.2,372.0,12.0,11.0,0.279,0.341,0.477,112.0,,,,,,,,,780000,,True
2026,carroco02,Corbin Carroll,ARI,H,RF,25.0,156.0,4.9,671.0,22.0,21.0,0.239,0.328,0.467,120.0,,,,,,,,,10625000.0,3.221,False
2026,carteev01,Evan Carter,TEX,H,CF,23.0,141.0,1.9,455.0,9.0,17.0,0.194,0.288,0.315,76.0,,,,,,,,,780000,2.14,True
2026,castilu02,Luis Castillo,2TM,P,SP,33.0,29.0,-1.5,,,,,,,,130.67,23.0,0.0,5.85,68.0,5.04,1.492,112.0,24150000.0,8.587,False
2026,castrwi01,Willi Castro,COL,H,2B,29.0,120.0,1.0,477.0,15.0,10.0,0.26,0.331,0.417,95.0,,,,,,,,,6400000.0,6.099,False
2026,cavalca01,Cade Cavalli,WSN,P,SP,27.0,32.0,3.7,,,,,,,,169.67,32.0,0.0,3.02,142.0,3.25,1.155,200.0,862500.0,2.82,False
2026,ceasedy01,Dylan Cease,TOR,P,SP,30.0,29.0,5.5,,,,,,,,169.0,29.0,0.0,2.4,184.0,2.56,1.101,239.0,20904511.0,6.517,False
2026,ceccosl01,Slade Cecconi,CLE,P,SP,27.0,28.0,0.1,,,,,,,,121.0,21.0,0.0,4.91,84.0,4.55,1.43,99.0,780000,2.25,True
2026,chandbu01,Bubba Chandler,PIT,P,SP,23.0,31.0,1.2,,,,,,,,154.0,30.0,0.0,4.62,95.0,4.24,1.403,140.0,780000,,True
2026,chapmar01,Aroldis Chapman,BOS,P,RP,38.0,53.0,1.9,,,,,,,,51.67,0,35.0,1.92,214.0,2.5,1.123,71.0,13000000.0,15.052,False
2026,chapmma01,Matt Chapman,SFG,H,3B,33.0,84.0,2.7,352.0,7.0,0.0,0.235,0.324,0.368,97.0,,,,,,,,,25166666.0,8.634,False
2026,chishja01,Jazz Chisholm Jr.,NYY,H,2B,28.0,137.0,1.7,532.0,19.0,41.0,0.231,0.312,0.399,97.0,,,,,,,,,10200000.0,5.436,False
2026,chourja01,Jackson Chourio,MIL,H,LF,22.0,127.0,4.9,573.0,25.0,23.0,0.291,0.351,0.487,129.0,,,,,,,,,7250000.0,2.0,False
2026,churcna01,Nathan Church,STL,H,CF,25.0,142.0,1.7,470.0,10.0,10.0,0.247,0.29,0.364,86.0,,,,,,,,,780000,,True
2026,civalaa01,Aaron Civale,2TM,P,RP,31.0,34.0,1.4,,,,,,,,111.33,15.0,2.0,4.2,104.0,4.65,1.437,91.0,6000000.0,6.337,False
2026,clarkta01,Taylor Clarke,ARI,P,RP,33.0,71.0,1.2,,,,,,,,73.0,2.0,0.0,2.96,140.0,3.85,1.0,45.0,1550000.0,5.86,False
2026,clemeer01,Ernie Clement,TOR,H,2B,30.0,158.0,1.1,621.0,9.0,7.0,0.259,0.285,0.364,78.0,,,,,,,,,4600000.0,3.977,False
2026,clemeko01,Kody Clemens,MIN,H,2B,30.0,145.0,2.7,583.0,27.0,10.0,0.239,0.298,0.46,109.0,,,,,,,,,,3.203,False
2026,colege01,Gerrit Cole,NYY,P,SP,35.0,22.0,2.7,,,,,,,,127.0,22.0,0.0,3.61,116.0,3.93,1.102,131.0,36000000.0,12.645,False
2026,colliis01,Isaac Collins,KCR,H,LF,28.0,145.0,0.4,519.0,6.0,8.0,0.213,0.32,0.321,82.0,,,,,,,,,780000,,True
2026,confomi01,Michael Conforto,CHC,H,DH,33.0,113.0,0.7,314.0,15.0,1.0,0.24,0.331,0.469,118.0,,,,,,,,,,9.25,False
2026,coningr01,Griffin Conine,MIA,H,RF,28.0,94.0,2.1,323.0,19.0,4.0,0.264,0.353,0.493,137.0,,,,,,,,,780000,,True
2026,contrwi01,Willson Contreras,BOS,H,1B,34.0,130.0,4.6,535.0,27.0,3.0,0.275,0.386,0.516,153.0,,,,,,,,,18000000.0,9.628,False
2026,contrwi02,William Contreras,MIL,H,C,28.0,147.0,2.9,640.0,18.0,1.0,0.27,0.341,0.417,108.0,,,,,,,,,9400000.0,4.651,False
2026,corbipa01,Patrick Corbin,TOR,P,SP,36.0,19.0,-0.2,,,,,,,,80.0,15.0,1.0,5.51,80.0,4.64,1.538,63.0,1000000.0,13.61,False
2026,corteca01,Carlos Cortes,ATH,H,LF,29.0,124.0,-1.4,381.0,10.0,2.0,0.251,0.318,0.397,96.0,9.33,0,0.0,10.61,43.0,11.03,2.464,1.0,780000,,True
2026,cowseco01,Colton Cowser,BAL,H,CF,26.0,142.0,2.5,392.0,13.0,10.0,0.226,0.317,0.37,95.0,,,,,,,,,780000,2.25,True
2026,crawfjp01,J.P. Crawford,SEA,H,SS,31.0,116.0,0.9,489.0,14.0,1.0,0.221,0.335,0.352,99.0,,,,,,,,,12000000.0,7.948,False
2026,crawfju01,Justin Crawford,PHI,H,CF,22.0,149.0,-0.2,465.0,3.0,17.0,0.264,0.309,0.353,78.0,,,,,,,,,780000,,True
2026,crewsdy01,Dylan Crews,WSN,H,RF,24.0,109.0,0.7,443.0,13.0,12.0,0.223,0.289,0.374,82.0,,,,,,,,,780000,,True
2026,croneja01,Jake Cronenworth,SDP,H,2B,32.0,109.0,0.1,425.0,7.0,9.0,0.225,0.308,0.321,77.0,,,,,,,,,12285714.0,6.0,False
2026,crowape01,Pete Crow-Armstrong,CHC,H,CF,24.0,162.0,9.8,726.0,45.0,41.0,0.28,0.372,0.57,156.0,,,,,,,,,894000.0,1.988,False
2026,cruzfe01,Fernando Cruz,NYY,P,RP,36.0,61.0,1.2,,,,,,,,54.67,0,2.0,3.13,135.0,4.18,1.335,67.0,1450000.0,3.203,False
2026,cruzon01,Oneil Cruz,PIT,H,CF,27.0,97.0,2.8,419.0,20.0,30.0,0.28,0.368,0.486,131.0,,,,,,,,,3300000.0,3.64,False
2026,cruzst01,Steven Cruz,KCR,P,RP,27.0,56.0,0.3,,,,,,,,58.67,2.0,8.0,4.3,98.0,5.16,1.261,65.0,780000,2.198,True
2026,degroja01,Jacob deGrom,TEX,P,SP,38.0,31.0,1.7,,,,,,,,162.67,31.0,0.0,4.2,92.0,3.11,1.137,201.0,38000000.0,11.808,False
2026,delacel01,Elly De La Cruz,CIN,H,SS,24.0,143.0,5.6,636.0,30.0,30.0,0.283,0.365,0.515,142.0,,,,,,,,,780000,2.686,True
2026,delauch01,Chase DeLauter,CLE,H,RF,24.0,133.0,3.5,559.0,16.0,11.0,0.287,0.363,0.457,131.0,,,,,,,,,780000,,True
2026,delosen01,Enyel De Los Santos,HOU,P,RP,30.0,66.0,-0.3,,,,,,,,71.33,0,5.0,4.79,86.0,4.11,1.248,67.0,1600000.0,5.087,False
2026,delucjo01,Jonny DeLuca,TBR,H,RF,27.0,112.0,1.7,370.0,11.0,17.0,0.266,0.3,0.429,101.0,,,,,,,,,780000,2.494,True
2026,detmere01,Reid Detmers,LAA,P,SP,26.0,32.0,4.2,,,,,,,,185.0,32.0,0.0,3.36,120.0,3.01,1.038,211.0,2625000.0,3.924,False
2026,deverra01,Rafael Devers,SFG,H,1B,29.0,148.0,3.6,633.0,37.0,0.0,0.258,0.34,0.525,142.0,,,,,,,,,29500000.0,8.407,False
2026,diazya01,Yandy Díaz,TBR,H,DH,34.0,154.0,2.4,686.0,22.0,3.0,0.293,0.359,0.446,124.0,,,,,,,,,,7.709,False
2026,diazya02,Yainer Diaz,HOU,H,C,27.0,98.0,1.7,361.0,14.0,0.0,0.285,0.313,0.459,116.0,,,,,,,,,4500000.0,3.203,False
2026,dingldi01,Dillon Dingler,DET,H,C,27.0,145.0,4.2,607.0,27.0,0.0,0.243,0.302,0.446,107.0,,,,,,,,,780000,,True
2026,dobbihu01,Hunter Dobbins,STL,P,SP,26.0,11.0,0.7,,,,,,,,54.0,8.0,1.0,3.67,108.0,4.3,1.352,52.0,780000,,True
2026,dobnara01,Randy Dobnak,KCR,P,SP,31.0,15.0,1.3,,,,,,,,74.33,13.0,0.0,3.51,120.0,4.22,1.399,49.0,,4.302,False
2026,dominse01,Seranthony Domínguez,2TM,P,RP,31.0,67.0,1.0,,,,,,,,62.0,0,12.0,3.63,114.0,4.54,1.242,65.0,10000000.0,7.762,False
2026,dovalca01,Camilo Doval,3TM,P,RP,28.0,66.0,-0.3,,,,,,,,60.67,0,1.0,4.15,104.0,4.21,1.484,66.0,6100000.0,4.413,False
2026,dreyeja01,Jack Dreyer,LAD,P,RP,27.0,67.0,1.3,,,,,,,,64.67,3.0,2.0,3.2,132.0,3.41,1.098,73.0,,,False
2026,drohash01,Shane Drohan,MIL,P,SP,27.0,33.0,0.5,,,,,,,,124.67,19.0,2.0,4.19,100.0,3.73,1.324,125.0,780000,,True
2026,dubonma01,Mauricio Dubón,ATL,H,LF,31.0,153.0,2.7,619.0,12.0,10.0,0.276,0.321,0.399,98.0,,,,,,,,,6100000.0,5.942,False
2026,duranez01,Ezequiel Durán,TEX,H,3B,27.0,153.0,4.2,597.0,17.0,12.0,0.26,0.32,0.419,114.0,,,,,,,,,1375000.0,3.308,False
2026,duranja01,Jarren Duran,BOS,H,LF,29.0,151.0,0.4,608.0,20.0,21.0,0.207,0.266,0.361,76.0,,,,,,,,,7700000.0,3.901,False
2026,duranjh01,Jhoan Duran,PHI,P,RP,28.0,61.0,3.4,,,,,,,,59.33,0,33.0,1.82,249.0,1.42,0.994,84.0,7500000.0,4.0,False
2026,durbica01,Caleb Durbin,BOS,H,3B,26.0,153.0,4.4,586.0,13.0,20.0,0.248,0.332,0.378,101.0,,,,,,,,,780000,,True
2026,earlyco01,Connelly Early,2TM,P,SP,24.0,18.0,1.9,,,,,,,,94.67,18.0,0.0,3.33,123.0,4.54,1.225,94.0,780000,,True
2026,edmanto01,Tommy Edman,LAD,H,2B,31.0,84.0,1.6,331.0,8.0,7.0,0.247,0.329,0.385,97.0,,,,,,,,,12040000.0,6.663,False
2026,edwarxa01,Xavier Edwards,MIA,H,2B,26.0,142.0,3.0,595.0,6.0,21.0,0.28,0.36,0.371,108.0,,,,,,,,,780000,2.302,True
2026,elderbr01,Bryce Elder,ATL,P,SP,27.0,26.0,1.2,,,,,,,,149.0,26.0,0.0,4.11,103.0,4.62,1.268,121.0,,3.233,False
2026,eldribr01,Bryce Eldridge,SFG,H,DH,21.0,107.0,2.1,448.0,17.0,1.0,0.269,0.364,0.461,133.0,,,,,,,,,780000,,True
2026,eovalna01,Nathan Eovaldi,TEX,P,SP,36.0,27.0,1.2,,,,,,,,145.67,23.0,0.0,4.2,92.0,4.19,1.215,144.0,29000000.0,14.076,False
2026,ewingaj01,A.J. Ewing,NYM,H,CF,21.0,120.0,3.1,492.0,11.0,25.0,0.252,0.324,0.376,97.0,,,,,,,,,780000,,True
2026,farrimi01,Mitch Farris,LAA,P,RP,25.0,33.0,0.4,,,,,,,,60.0,0,1.0,4.05,100.0,4.67,1.483,63.0,780000,,True
2026,fauchca01,Calvin Faucher,MIA,P,RP,30.0,69.0,0.5,,,,,,,,68.33,0,3.0,3.56,113.0,2.95,1.317,73.0,1800000.0,2.907,False
2026,feddeer01,Erick Fedde,CHW,P,RP,33.0,33.0,2.0,,,,,,,,141.0,15.0,0.0,3.83,110.0,5.01,1.355,99.0,,6.576,False
2026,feltnry01,Ryan Feltner,COL,P,SP,29.0,26.0,1.1,,,,,,,,123.33,22.0,0.0,5.4,92.0,5.06,1.508,92.0,2450000.0,3.413,False
2026,fermijo01,José Fermín,STL,H,LF,27.0,118.0,0.5,370.0,6.0,8.0,0.248,0.309,0.355,90.0,,,,,,,,,780000,2.407,True
2026,fermijo02,José Fermin,LAA,P,RP,24.0,53.0,0.3,,,,,,,,53.67,0,1.0,3.86,105.0,3.86,1.379,62.0,,,False
2026,ferrejo01,Jose A. Ferrer,SEA,P,RP,26.0,73.0,0.2,,,,,,,,64.67,0,3.0,4.18,94.0,4.09,1.469,54.0,780000,2.547,True
2026,festama01,Matt Festa,CLE,P,RP,33.0,66.0,0.4,,,,,,,,66.67,0,1.0,3.78,109.0,3.61,1.305,69.0,1000000.0,2.89,False
2026,finneky01,Kyle Finnegan,DET,P,RP,34.0,63.0,0.3,,,,,,,,60.67,0,2.0,4.3,98.0,5.43,1.665,47.0,9500000.0,6.0,False
2026,fishebr02,Braydon Fisher,TOR,P,RP,25.0,75.0,1.2,,,,,,,,75.67,10.0,1.0,3.21,138.0,4.38,1.269,74.0,780000,,True
2026,flaheja01,Jack Flaherty,DET,P,SP,30.0,20.0,-0.1,,,,,,,,88.33,19.0,0.0,4.48,94.0,4.05,1.392,103.0,10000000.0,8.035,False
2026,fluhama01,Mason Fluharty,TOR,P,RP,24.0,83.0,1.2,,,,,,,,62.67,4.0,1.0,3.3,134.0,3.66,1.245,65.0,780000,,True
2026,forteni01,Nick Fortes,TBR,H,C,29.0,109.0,0.8,323.0,6.0,0.0,0.258,0.304,0.376,89.0,,,,,,,,,2535000.0,3.866,False
2026,francty01,Ty France,SDP,H,1B,31.0,133.0,4.5,500.0,21.0,1.0,0.295,0.363,0.502,139.0,,,,,,,,,,6.517,False
2026,freelky01,Kyle Freeland,COL,P,SP,33.0,26.0,-0.4,,,,,,,,135.33,26.0,0.0,6.65,75.0,5.09,1.522,108.0,16000000.0,8.837,False
2026,freemfr01,Freddie Freeman,LAD,H,1B,36.0,153.0,2.7,657.0,16.0,7.0,0.288,0.362,0.43,118.0,,,,,,,,,27000000.0,15.192,False
2026,frelisa01,Sal Frelick,MIL,H,RF,26.0,111.0,-0.5,384.0,4.0,7.0,0.23,0.295,0.319,70.0,,,,,,,,,780000,2.419,True
2026,friedma01,Max Fried,NYY,P,SP,32.0,20.0,3.7,,,,,,,,112.67,20.0,0.0,2.8,150.0,2.65,0.994,104.0,14500000.0,7.86,False
2026,fuentdi01,Didier Fuentes,ATL,P,RP,21.0,58.0,2.3,,,,,,,,73.33,1.0,3.0,2.45,172.0,2.6,1.105,92.0,,,False
2026,fundeko01,Kody Funderburk,MIN,P,RP,29.0,58.0,0.9,,,,,,,,51.0,0,1.0,3.71,115.0,3.65,1.373,49.0,780000,2.203,True
2026,gaddihu01,Hunter Gaddis,CLE,P,RP,28.0,68.0,1.6,,,,,,,,60.33,0,1.0,2.98,138.0,3.96,1.276,57.0,780000,2.424,True
2026,galleza01,Zac Gallen,ARI,P,SP,30.0,22.0,-1.7,,,,,,,,105.33,20.0,0.0,6.07,68.0,5.34,1.547,64.0,16199618.0,6.581,False
2026,garcibr02,Brandyn Garcia,ARI,P,RP,26.0,57.0,2.0,,,,,,,,51.33,0,5.0,1.93,216.0,2.58,0.74,60.0,780000,,True
2026,garcilu04,Luis García Jr.,2TM,H,1B,26.0,147.0,2.8,543.0,30.0,5.0,0.277,0.309,0.521,125.0,,,,,,,,,6875000.0,4.826,False
2026,garcima01,Maikel Garcia,KCR,H,3B,26.0,82.0,2.2,344.0,3.0,5.0,0.268,0.334,0.381,102.0,,,,,,,,,4200000.0,2.977,False
2026,garciri01,Rico Garcia,BAL,P,RP,32.0,75.0,1.5,,,,,,,,67.0,0,10.0,3.09,132.0,3.89,0.97,68.0,,5.715,False
2026,gassero01,Robert Gasser,MIL,P,SP,27.0,21.0,1.3,,,,,,,,109.33,20.0,0.0,3.87,108.0,4.24,1.189,103.0,780000,2.0,True
2026,gausmke01,Kevin Gausman,2TM,P,SP,35.0,32.0,1.1,,,,,,,,177.67,32.0,0.0,4.51,97.0,3.74,1.272,184.0,23000000.0,11.878,False
2026,gelofza01,Zack Gelof,ATH,H,3B,26.0,111.0,3.5,435.0,22.0,16.0,0.256,0.322,0.475,116.0,,,,,,,,,780000,2.465,True
2026,gibsoca01,Cade Gibson,MIA,P,RP,28.0,47.0,-0.7,,,,,,,,50.33,1.0,0.0,5.36,75.0,4.0,1.391,44.0,780000,,True
2026,gilbedr01,Drew Gilbert,SFG,H,CF,25.0,134.0,1.7,393.0,11.0,3.0,0.238,0.33,0.394,106.0,,,,,,,,,780000,,True
2026,gilbelo01,Logan Gilbert,SEA,P,SP,29.0,32.0,3.3,,,,,,,,186.0,32.0,0.0,3.73,105.0,3.83,1.086,205.0,10927000.0,4.837,False
2026,gimenan01,Andrés Giménez,TOR,H,SS,27.0,148.0,1.1,508.0,9.0,20.0,0.244,0.291,0.359,78.0,,,,,,,,,15571428.0,5.616,False
2026,ginkeke01,Kevin Ginkel,ARI,P,RP,32.0,74.0,0.3,,,,,,,,67.67,0,3.0,4.12,101.0,3.5,1.123,72.0,2750000.0,5.192,False
2026,ginnjt01,J.T. Ginn,ATH,P,SP,27.0,27.0,3.4,,,,,,,,138.33,24.0,0.0,3.71,120.0,4.38,1.236,121.0,780000,,True
2026,glasnty01,Tyler Glasnow,LAD,P,SP,32.0,13.0,1.8,,,,,,,,74.0,13.0,0.0,3.53,120.0,2.74,0.946,98.0,32500000.0,8.919,False
2026,goldspa01,Paul Goldschmidt,NYY,H,1B,38.0,105.0,1.3,380.0,18.0,1.0,0.252,0.313,0.452,111.0,,,,,,,,,4000000.0,14.343,False
2026,gomezyo01,Yoendrys Gómez,2TM,P,RP,26.0,65.0,0.7,,,,,,,,67.0,0,22.0,4.3,99.0,4.4,1.448,65.0,780000,2.058,True
2026,gonzani01,Nick Gonzales,PIT,H,3B,27.0,148.0,1.6,608.0,6.0,7.0,0.303,0.367,0.388,107.0,,,,,,,,,780000,2.273,True
2026,goodmhu01,Hunter Goodman,COL,H,C,26.0,138.0,2.6,574.0,41.0,5.0,0.245,0.31,0.529,115.0,,,,,,,,,780000,2.209,True
2026,gordota01,Tanner Gordon,COL,P,SP,28.0,24.0,-0.2,,,,,,,,103.67,12.0,0.0,6.68,75.0,4.85,1.659,85.0,780000,,True
2026,gorema01,MacKenzie Gore,TEX,P,SP,27.0,34.0,1.0,,,,,,,,173.0,34.0,0.0,4.58,84.0,3.87,1.335,174.0,5600000.0,4.0,False
2026,gormano01,Nolan Gorman,STL,H,3B,26.0,85.0,-0.3,302.0,9.0,0.0,0.184,0.272,0.308,66.0,,,,,,,,,2655000.0,3.663,False
2026,gracego01,Gordon Graceffo,STL,P,RP,26.0,62.0,1.7,,,,,,,,81.0,1.0,1.0,2.67,148.0,3.79,1.099,63.0,780000,,True
2026,graype02,Peyton Gray,TEX,P,RP,31.0,49.0,-0.1,,,,,,,,56.0,0,0.0,3.86,101.0,4.12,1.304,60.0,,,False
2026,grayso01,Sonny Gray,BOS,P,SP,36.0,29.0,4.3,,,,,,,,169.0,29.0,0.0,2.72,150.0,3.47,1.148,149.0,35000000.0,12.355,False
2026,greenri03,Riley Greene,DET,H,LF,25.0,140.0,2.6,592.0,21.0,3.0,0.28,0.37,0.474,135.0,,,,,,,,,5000000.0,3.64,False
2026,grifffo01,Foster Griffin,2TM,P,SP,30.0,31.0,3.3,,,,,,,,172.67,31.0,0.0,3.6,119.0,3.96,1.21,158.0,5500000.0,1.198,False
2026,griffko01,Konnor Griffin,PIT,H,SS,20.0,80.0,2.1,339.0,6.0,23.0,0.272,0.324,0.404,98.0,,,,,,,,,2333333.0,0.0,False
2026,grishtr01,Trent Grisham,NYY,H,CF,29.0,121.0,0.6,484.0,18.0,9.0,0.211,0.308,0.395,95.0,,,,,,,,,22025000.0,6.349,False
2026,grissva01,Vaughn Grissom,LAA,H,1B,25.0,119.0,0.2,474.0,13.0,1.0,0.242,0.307,0.386,98.0,,,,,,,,,780000,2.547,True
2026,guerrvl02,Vladimir Guerrero Jr.,TOR,H,1B,27.0,144.0,1.1,609.0,9.0,7.0,0.26,0.332,0.356,90.0,,,,,,,,,40214286.0,6.913,False
2026,gustory01,Ryan Gusto,MIA,P,SP,27.0,23.0,0.9,,,,,,,,88.0,18.0,0.0,4.09,98.0,4.17,1.443,74.0,780000,,True
2026,guzmade01,Denzer Guzmán,LAA,H,3B,22.0,87.0,-0.7,304.0,8.0,2.0,0.219,0.266,0.336,72.0,,,,,,,,,,,False
2026,halldl01,DL Hall,MIL,P,RP,27.0,47.0,2.0,,,,,,,,61.33,1.0,0.0,1.91,220.0,3.88,1.043,64.0,780000,2.43,True
2026,hamilda03,David Hamilton,MIL,H,3B,28.0,121.0,1.8,387.0,4.0,30.0,0.245,0.314,0.336,80.0,,,,,,,,,780000,2.116,True
2026,hancoem01,Emerson Hancock,SEA,P,SP,27.0,25.0,2.7,,,,,,,,138.67,25.0,0.0,3.57,110.0,4.0,1.139,126.0,780000,2.314,True
2026,happia01,Ian Happ,CHC,H,LF,31.0,156.0,2.9,636.0,24.0,4.0,0.218,0.326,0.412,103.0,,,,,,,,,19000000.0,8.209,False
2026,harpebr03,Bryce Harper,PHI,H,1B,33.0,162.0,3.1,693.0,29.0,7.0,0.269,0.38,0.485,131.0,,,,,,,,,27538461.0,13.924,False
2026,harriho03,Hogan Harris,ATH,P,RP,29.0,74.0,2.0,,,,,,,,70.33,0,17.0,3.33,134.0,4.08,1.45,88.0,780000,2.407,True
2026,harriky01,Kyle Harrison,MIL,P,SP,24.0,28.0,0.5,,,,,,,,115.67,24.0,0.0,4.2,100.0,4.03,1.349,141.0,780000,2.238,True
2026,harrimi04,Michael Harris II,ATL,H,CF,25.0,155.0,5.1,621.0,26.0,12.0,0.294,0.321,0.491,121.0,,,,,,,,,8000000.0,4.0,False
2026,hartky01,Kyle Hart,SDP,P,RP,33.0,46.0,-0.3,,,,,,,,64.0,4.0,0.0,4.92,83.0,3.63,1.203,59.0,1000000.0,1.128,False
2026,headrbr01,Brent Headrick,NYY,P,RP,28.0,81.0,2.6,,,,,,,,78.33,0,0.0,2.18,193.0,2.46,1.213,98.0,780000,2.384,True
2026,heimjo01,Jonah Heim,2TM,H,C,31.0,105.0,-1.1,390.0,13.0,0.0,0.204,0.262,0.366,71.0,,,,,,,,,1500000.0,5.564,False
2026,hendegu01,Gunnar Henderson,BAL,H,SS,25.0,158.0,3.2,702.0,24.0,10.0,0.226,0.311,0.404,102.0,,,,,,,,,8500000.0,3.209,False
2026,hendelo01,Logan Henderson,MIL,P,SP,24.0,18.0,3.3,,,,,,,,98.33,18.0,0.0,2.47,169.0,3.32,0.844,110.0,780000,,True
2026,henried01,Edgardo Henriquez,LAD,P,RP,24.0,61.0,0.8,,,,,,,,60.0,1.0,2.0,2.85,149.0,2.5,1.033,71.0,,,False
2026,hergeji01,Jimmy Herget,COL,P,RP,32.0,51.0,0.1,,,,,,,,53.67,3.0,3.0,5.7,88.0,5.39,1.528,47.0,1550000.0,4.401,False
2026,hernahe01,Heriberto Hernández,MIA,H,LF,26.0,130.0,2.3,505.0,25.0,13.0,0.228,0.313,0.442,111.0,,,,,,,,,,,False
2026,hernate01,Teoscar Hernández,LAD,H,LF,33.0,125.0,1.0,491.0,16.0,5.0,0.267,0.334,0.425,108.0,,,,,,,,,19666666.0,8.564,False
2026,herreiv01,Iván Herrera,STL,H,DH,26.0,161.0,2.9,717.0,19.0,8.0,0.241,0.353,0.382,111.0,,,,,,,,,780000,2.366,True
2026,herriti01,Tim Herrin,CLE,P,RP,29.0,67.0,1.0,,,,,,,,56.67,0,0.0,3.02,137.0,4.09,1.306,54.0,780000,2.448,True
2026,hicksli01,Liam Hicks,2TM,H,C,27.0,142.0,3.3,554.0,18.0,3.0,0.284,0.367,0.434,126.0,,,,,,,,,780000,,True
2026,hillti01,Tim Hill,NYY,P,RP,36.0,67.0,0,,,,,,,,58.67,0,2.0,4.6,92.0,5.93,1.142,25.0,3000000.0,7.651,False
2026,hoernni01,Nico Hoerner,CHC,H,2B,29.0,159.0,2.1,689.0,8.0,23.0,0.263,0.316,0.35,84.0,,,,,,,,,12000000.0,6.081,False
2026,hoffmje02,Jeff Hoffman,2TM,P,RP,33.0,71.0,0.4,,,,,,,,66.0,0,6.0,3.55,124.0,2.48,1.318,102.0,12666666.0,7.488,False
2026,holdeco01,Colin Holderman,CLE,P,RP,30.0,54.0,1.3,,,,,,,,52.67,0,1.0,2.73,151.0,3.16,1.044,50.0,1500000.0,3.698,False
2026,hollija01,Jackson Holliday,BAL,H,2B,22.0,98.0,0.2,354.0,7.0,8.0,0.229,0.3,0.34,82.0,,,,,,,,,780000,2.0,True
2026,holmecl01,Clay Holmes,2TM,P,SP,33.0,18.0,2.0,,,,,,,,101.33,18.0,0.0,3.29,126.0,3.63,1.194,78.0,13000000.0,7.18,False
2026,holmegr01,Grant Holmes,ATL,P,SP,30.0,31.0,2.7,,,,,,,,151.67,29.0,0.0,3.44,123.0,4.76,1.305,115.0,780000,2.0,True
2026,holtoty01,Tyler Holton,DET,P,RP,30.0,67.0,1.4,,,,,,,,72.0,3.0,2.0,2.75,153.0,4.06,1.25,55.0,1575000.0,3.273,False
2026,horwisp01,Spencer Horwitz,PIT,H,1B,28.0,114.0,0,451.0,10.0,1.0,0.244,0.344,0.364,94.0,,,,,,,,,780000,2.215,True
2026,hoskirh01,Rhys Hoskins,CLE,H,1B,33.0,95.0,-0.9,317.0,13.0,1.0,0.179,0.306,0.376,93.0,,,,,,,,,,8.308,False
2026,housead01,Adrian Houser,SFG,P,SP,33.0,26.0,0.8,,,,,,,,109.67,16.0,0.0,4.02,100.0,4.55,1.304,75.0,7000000.0,6.552,False
2026,housebr01,Brady House,WSN,H,3B,23.0,95.0,0.7,355.0,10.0,3.0,0.247,0.313,0.397,95.0,,,,,,,,,780000,,True
2026,hudsobr01,Bryan Hudson,CHW,P,RP,29.0,70.0,0.9,,,,,,,,67.33,9.0,8.0,3.74,113.0,3.29,1.277,59.0,780000,2.099,True
2026,hughega01,Gabriel Hughes,COL,P,SP,24.0,14.0,0.1,,,,,,,,64.0,13.0,1.0,6.33,79.0,4.04,1.438,56.0,780000,,True
2026,iglesra01,Raisel Iglesias,ATL,P,RP,36.0,59.0,1.4,,,,,,,,60.0,0,34.0,2.55,166.0,3.17,1.083,64.0,16000000.0,10.895,False
2026,imaita01,Tatsuya Imai,HOU,P,SP,28.0,23.0,0.4,,,,,,,,76.67,15.0,0.0,4.93,84.0,4.25,1.422,97.0,,,False
2026,imanash01,Shota Imanaga,CHC,P,SP,32.0,32.0,2.0,,,,,,,,174.33,32.0,0.0,3.77,112.0,4.47,1.096,174.0,22025000.0,2.0,False
2026,irvinja01,Jake Irvin,WSN,P,SP,29.0,22.0,-0.4,,,,,,,,106.67,20.0,0.0,5.48,79.0,5.08,1.388,110.0,2800000.0,2.884,False
2026,isbelky01,Kyle Isbel,KCR,H,CF,29.0,100.0,-0.4,323.0,6.0,6.0,0.224,0.268,0.323,66.0,,,,,,,,,2700000.0,4.25,False
2026,javiecr01,Cristian Javier,HOU,P,SP,29.0,17.0,0.1,,,,,,,,63.0,12.0,0.0,5.14,80.0,4.72,1.46,59.0,21400000.0,6.0,False
2026,jaxgr01,Griffin Jax,TBR,P,SP,31.0,34.0,0.7,,,,,,,,112.33,23.0,0.0,3.53,120.0,3.76,1.175,116.0,3565000.0,4.529,False
2026,jeffery01,Ryan Jeffers,MIN,H,C,29.0,92.0,2.8,369.0,14.0,1.0,0.256,0.353,0.461,127.0,,,,,,,,,6700000.0,5.517,False
2026,jenseca01,Carter Jensen,KCR,H,C,22.0,149.0,3.3,603.0,27.0,2.0,0.239,0.323,0.467,120.0,,,,,,,,,780000,,True
2026,johnsry01,Ryan Johnson,LAA,P,SP,23.0,22.0,0,,,,,,,,100.0,19.0,0.0,5.04,80.0,5.33,1.39,79.0,780000,,True
2026,johnstr02,Troy Johnston,COL,H,RF,29.0,128.0,-0.7,449.0,4.0,4.0,0.277,0.348,0.393,95.0,2.0,0,0.0,0.0,,6.1,1.0,0.0,780000,,True
2026,jonesja09,Jared Jones,PIT,P,SP,24.0,21.0,2.6,,,,,,,,101.67,21.0,0.0,3.72,118.0,3.22,1.082,123.0,780000,2.0,True
2026,jumpga01,Gage Jump,ATH,P,SP,23.0,20.0,0.6,,,,,,,,98.67,20.0,0.0,5.47,81.0,4.01,1.52,108.0,780000,,True
2026,jungjo01,Josh Jung,TEX,H,3B,28.0,104.0,2.2,444.0,12.0,1.0,0.299,0.365,0.462,139.0,,,,,,,,,2900000.0,3.157,False
2026,junisja01,Jakob Junis,TEX,P,RP,33.0,53.0,0.6,,,,,,,,54.33,1.0,6.0,3.64,107.0,3.93,1.27,38.0,2750000.0,8.012,False
2026,junkja01,Janson Junk,MIA,P,SP,30.0,26.0,1.0,,,,,,,,123.67,25.0,0.0,4.22,95.0,4.14,1.294,89.0,780000,2.302,True
2026,karroky01,Kyle Karros,COL,H,3B,23.0,131.0,1.4,475.0,13.0,5.0,0.253,0.347,0.414,99.0,,,,,,,,,780000,,True
2026,kayan01,Anthony Kay,CHW,P,SP,31.0,33.0,1.2,,,,,,,,158.0,31.0,0.0,4.44,94.0,4.75,1.373,129.0,5000000.0,2.035,False
2026,keasclu01,Luke Keaschall,MIN,H,2B,23.0,152.0,2.2,620.0,10.0,20.0,0.282,0.374,0.407,120.0,,,,,,,,,780000,,True
2026,keithco01,Colt Keith,DET,H,3B,24.0,140.0,0.9,423.0,10.0,6.0,0.258,0.322,0.406,103.0,,,,,,,,,4333333.0,2.0,False
2026,kellemi03,Mitch Keller,PIT,P,SP,30.0,22.0,0.1,,,,,,,,115.67,22.0,0.0,5.29,83.0,4.54,1.375,89.0,16911500.0,6.151,False
2026,kellyca02,Carson Kelly,CHC,H,C,31.0,120.0,1.9,425.0,10.0,0.0,0.258,0.336,0.376,97.0,3.0,0,0.0,6.0,79.0,11.77,1.333,0.0,5000000.0,7.936,False
2026,kellyke02,Kevin Kelly,TBR,P,RP,28.0,71.0,1.9,,,,,,,,73.67,0,4.0,2.44,174.0,3.02,0.896,63.0,925000.0,2.907,False
2026,kellyme01,Merrill Kelly,ARI,P,SP,37.0,29.0,0.3,,,,,,,,162.0,29.0,0.0,4.94,84.0,5.32,1.457,113.0,20000000.0,7.0,False
2026,kerkeor01,Orion Kerkering,PHI,P,RP,25.0,62.0,0.1,,,,,,,,58.0,0,2.0,4.97,91.0,4.17,1.448,63.0,780000,2.058,True
2026,kikucyu01,Yusei Kikuchi,LAA,P,SP,35.0,14.0,0.5,,,,,,,,67.67,14.0,0.0,4.92,82.0,3.93,1.537,67.0,21225000.0,7.0,False
2026,kingbr02,Bryan King,HOU,P,RP,29.0,60.0,-0.7,,,,,,,,60.67,1.0,6.0,5.19,80.0,4.78,1.516,51.0,780000,,True
2026,kingmi01,Michael King,SDP,P,SP,31.0,32.0,4.3,,,,,,,,185.0,32.0,0.0,3.21,127.0,4.13,1.178,159.0,12000000.0,6.023,False
2026,kinlety01,Tyler Kinley,2TM,P,RP,35.0,64.0,0.9,,,,,,,,57.33,0,1.0,3.45,123.0,5.21,1.151,48.0,3000000.0,7.081,False
2026,kirbyge01,George Kirby,SEA,P,SP,28.0,30.0,1.4,,,,,,,,174.67,30.0,0.0,4.33,90.0,3.9,1.397,148.0,6550000.0,3.878,False
2026,kirkal01,Alejandro Kirk,TOR,H,C,27.0,79.0,1.7,313.0,10.0,1.0,0.278,0.351,0.415,111.0,,,,,,,,,8700000.0,5.273,False
2026,kochaja01,Jack Kochanowicz,LAA,P,SP,25.0,13.0,-0.8,,,,,,,,64.0,13.0,0.0,6.19,65.0,4.98,1.578,47.0,780000,,True
2026,kolekst01,Stephen Kolek,KCR,P,SP,29.0,10.0,0.3,,,,,,,,54.0,10.0,0.0,4.5,94.0,4.55,1.241,34.0,780000,2.0,True
2026,kremede01,Dean Kremer,2TM,P,SP,30.0,17.0,0.9,,,,,,,,90.33,17.0,0.0,4.68,90.0,4.78,1.14,86.0,5750000.0,4.651,False
2026,kurtzni01,Nick Kurtz,ATH,H,1B,23.0,99.0,3.7,434.0,21.0,7.0,0.256,0.396,0.483,141.0,,,,,,,,,780000,,True
2026,kwanst01,Steven Kwan,CLE,H,LF,28.0,151.0,5.3,637.0,3.0,10.0,0.282,0.382,0.349,110.0,,,,,,,,,7725000.0,4.0,False
2026,lambepe01,Peter Lambert,HOU,P,SP,29.0,29.0,3.1,,,,,,,,155.67,29.0,0.0,3.82,108.0,3.91,1.253,154.0,,5.744,False
2026,langeal01,Alex Lange,KCR,P,RP,30.0,59.0,-1.5,,,,,,,,60.0,0,10.0,6.75,62.0,5.87,1.633,60.0,900000.0,3.843,False
2026,langesh01,Shea Langeliers,ATH,H,C,28.0,106.0,3.4,467.0,23.0,3.0,0.262,0.328,0.474,118.0,,,,,,,,,5250000.0,3.297,False
2026,langfwy01,Wyatt Langford,TEX,H,LF,24.0,110.0,3.5,471.0,17.0,15.0,0.238,0.333,0.421,118.0,,,,,,,,,780000,2.0,True
2026,larnatr01,Trevor Larnach,MIN,H,LF,29.0,122.0,1.4,433.0,13.0,2.0,0.269,0.352,0.436,120.0,,,,,,,,,4475000.0,4.081,False
2026,latzja01,Jacob Latz,TEX,P,RP,30.0,58.0,2.6,,,,,,,,72.0,1.0,30.0,2.13,182.0,2.84,0.806,83.0,780000,2.128,True
2026,lauerer01,Eric Lauer,2TM,P,SP,31.0,22.0,-0.2,,,,,,,,108.33,18.0,0.0,5.23,82.0,6.0,1.311,72.0,4400000.0,5.529,False
2026,leahyky01,Kyle Leahy,STL,P,SP,29.0,30.0,2.2,,,,,,,,140.0,30.0,0.0,3.66,107.0,3.59,1.343,132.0,780000,2.099,True
2026,leebr02,Brooks Lee,MIN,H,3B,25.0,156.0,2.5,631.0,24.0,8.0,0.253,0.3,0.428,102.0,,,,,,,,,780000,,True
2026,leedy01,Dylan Lee,ATL,P,RP,31.0,71.0,1.2,,,,,,,,67.0,0,0.0,3.09,137.0,2.15,0.97,77.0,2200000.0,3.872,False
2026,leeha02,Hao-Yu Lee,DET,H,2B,23.0,114.0,1.0,364.0,10.0,3.0,0.264,0.322,0.424,107.0,,,,,,,,,,,False
2026,leeju01,Jung Hoo Lee,SFG,H,RF,27.0,143.0,1.2,579.0,10.0,12.0,0.276,0.32,0.404,105.0,,,,,,,,,22833333.0,2.0,False
2026,legumca01,Casey Legumina,2TM,P,RP,29.0,55.0,0.5,,,,,,,,71.67,6.0,0.0,3.77,112.0,3.97,1.284,55.0,780000,2.634,True
2026,leiteja01,Jack Leiter,TEX,P,SP,26.0,15.0,-0.4,,,,,,,,80.0,15.0,0.0,5.29,73.0,4.76,1.438,83.0,780000,2.0,True
2026,lewisro02,Royce Lewis,MIN,H,1B,27.0,125.0,0.9,509.0,15.0,16.0,0.227,0.287,0.38,86.0,,,,,,,,,2850000.0,3.826,False
2026,liberma01,Matthew Liberatore,STL,P,SP,26.0,31.0,-0.6,,,,,,,,155.0,31.0,0.0,5.23,75.0,4.62,1.471,154.0,780000,2.837,True
2026,lileda01,Daylen Lile,WSN,H,LF,23.0,160.0,1.8,655.0,22.0,15.0,0.246,0.296,0.429,97.0,,,,,,,,,780000,,True
2026,lindofr01,Francisco Lindor,NYM,H,SS,32.0,105.0,1.8,469.0,21.0,3.0,0.225,0.309,0.423,105.0,,,,,,,,,34100000.0,10.657,False
2026,litteza01,Zack Littell,2TM,P,SP,30.0,26.0,-0.5,,,,,,,,124.33,14.0,0.0,5.21,83.0,6.08,1.408,73.0,3000000.0,6.25,False
2026,loaisjo01,Jonathan Loáisiga,ARI,P,RP,31.0,67.0,1.7,,,,,,,,67.0,0,2.0,2.42,172.0,2.88,1.03,48.0,,7.128,False
2026,lodolni01,Nick Lodolo,CIN,P,SP,28.0,21.0,1.1,,,,,,,,108.67,21.0,0.0,4.97,84.0,5.71,1.482,83.0,4725000.0,4.0,False
2026,loftini01,Nick Loftin,KCR,H,3B,27.0,118.0,1.5,426.0,8.0,4.0,0.24,0.322,0.388,100.0,,,,,,,,,780000,2.18,True
2026,lopezja04,Jacob Lopez,ATH,P,SP,28.0,27.0,0.6,,,,,,,,123.33,24.0,0.0,5.47,81.0,5.22,1.492,112.0,780000,2.064,True
2026,lopezot01,Otto Lopez,MIA,H,SS,27.0,157.0,6.1,687.0,11.0,34.0,0.305,0.349,0.437,122.0,,,,,,,,,780000,2.634,True
2026,lopezre01,Reynaldo López,ATL,P,SP,32.0,26.0,0.1,,,,,,,,79.33,13.0,0.0,4.54,93.0,4.39,1.437,73.0,14000000.0,8.023,False
2026,lordbr02,Brad Lord,WSN,P,RP,26.0,40.0,1.2,,,,,,,,83.33,5.0,1.0,3.78,114.0,4.29,1.224,77.0,780000,,True
2026,lorenmi01,Michael Lorenzen,2TM,P,SP,34.0,32.0,-2.0,,,,,,,,127.33,25.0,1.0,7.21,69.0,5.45,1.885,90.0,8000000.0,10.924,False
2026,lowderh01,Rhett Lowder,CIN,P,SP,24.0,29.0,-0.1,,,,,,,,133.33,26.0,0.0,5.74,73.0,4.71,1.523,103.0,780000,,True
2026,lowebr01,Brandon Lowe,PIT,H,2B,31.0,150.0,5.4,656.0,35.0,2.0,0.26,0.331,0.493,121.0,,,,,,,,,,7.337,False
2026,lowejo01,Josh Lowe,LAA,H,LF,28.0,114.0,0.1,343.0,12.0,10.0,0.209,0.273,0.36,80.0,,,,,,,,,2600000.0,3.541,False
2026,lowena01,Nathaniel Lowe,2TM,H,1B,30.0,126.0,0.5,429.0,17.0,0.0,0.252,0.317,0.444,111.0,,,,,,,,,,5.843,False
2026,lugose01,Seth Lugo,KCR,P,SP,36.0,32.0,-0.3,,,,,,,,172.33,32.0,0.0,5.17,81.0,4.38,1.474,134.0,21500000.0,9.477,False
2026,lukesna01,Nathan Lukes,TOR,H,RF,31.0,125.0,2.3,450.0,10.0,1.0,0.277,0.327,0.387,96.0,,,,,,,,,780000,2.651,True
2026,luzarje01,Jesús Luzardo,PHI,P,SP,28.0,30.0,6.5,,,,,,,,179.67,29.0,0.0,2.86,158.0,2.78,1.074,221.0,11000000.0,5.959,False
2026,lynchda02,Daniel Lynch IV,KCR,P,RP,29.0,56.0,0.7,,,,,,,,86.0,10.0,1.0,4.08,103.0,4.51,1.151,56.0,1025000.0,3.791,False
2026,machama01,Manny Machado,SDP,H,3B,33.0,158.0,1.5,677.0,30.0,5.0,0.217,0.303,0.407,97.0,,,,,,,,,25090909.0,13.326,False
2026,mackjo02,Joe Mack,MIA,H,C,23.0,105.0,1.6,330.0,14.0,0.0,0.234,0.282,0.403,92.0,,,,,,,,,780000,,True
2026,mahlety01,Tyler Mahle,2TM,P,SP,31.0,27.0,1.6,,,,,,,,149.0,27.0,0.0,3.99,103.0,3.99,1.235,137.0,10000000.0,8.105,False
2026,manaese01,Sean Manaea,NYM,P,SP,34.0,33.0,-0.2,,,,,,,,150.67,19.0,0.0,4.78,85.0,4.54,1.301,144.0,25000000.0,9.913,False
2026,manguja01,Jake Mangum,PIT,H,LF,30.0,133.0,0.9,479.0,5.0,23.0,0.276,0.331,0.363,90.0,,,,,,,,,780000,,True
2026,manzaky01,Kyle Manzardo,CLE,H,1B,25.0,102.0,0.6,356.0,13.0,0.0,0.215,0.306,0.378,93.0,,,,,,,,,780000,2.0,True
2026,marinro01,Ron Marinaccio,3TM,P,RP,30.0,41.0,-0.4,,,,,,,,57.67,0,0.0,6.09,69.0,5.68,1.526,48.0,,3.75,False
2026,marquge01,Germán Márquez,SDP,P,SP,31.0,13.0,-0.2,,,,,,,,53.0,10.0,1.0,5.26,78.0,6.61,1.491,37.0,1000000.0,9.157,False
2026,marseja01,Jakob Marsee,MIA,H,CF,25.0,155.0,2.0,616.0,11.0,23.0,0.231,0.348,0.359,101.0,,,,,,,,,780000,,True
2026,marshbr02,Brandon Marsh,PHI,H,LF,28.0,155.0,0.4,568.0,18.0,11.0,0.26,0.304,0.408,90.0,,,,,,,,,5200000.0,4.453,False
2026,marteke01,Ketel Marte,ARI,H,2B,32.0,141.0,2.5,624.0,22.0,4.0,0.249,0.316,0.432,107.0,,,,,,,,,15000000.0,9.942,False
2026,martian02,Angel Martínez,CLE,H,LF,24.0,114.0,1.0,416.0,18.0,11.0,0.254,0.29,0.465,110.0,,,,,,,,,,,False
2026,martiau01,Austin Martin,MIN,H,LF,27.0,118.0,0.7,358.0,3.0,12.0,0.228,0.341,0.315,86.0,,,,,,,,,780000,2.0,True
2026,martida03,Davis Martin,CHW,P,SP,29.0,29.0,2.3,,,,,,,,146.0,28.0,0.0,3.95,106.0,3.83,1.315,122.0,780000,2.0,True
2026,martini01,Nick Martinez,TBR,P,SP,35.0,31.0,3.9,,,,,,,,180.0,31.0,0.0,3.1,137.0,3.96,1.094,109.0,9000000.0,7.012,False
2026,massemi02,Michael Massey,KCR,H,2B,28.0,131.0,2.0,452.0,13.0,3.0,0.272,0.303,0.428,104.0,,,,,,,,,1570000.0,3.395,False
2026,matsuyu01,Yuki Matsui,SDP,P,RP,30.0,54.0,2.2,,,,,,,,64.0,0,1.0,1.83,225.0,4.18,1.141,68.0,5750000.0,2.0,False
2026,matthze01,Zebby Matthews,MIN,P,SP,26.0,23.0,1.0,,,,,,,,130.33,23.0,0.0,4.9,87.0,4.7,1.258,116.0,780000,,True
2026,matzst01,Steven Matz,TBR,P,RP,35.0,36.0,-0.7,,,,,,,,80.33,11.0,1.0,5.49,77.0,5.02,1.232,61.0,7500000.0,10.576,False
2026,maydu01,Dustin May,2TM,P,SP,28.0,31.0,0.3,,,,,,,,145.67,31.0,0.0,4.7,85.0,3.63,1.318,144.0,12000000.0,6.343,False
2026,mayoco01,Coby Mayo,BAL,H,3B,24.0,132.0,1.1,454.0,24.0,4.0,0.228,0.297,0.461,112.0,,,,,,,,,780000,,True
2026,mayzati01,Tim Mayza,PHI,P,RP,34.0,60.0,1.5,,,,,,,,67.33,6.0,0.0,3.48,130.0,3.4,1.129,64.0,1750000.0,6.75,False
2026,mccarja02,Jake McCarthy,COL,H,LF,28.0,147.0,1.9,596.0,15.0,32.0,0.291,0.334,0.475,110.0,,,,,,,,,1525000.0,3.43,False
2026,mcclash01,Shane McClanahan,TBR,P,SP,29.0,24.0,1.4,,,,,,,,118.0,24.0,0.0,3.36,126.0,3.5,1.119,106.0,3600000.0,4.919,False
2026,mcdontr01,Trevor McDonald,SFG,P,SP,25.0,14.0,-0.2,,,,,,,,70.33,14.0,0.0,5.12,79.0,4.27,1.308,57.0,780000,,True
2026,mcgonke01,Kevin McGonigle,DET,H,SS,21.0,156.0,7.1,707.0,18.0,12.0,0.278,0.376,0.43,126.0,,,,,,,,,780000.0,0.0,False
2026,mcgremi01,Michael McGreevy,STL,P,SP,25.0,31.0,1.9,,,,,,,,168.67,31.0,0.0,3.95,99.0,4.23,1.281,115.0,780000,,True
2026,mckinza01,Zach McKinstry,DET,H,RF,31.0,129.0,1.6,423.0,4.0,3.0,0.199,0.288,0.294,64.0,2.0,0,0.0,18.0,28.0,18.6,4.0,0.0,4200000.0,4.576,False
2026,mclaima01,Matt McLain,CIN,H,2B,26.0,134.0,-0.6,496.0,15.0,20.0,0.185,0.274,0.334,69.0,,,,,,,,,2300000.0,2.814,False
2026,mcleano01,Nolan McLean,NYM,P,SP,24.0,31.0,3.0,,,,,,,,179.67,31.0,0.0,3.16,128.0,3.59,1.169,194.0,780000,,True
2026,mcmahry01,Ryan McMahon,NYY,H,3B,31.0,124.0,0,360.0,11.0,3.0,0.213,0.279,0.357,76.0,,,,,,,,,16000000.0,8.035,False
2026,mcneije01,Jeff McNeil,ATH,H,2B,34.0,144.0,0.4,520.0,9.0,8.0,0.264,0.313,0.368,87.0,,,,,,,,,15750000.0,7.401,False
2026,meadcu01,Curtis Mead,2TM,H,3B,25.0,88.0,2.0,329.0,17.0,6.0,0.253,0.353,0.498,132.0,,,,,,,,,780000,2.233,True
2026,mecklwa01,Wade Meckler,LAA,H,LF,26.0,98.0,2.4,337.0,3.0,8.0,0.3,0.373,0.387,119.0,,,,,,,,,780000,2.14,True
2026,medinlu02,Luis Medina,ATH,P,RP,27.0,60.0,1.8,,,,,,,,73.0,1.0,0.0,3.08,145.0,3.57,1.397,93.0,835000.0,2.849,False
2026,megiltr01,Trevor Megill,MIL,P,RP,32.0,63.0,1.8,,,,,,,,61.67,0,30.0,2.63,160.0,1.85,0.892,69.0,4700000.0,4.012,False
2026,meidrch01,Chase Meidroth,CHW,H,2B,24.0,154.0,4.5,643.0,16.0,4.0,0.276,0.35,0.415,115.0,,,,,,,,,780000,,True
2026,mejiaju01,Juan Mejia,COL,P,RP,25.0,65.0,0.4,,,,,,,,70.0,1.0,4.0,5.27,95.0,4.17,1.686,66.0,,,False
2026,meltotr01,Troy Melton,DET,P,SP,25.0,20.0,2.8,,,,,,,,114.33,20.0,0.0,2.76,153.0,4.09,1.128,94.0,780000,,True
2026,merrija01,Jackson Merrill,SDP,H,CF,23.0,158.0,3.4,664.0,26.0,27.0,0.254,0.303,0.44,105.0,,,,,,,,,2111111.0,2.0,False
2026,messipa01,Parker Messick,CLE,P,SP,25.0,32.0,6.3,,,,,,,,186.33,32.0,0.0,2.56,161.0,3.07,1.063,193.0,780000,,True
2026,meyerma01,Max Meyer,MIA,P,SP,27.0,20.0,2.8,,,,,,,,111.0,20.0,0.0,2.68,150.0,3.51,1.135,121.0,980000.0,2.965,False
2026,mikolmi01,Miles Mikolas,WSN,P,RP,37.0,25.0,-0.9,1.0,,,,,,,116.0,11.0,0.0,5.82,74.0,5.77,1.379,58.0,2250000.0,9.215,False
2026,milessp01,Spencer Miles,TOR,P,RP,25.0,49.0,2.4,,,,,,,,95.67,8.0,2.0,2.63,167.0,2.65,1.098,93.0,780000,,True
2026,millebr04,Bryce Miller,SEA,P,SP,27.0,22.0,1.3,,,,,,,,118.67,21.0,0.0,4.17,94.0,4.41,1.163,119.0,2437500.0,2.89,False
2026,milleer01,Erik Miller,2TM,P,RP,28.0,57.0,0.8,,,,,,,,51.33,1.0,5.0,2.98,137.0,3.26,1.383,74.0,780000,2.0,True
2026,millema03,Mason Miller,SDP,P,RP,27.0,66.0,3.1,,,,,,,,70.0,0,38.0,1.67,246.0,1.17,0.9,129.0,4000000.0,2.965,False
2026,misioja01,Jacob Misiorowski,MIL,P,SP,24.0,30.0,6.5,,,,,,,,174.67,30.0,0.0,1.8,232.0,2.17,0.802,252.0,780000,,True
2026,mitchga01,Garrett Mitchell,MIL,H,CF,27.0,145.0,3.4,531.0,11.0,14.0,0.262,0.354,0.416,112.0,,,,,,,,,950000.0,3.233,False
2026,mizeca01,Casey Mize,2TM,P,SP,29.0,26.0,1.3,,,,,,,,131.33,26.0,0.0,4.32,97.0,4.14,1.226,110.0,6150000.0,5.645,False
2026,mlodzca01,Carmen Mlodzinski,PIT,P,RP,27.0,37.0,1.3,,,,,,,,123.0,12.0,2.0,3.95,111.0,3.75,1.374,97.0,780000,2.628,True
2026,mollsa01,Sam Moll,CIN,P,RP,34.0,65.0,-0.3,,,,,,,,56.33,0,1.0,4.79,88.0,4.18,1.491,56.0,875000.0,4.134,False
2026,monasan01,Andruw Monasterio,BOS,H,SS,29.0,107.0,0.4,347.0,6.0,4.0,0.233,0.295,0.371,88.0,0.67,0,0.0,67.5,9.0,55.6,9.0,0.0,780000,2.744,True
2026,moniami01,Mickey Moniak,COL,H,LF,28.0,117.0,0.1,436.0,23.0,1.0,0.238,0.278,0.48,94.0,,,,,,,,,4000000.0,4.157,False
2026,monteke01,Keider Montero,DET,P,SP,25.0,32.0,3.0,,,,,,,,155.0,25.0,1.0,3.48,121.0,3.98,1.039,107.0,780000,2.0,True
2026,montgbr01,Braden Montgomery,CHW,H,RF,23.0,93.0,0.3,365.0,6.0,1.0,0.226,0.312,0.35,86.0,,,,,,,,,780000,,True
2026,montgco01,Colson Montgomery,CHW,H,SS,24.0,153.0,1.8,638.0,31.0,1.0,0.197,0.282,0.403,90.0,,,,,,,,,780000,,True
2026,montgma01,Mason Montgomery,PIT,P,RP,26.0,70.0,2.4,,,,,,,,68.67,5.0,18.0,2.88,153.0,2.36,1.034,105.0,780000,,True
2026,moranjo01,Jovani Morán,BOS,P,RP,29.0,50.0,0.9,,,,,,,,65.67,3.0,0.0,3.15,130.0,4.26,1.142,73.0,,3.721,False
2026,morejad01,Adrián Morejón,SDP,P,RP,27.0,76.0,1.9,,,,,,,,86.0,0,3.0,2.83,145.0,2.37,1.081,107.0,3900000.0,5.814,False
2026,morenga01,Gabriel Moreno,ARI,H,C,26.0,130.0,6.7,549.0,16.0,6.0,0.311,0.388,0.486,143.0,,,,,,,,,2550000.0,3.355,False
2026,morilju02,Juan Morillo,ARI,P,RP,27.0,70.0,2.1,,,,,,,,64.33,0,3.0,2.24,185.0,2.71,1.057,74.0,,,False
2026,morrian01,Andrew Morris,MIN,P,RP,24.0,64.0,0,,,,,,,,73.67,3.0,5.0,4.4,97.0,3.29,1.371,69.0,780000,,True
2026,mullice01,Cedric Mullins,TBR,H,CF,31.0,137.0,1.0,502.0,15.0,21.0,0.205,0.284,0.344,75.0,,,,,,,,,6500000.0,6.453,False
2026,muncyma01,Max Muncy,LAD,H,3B,35.0,149.0,4.1,561.0,29.0,3.0,0.252,0.348,0.49,128.0,,,,,,,,,10000000.0,9.157,False
2026,munozan01,Andrés Muñoz,SEA,P,RP,27.0,61.0,0.1,,,,,,,,57.33,0,28.0,4.24,93.0,3.35,1.221,89.0,,6.465,False
2026,murakmu01,Munetaka Murakami,CHW,H,1B,26.0,127.0,2.3,553.0,35.0,1.0,0.207,0.347,0.478,130.0,,,,,,,,,,,False
2026,myersda01,Dane Myers,CIN,H,CF,30.0,117.0,0.9,334.0,8.0,10.0,0.257,0.344,0.377,101.0,,,,,,,,,780000,2.314,True
2026,myersto01,Tobias Myers,NYM,P,RP,27.0,32.0,-0.7,,,,,,,,53.67,3.0,2.0,5.53,74.0,4.65,1.342,41.0,780000,2.0,True
2026,nanceto01,Tommy Nance,2TM,P,RP,35.0,57.0,0.7,,,,,,,,59.67,0,0.0,3.92,112.0,3.82,1.391,68.0,,,False
2026,naylojo01,Josh Naylor,SEA,H,1B,29.0,152.0,-0.2,650.0,10.0,30.0,0.261,0.317,0.35,93.0,,,,,,,,,11300000.0,6.738,False
2026,nelsory01,Ryne Nelson,ARI,P,SP,28.0,19.0,-0.5,,,,,,,,87.33,15.0,0.0,4.95,84.0,5.27,1.26,66.0,3000000.0,3.116,False
2026,netoza01,Zach Neto,LAA,H,SS,25.0,157.0,5.2,704.0,27.0,24.0,0.239,0.33,0.436,118.0,,,,,,,,,4150000.0,2.988,False
2026,newcose01,Sean Newcomb,CHW,P,RP,33.0,60.0,2.0,,,,,,,,90.33,6.0,4.0,3.09,136.0,3.21,1.185,84.0,4500000.0,6.238,False
2026,nimmobr01,Brandon Nimmo,TEX,H,RF,33.0,155.0,1.2,655.0,14.0,7.0,0.26,0.324,0.405,111.0,,,,,,,,,20500000.0,9.244,False
2026,nolaaa01,Aaron Nola,PHI,P,SP,33.0,33.0,3.1,,,,,,,,175.33,33.0,0.0,4.67,97.0,4.87,1.346,177.0,24571429.0,10.442,False
2026,nootbla01,Lars Nootbaar,2TM,H,LF,28.0,90.0,0.6,334.0,8.0,2.0,0.239,0.342,0.379,105.0,,,,,,,,,5350000.0,4.442,False
2026,norbyco01,Connor Norby,2TM,H,1B,26.0,105.0,0.8,383.0,7.0,10.0,0.243,0.342,0.377,98.0,,,,,,,,,780000,2.0,True
2026,nunezan01,Anthony Nunez,BAL,P,RP,24.0,52.0,0.1,,,,,,,,59.67,0,3.0,4.07,100.0,3.49,1.223,66.0,780000,,True
2026,nunezna01,Nasim Nuñez,WSN,H,2B,25.0,147.0,1.2,493.0,1.0,49.0,0.209,0.291,0.244,50.0,,,,,,,,,780000,2.0,True
2026,oberba01,Bailey Ober,MIN,P,SP,30.0,25.0,1.8,,,,,,,,131.0,24.0,1.0,4.47,95.0,4.61,1.298,96.0,5200000.0,4.541,False
2026,obrieri01,Riley O'Brien,STL,P,RP,31.0,66.0,0,,,,,,,,64.0,0,38.0,4.08,97.0,3.94,1.281,64.0,780000,2.0,True
2026,ohearry01,Ryan O'Hearn,PIT,H,1B,32.0,110.0,0.2,451.0,18.0,1.0,0.265,0.33,0.44,108.0,,,,,,,,,14500000.0,7.012,False
2026,ohtansh01,Shohei Ohtani,LAD,H,DH,31.0,135.0,6.4,618.0,30.0,11.0,0.275,0.377,0.512,143.0,85.67,14.0,0.0,1.79,237.0,2.61,0.946,95.0,28216944.0,8.0,False
2026,okamoka01,Kazuma Okamoto,TOR,H,3B,30.0,156.0,2.5,636.0,33.0,1.0,0.232,0.31,0.452,107.0,,,,,,,,,,,False
2026,okertst01,Steven Okert,HOU,P,RP,34.0,68.0,2.3,,,,,,,,67.67,1.0,0.0,2.13,194.0,3.23,0.872,68.0,2325000.0,5.517,False
2026,olsonma02,Matt Olson,ATL,H,1B,32.0,162.0,4.4,698.0,41.0,4.0,0.251,0.321,0.502,123.0,,,,,,,,,22000000.0,8.599,False
2026,ortizjo06,Joey Ortiz,MIL,H,SS,27.0,134.0,2.6,415.0,9.0,9.0,0.27,0.328,0.402,101.0,,,,,,,,,780000,2.174,True
2026,paddach01,Chris Paddack,3TM,P,SP,30.0,14.0,-0.8,,,,,,,,57.0,9.0,0.0,6.79,61.0,4.86,1.667,40.0,4000000.0,7.0,False
2026,pagesan01,Andy Pages,LAD,H,CF,25.0,134.0,6.0,574.0,23.0,13.0,0.274,0.343,0.468,122.0,,,,,,,,,780000,2.0,True
2026,paintan01,Andrew Painter,PHI,P,SP,23.0,25.0,1.3,,,,,,,,126.67,23.0,0.0,5.4,84.0,4.67,1.413,115.0,780000,,True
2026,palacri01,Richie Palacios,TBR,H,2B,29.0,124.0,1.8,399.0,10.0,17.0,0.235,0.33,0.374,97.0,,,,,,,,,945000.0,2.907,False
2026,pallaan01,Andre Pallante,STL,P,SP,27.0,29.0,2.2,,,,,,,,162.0,29.0,0.0,3.83,102.0,3.74,1.272,110.0,4000000.0,3.843,False
2026,paredis01,Isaac Paredes,HOU,H,3B,27.0,155.0,4.0,659.0,25.0,0.0,0.262,0.36,0.447,127.0,,,,,,,,,9350000.0,4.93,False
2026,pasquvi01,Vinnie Pasquantino,KCR,H,1B,28.0,114.0,2.5,481.0,17.0,5.0,0.249,0.333,0.428,113.0,,,,,,,,,4200000.0,3.587,False
2026,patrich01,Chad Patrick,MIL,P,RP,27.0,57.0,1.7,,,,,,,,106.0,6.0,6.0,3.4,123.0,4.17,1.236,93.0,780000,,True
2026,pederjo01,Joc Pederson,TEX,H,DH,34.0,136.0,1.7,432.0,26.0,2.0,0.235,0.329,0.487,134.0,,,,,,,,,21250000.0,11.163,False
2026,penaje02,Jeremy Peña,HOU,H,SS,28.0,112.0,3.7,483.0,22.0,12.0,0.277,0.325,0.477,124.0,,,,,,,,,9475000.0,4.0,False
2026,peralfr01,Freddy Peralta,2TM,P,SP,30.0,32.0,0.7,,,,,,,,169.0,32.0,0.0,4.42,93.0,4.28,1.325,156.0,,7.523,False
2026,peralwa01,Wandy Peralta,SDP,P,RP,34.0,65.0,0.9,,,,,,,,77.33,5.0,0.0,3.61,114.0,3.99,1.319,50.0,,8.977,False
2026,perazos02,Oswald Peraza,LAA,H,2B,26.0,123.0,1.3,370.0,7.0,12.0,0.226,0.282,0.334,77.0,,,,,,,,,780000,2.715,True
2026,perdoge01,Geraldo Perdomo,ARI,H,SS,26.0,157.0,5.1,680.0,9.0,21.0,0.262,0.37,0.377,110.0,,,,,,,,,6250000.0,4.087,False
2026,perezeu02,Eury Pérez,MIA,P,SP,23.0,30.0,1.5,,,,,,,,159.0,29.0,0.0,3.91,103.0,4.07,1.208,170.0,780000,2.657,True
2026,perezma02,Martín Pérez,ATL,P,SP,35.0,30.0,2.9,,,,,,,,142.0,26.0,0.0,3.04,139.0,4.32,1.275,102.0,,13.221,False
2026,perezsa02,Salvador Perez,KCR,H,DH,36.0,152.0,-0.5,627.0,21.0,1.0,0.229,0.274,0.383,83.0,,,,,,,,,2000000.0,14.291,False
2026,perkija01,Jack Perkins,ATH,P,RP,26.0,37.0,-0.8,,,,,,,,121.0,17.0,3.0,6.1,73.0,4.77,1.455,140.0,780000,,True
2026,peterda01,David Peterson,2TM,P,SP,30.0,32.0,-0.1,,,,,,,,148.33,23.0,1.0,4.79,87.0,3.96,1.497,137.0,8100000.0,5.517,False
2026,petermi01,Michael Petersen,MIA,P,RP,32.0,65.0,1.2,,,,,,,,65.67,0,1.0,3.02,133.0,3.13,1.127,81.0,780000,,True
2026,petertr01,Tristan Peters,CHW,H,CF,26.0,156.0,3.6,491.0,12.0,8.0,0.265,0.337,0.437,116.0,,,,,,,,,780000,,True
2026,pfaadbr01,Brandon Pfaadt,ARI,P,SP,27.0,29.0,1.7,,,,,,,,136.0,19.0,0.0,3.77,110.0,3.9,1.184,94.0,3400000.0,2.564,False
2026,phillty01,Tyler Phillips,MIA,P,SP,28.0,37.0,2.2,,,,,,,,126.67,20.0,2.0,3.34,120.0,4.65,1.326,101.0,780000,,True
2026,prielco01,Connor Prielipp,MIN,P,SP,25.0,24.0,0.4,,,,,,,,125.67,22.0,0.0,4.87,87.0,3.73,1.289,128.0,780000,,True
2026,quantca01,Cal Quantrill,TEX,P,RP,31.0,32.0,2.0,,,,,,,,110.0,15.0,0.0,2.86,135.0,4.01,1.036,81.0,,6.767,False
2026,rafaece01,Ceddanne Rafaela,BOS,H,CF,25.0,138.0,5.7,576.0,16.0,17.0,0.283,0.319,0.442,113.0,,,,,,,,,2250000.0,2.203,False
2026,raleica01,Cal Raleigh,SEA,H,C,29.0,126.0,1.0,530.0,23.0,2.0,0.182,0.296,0.368,91.0,,,,,,,,,12666666.0,4.494,False
2026,raleybr01,Brooks Raley,2TM,P,RP,38.0,61.0,1.1,,,,,,,,52.67,0,1.0,3.25,129.0,3.96,1.272,51.0,,6.262,False
2026,ramirjo01,José Ramírez,CLE,H,3B,33.0,125.0,2.6,544.0,12.0,37.0,0.235,0.32,0.368,95.0,,,,,,,,,18356711.0,11.43,False
2026,ramiryo01,Yohan Ramírez,PIT,P,RP,31.0,66.0,2.7,,,,,,,,85.0,1.0,2.0,2.86,154.0,3.36,1.188,102.0,825000.0,3.785,False
2026,ramoshe02,Heliot Ramos,2TM,H,LF,26.0,112.0,0.6,442.0,13.0,4.0,0.245,0.305,0.411,101.0,,,,,,,,,780000,2.756,True
2026,rasmudr01,Drew Rasmussen,TBR,P,SP,30.0,30.0,4.7,,,,,,,,172.0,30.0,0.0,2.67,159.0,2.82,0.913,174.0,5750000.0,5.645,False
2026,rayro02,Robbie Ray,2TM,P,SP,34.0,31.0,2.3,,,,,,,,165.67,30.0,0.0,3.59,113.0,4.69,1.352,140.0,25000000.0,11.041,False
2026,reaco01,Colin Rea,CHC,P,SP,35.0,34.0,0.4,,,,,,,,137.0,19.0,2.0,4.34,97.0,4.8,1.328,101.0,750000.0,6.331,False
2026,realmjt01,J.T. Realmuto,PHI,H,C,35.0,123.0,0,467.0,11.0,3.0,0.205,0.283,0.331,65.0,,,,,,,,,15000000.0,11.221,False
2026,rengilu01,Luis Rengifo,2TM,H,3B,29.0,95.0,0.5,354.0,4.0,6.0,0.24,0.319,0.317,78.0,,,,,,,,,3500000.0,6.25,False
2026,reynobr01,Bryan Reynolds,PIT,H,LF,31.0,162.0,3.8,699.0,17.0,9.0,0.261,0.365,0.424,115.0,,,,,,,,,14250000.0,6.948,False
2026,ricebe01,Ben Rice,NYY,H,DH,27.0,154.0,3.7,667.0,41.0,3.0,0.264,0.363,0.534,146.0,,,,,,,,,780000,,True
2026,richatr01,Trevor Richards,2TM,P,RP,33.0,54.0,0.9,,,,,,,,83.0,0,2.0,3.69,115.0,4.2,1.157,73.0,,7.488,False
2026,rileyau01,Austin Riley,ATL,H,3B,29.0,159.0,1.1,630.0,19.0,9.0,0.219,0.29,0.364,80.0,,,,,,,,,22000000.0,6.802,False
2026,ritchjr01,JR Ritchie,ATL,P,SP,23.0,17.0,-0.1,,,,,,,,73.33,11.0,1.0,4.91,86.0,5.56,1.473,68.0,780000,,True
2026,rocchbr01,Brayan Rocchio,CLE,H,SS,25.0,153.0,2.7,592.0,15.0,20.0,0.253,0.313,0.391,99.0,,,,,,,,,780000,2.215,True
2026,rockeku01,Kumar Rocker,TEX,P,SP,26.0,30.0,1.0,,,,,,,,148.0,27.0,0.0,4.38,88.0,4.31,1.405,138.0,780000,,True
2026,rodonca01,Carlos Rodón,NYY,P,SP,33.0,16.0,2.2,,,,,,,,84.33,16.0,0.0,2.67,158.0,3.44,1.055,91.0,27833333.0,10.977,False
2026,rodribr01,Bradgley Rodriguez,SDP,P,RP,22.0,68.0,1.6,,,,,,,,74.0,4.0,2.0,2.19,188.0,2.78,1.068,81.0,,,False
2026,rodried05,Eduardo Rodríguez,ARI,P,SP,33.0,32.0,4.8,,,,,,,,189.67,32.0,0.0,2.89,143.0,3.89,1.239,143.0,21000000.0,10.407,False
2026,rodrigr01,Grayson Rodriguez,LAA,P,SP,26.0,20.0,-1.0,,,,,,,,98.67,20.0,0.0,6.02,67.0,5.01,1.561,85.0,780000,2.75,True
2026,rodriju01,Julio Rodríguez,SEA,H,CF,25.0,150.0,2.8,654.0,22.0,22.0,0.247,0.307,0.401,103.0,,,,,,,,,20185714.0,4.0,False
2026,rogerta01,Taylor Rogers,MIN,P,RP,35.0,65.0,0.3,,,,,,,,60.33,0,2.0,4.33,98.0,4.18,1.591,54.0,2000000.0,9.843,False
2026,rogertr01,Trevor Rogers,BAL,P,SP,28.0,30.0,2.2,,,,,,,,169.67,30.0,0.0,4.03,101.0,3.45,1.185,157.0,6200000.0,5.273,False
2026,rogerty01,Tyler Rogers,TOR,P,RP,35.0,74.0,1.8,,,,,,,,71.0,0,4.0,1.77,249.0,3.35,1.169,40.0,8666666.0,6.198,False
2026,rolisry01,Ryan Rolison,CHC,P,RP,28.0,60.0,1.0,,,,,,,,63.0,2.0,3.0,3.14,135.0,3.93,1.286,55.0,780000,,True
2026,romerjo01,JoJo Romero,2TM,P,RP,29.0,55.0,0.9,,,,,,,,56.33,0,0.0,3.36,120.0,3.97,1.225,54.0,4260000.0,5.262,False
2026,rouppla01,Landen Roupp,SFG,P,SP,27.0,29.0,1.5,,,,,,,,155.0,29.0,0.0,4.01,100.0,3.73,1.297,143.0,780000,2.0,True
2026,ruizke01,Keibert Ruiz,WSN,H,C,27.0,105.0,2.2,354.0,10.0,2.0,0.28,0.316,0.443,107.0,,,,,,,,,5375000.0,4.372,False
2026,rumfitj01,TJ Rumfield,COL,H,1B,26.0,155.0,3.5,631.0,16.0,0.0,0.3,0.39,0.453,121.0,,,,,,,,,780000,,True
2026,rutscad01,Adley Rutschman,2TM,H,C,28.0,99.0,2.6,410.0,13.0,0.0,0.242,0.315,0.426,109.0,,,,,,,,,7250000.0,4.0,False
2026,ryanjo04,Joe Ryan,MIN,P,SP,30.0,27.0,2.1,,,,,,,,144.67,27.0,0.0,3.79,112.0,3.7,1.161,159.0,6100000.0,4.192,False
2026,salech01,Chris Sale,ATL,P,SP,37.0,27.0,5.5,,,,,,,,162.67,27.0,0.0,2.16,196.0,2.29,0.984,200.0,18000000.0,15.355,False
2026,sanchcr01,Cristopher Sánchez,PHI,P,SP,29.0,33.0,8.1,,,,,,,,207.0,33.0,0.0,2.91,155.0,2.8,1.203,231.0,3500000.0,3.483,False
2026,sanchje02,Jesús Sánchez,2TM,H,LF,28.0,105.0,-1.2,315.0,8.0,1.0,0.254,0.311,0.401,95.0,,,,,,,,,6800000.0,4.686,False
2026,sandopa02,Patrick Sandoval,BOS,P,SP,29.0,15.0,-0.6,,,,,,,,70.33,13.0,0.0,5.12,80.0,3.77,1.678,73.0,12750000.0,5.866,False
2026,sanojja01,Javier Sanoja,MIA,H,3B,23.0,144.0,3.1,490.0,11.0,11.0,0.295,0.333,0.458,122.0,4.67,0,0.0,13.5,32.0,9.53,2.571,1.0,,,False
2026,santade01,Dennis Santana,2TM,P,RP,30.0,57.0,-0.5,,,,,,,,56.67,0,3.0,5.56,79.0,5.15,1.429,49.0,3500000.0,5.733,False
2026,sasakro01,Roki Sasaki,LAD,P,SP,24.0,26.0,0.9,,,,,,,,122.33,23.0,0.0,4.49,94.0,4.73,1.316,123.0,,,False
2026,schanno01,Nolan Schanuel,LAA,H,1B,24.0,107.0,2.1,446.0,7.0,1.0,0.276,0.351,0.385,112.0,,,,,,,,,780000,2.262,True
2026,scherma01,Max Scherzer,TOR,P,SP,41.0,18.0,-0.3,,,,,,,,84.67,18.0,0.0,5.74,77.0,5.11,1.335,68.0,3000000.0,17.459,False
2026,schlica01,Cam Schlittler,NYY,P,SP,25.0,33.0,7.0,,,,,,,,193.67,33.0,0.0,1.95,215.0,2.56,0.919,239.0,780000,,True
2026,schmica01,Casey Schmitt,SFG,H,LF,27.0,98.0,1.5,409.0,21.0,9.0,0.271,0.301,0.483,119.0,,,,,,,,,780000,2.773,True
2026,schrejo01,John Schreiber,2TM,P,RP,32.0,66.0,0.8,,,,,,,,60.33,0,2.0,3.28,129.0,4.63,1.243,40.0,3715000.0,5.157,False
2026,schulno01,Noah Schultz,CHW,P,SP,22.0,19.0,-0.3,,,,,,,,74.33,14.0,0.0,5.57,76.0,4.84,1.332,67.0,780000,,True
2026,schwaky01,Kyle Schwarber,PHI,H,DH,33.0,156.0,2.6,701.0,45.0,3.0,0.232,0.354,0.503,128.0,,,,,,,,,18000000.0,10.5,False
2026,scottch01,Christian Scott,NYM,P,SP,27.0,23.0,1.7,,,,,,,,110.0,23.0,0.0,3.85,105.0,3.61,1.273,134.0,780000,2.0,True
2026,scottta01,Tanner Scott,LAD,P,RP,31.0,69.0,1.9,,,,,,,,63.67,0,25.0,2.69,158.0,2.1,0.99,82.0,16000000.0,7.343,False
2026,seageco01,Corey Seager,TEX,H,SS,32.0,102.0,3.2,436.0,20.0,2.0,0.227,0.312,0.424,112.0,,,,,,,,,31500000.0,10.186,False
2026,semiema01,Marcus Semien,NYM,H,2B,35.0,139.0,0.5,547.0,15.0,10.0,0.215,0.28,0.34,74.0,,,,,,,,,26000000.0,11.686,False
2026,sengako01,Kodai Senga,NYM,P,RP,33.0,31.0,-1.7,,,,,,,,61.33,8.0,8.0,7.34,55.0,5.82,1.647,75.0,15000000.0,3.0,False
2026,senzaan01,Antonio Senzatela,2TM,P,RP,31.0,57.0,1.0,,,,,,,,73.33,0,4.0,4.05,118.0,3.67,1.35,60.0,12000000.0,8.616,False
2026,severlu01,Luis Severino,ATH,P,SP,32.0,12.0,1.0,,,,,,,,62.67,12.0,0.0,4.16,107.0,4.47,1.468,65.0,25000000.0,9.988,False
2026,sewalpa01,Paul Sewald,2TM,P,RP,36.0,62.0,-0.6,,,,,,,,53.33,0,24.0,4.73,90.0,5.24,0.994,53.0,1500000.0,7.419,False
2026,seymoia01,Ian Seymour,TBR,P,RP,27.0,47.0,0.7,,,,,,,,132.67,16.0,2.0,4.21,101.0,4.1,1.131,158.0,780000,,True
2026,sheehem01,Emmet Sheehan,LAD,P,SP,26.0,23.0,0.9,,,,,,,,112.33,22.0,0.0,4.57,92.0,4.28,1.175,132.0,780000,2.465,True
2026,sheetga01,Gavin Sheets,SDP,H,1B,30.0,125.0,-0.2,419.0,17.0,4.0,0.212,0.313,0.397,97.0,,,,,,,,,4500000.0,4.442,False
2026,shugach01,Chase Shugart,PHI,P,RP,29.0,46.0,0.8,,,,,,,,53.67,0,0.0,4.02,113.0,4.67,1.174,59.0,780000,,True
2026,silsech01,Chase Silseth,2TM,P,RP,26.0,73.0,0.9,,,,,,,,60.0,0,0.0,3.6,112.0,3.93,1.5,74.0,780000,2.89,True
2026,simpsch01,Chandler Simpson,TBR,H,LF,25.0,151.0,2.5,612.0,0.0,46.0,0.306,0.333,0.356,94.0,,,,,,,,,780000,,True
2026,singebr01,Brady Singer,CIN,P,SP,29.0,31.0,-0.6,,,,,,,,157.0,31.0,0.0,5.85,71.0,5.62,1.592,126.0,12750000.0,5.907,False
2026,skenepa01,Paul Skenes,PIT,P,SP,24.0,32.0,3.3,,,,,,,,174.33,32.0,0.0,3.82,115.0,3.33,1.119,200.0,780000,2.0,True
2026,skubata01,Tarik Skubal,2TM,P,SP,29.0,26.0,4.6,,,,,,,,158.67,26.0,0.0,2.72,155.0,2.51,0.964,186.0,32000000.0,5.663,False
2026,smithca06,Cade Smith,CLE,P,RP,27.0,69.0,2.9,,,,,,,,74.0,0,41.0,1.95,212.0,2.18,0.959,107.0,780000,2.0,True
2026,smithca07,Cam Smith,HOU,H,RF,23.0,157.0,1.0,568.0,21.0,12.0,0.21,0.279,0.39,87.0,,,,,,,,,780000,,True
2026,smithdo02,Dominic Smith,ATL,H,DH,31.0,108.0,-0.1,300.0,9.0,0.0,0.253,0.311,0.383,91.0,,,,,,,,,,7.471,False
2026,soderty01,Tyler Soderstrom,ATH,H,LF,24.0,109.0,2.6,453.0,19.0,2.0,0.245,0.338,0.472,121.0,,,,,,,,,1285714.0,2.308,False
2026,solerjo01,Jorge Soler,LAA,H,DH,34.0,86.0,-0.3,361.0,12.0,0.0,0.203,0.291,0.373,90.0,,,,,,,,,,10.831,False
2026,soriage01,George Soriano,STL,P,RP,27.0,70.0,0.1,,,,,,,,66.0,0,4.0,4.23,93.0,4.8,1.394,66.0,780000,2.651,True
2026,soriajo02,José Soriano,2TM,P,SP,27.0,32.0,2.5,,,,,,,,177.33,32.0,0.0,3.91,106.0,3.9,1.286,169.0,2900000.0,3.703,False
2026,sorokmi01,Michael Soroka,ARI,P,SP,28.0,22.0,2.2,,,,,,,,116.0,21.0,0.0,3.41,121.0,3.19,1.086,114.0,7500000.0,7.052,False
2026,sotogr01,Gregory Soto,PIT,P,RP,31.0,69.0,1.2,,,,,,,,67.0,0,16.0,3.63,121.0,3.32,1.164,79.0,7750000.0,6.593,False
2026,sotoju01,Juan Soto,NYM,H,LF,27.0,111.0,3.0,482.0,27.0,9.0,0.275,0.393,0.515,154.0,,,,,,,,,51875000.0,7.779,False
2026,springe01,George Springer,TOR,H,DH,36.0,126.0,0.6,517.0,15.0,12.0,0.249,0.321,0.405,99.0,,,,,,,,,24166667.0,11.965,False
2026,sprinje01,Jeffrey Springs,ATH,P,SP,33.0,29.0,-0.5,,,,,,,,142.67,29.0,0.0,6.18,72.0,6.02,1.465,112.0,10500000.0,7.32,False
2026,sproabr01,Brandon Sproat,MIL,P,SP,25.0,22.0,-0.6,,,,,,,,97.0,19.0,0.0,5.57,75.0,5.21,1.443,101.0,780000,,True
2026,stanery01,Ryne Stanek,STL,P,RP,34.0,70.0,0.2,,,,,,,,62.67,0,2.0,4.02,98.0,4.52,1.34,65.0,3500000.0,8.221,False
2026,steersp01,Spencer Steer,CIN,H,1B,28.0,98.0,0.2,384.0,16.0,3.0,0.238,0.319,0.421,104.0,,,,,,,,,4000000.0,3.203,False
2026,stephty01,Tyler Stephenson,CIN,H,C,29.0,130.0,2.5,468.0,15.0,0.0,0.241,0.323,0.404,101.0,,,,,,,,,6800000.0,5.326,False
2026,stewasa02,Sal Stewart,CIN,H,1B,22.0,162.0,1.8,700.0,32.0,15.0,0.263,0.33,0.457,117.0,,,,,,,,,780000,,True
2026,stottbr01,Bryson Stott,PHI,H,2B,28.0,155.0,1.8,608.0,10.0,27.0,0.256,0.334,0.401,98.0,,,,,,,,,5900000.0,4.0,False
2026,stoweky01,Kyle Stowers,MIA,H,1B,28.0,121.0,1.2,512.0,21.0,1.0,0.239,0.331,0.459,121.0,,,,,,,,,780000,2.448,True
2026,strawmy01,Myles Straw,TOR,H,LF,31.0,146.0,0.3,330.0,3.0,7.0,0.241,0.304,0.342,78.0,4.0,0,0.0,4.5,106.0,7.1,2.25,0.0,,5.727,False
2026,suareal01,Albert Suárez,BAL,P,RP,36.0,28.0,0.2,,,,,,,,63.0,0,1.0,3.86,106.0,4.24,1.222,46.0,780000,2.0,True
2026,suareeu01,Eugenio Suárez,CIN,H,DH,34.0,125.0,0.6,498.0,26.0,1.0,0.212,0.307,0.433,104.0,,,,,,,,,15000000.0,11.355,False
2026,suarejo01,José Suarez,3TM,P,RP,28.0,45.0,-0.4,,,,,,,,61.33,2.0,1.0,5.87,76.0,3.85,1.614,61.0,900000.0,4.372,False
2026,suarera01,Ranger Suarez,BOS,P,SP,30.0,28.0,2.7,,,,,,,,148.33,28.0,0.0,3.22,127.0,3.16,1.187,140.0,26000000.0,6.651,False
2026,suganto01,Tomoyuki Sugano,COL,P,SP,36.0,29.0,1.8,,,,,,,,154.33,29.0,0.0,5.37,93.0,5.39,1.315,96.0,5100000.0,1.0,False
2026,sulseco01,Cole Sulser,TBR,P,RP,36.0,51.0,-0.3,,,,,,,,56.33,2.0,3.0,4.31,99.0,3.63,1.243,56.0,1050000.0,4.558,False
2026,suterbr01,Brent Suter,2TM,P,RP,36.0,54.0,0.9,,,,,,,,91.0,4.0,0.0,3.36,122.0,3.53,1.22,78.0,1250000.0,8.936,False
2026,suzukse01,Seiya Suzuki,CHC,H,RF,31.0,143.0,5.1,634.0,26.0,3.0,0.27,0.368,0.473,131.0,,,,,,,,,19000000.0,4.0,False
2026,swansda01,Dansby Swanson,CHC,H,SS,32.0,126.0,3.2,486.0,19.0,17.0,0.213,0.297,0.397,90.0,,,,,,,,,28000000.0,9.273,False
2026,taillja01,Jameson Taillon,2TM,P,SP,34.0,18.0,-0.7,,,,,,,,86.0,18.0,0.0,5.65,76.0,6.6,1.36,76.0,18000000.0,9.64,False
2026,tatisfe02,Fernando Tatis Jr.,SDP,H,RF,27.0,159.0,4.3,704.0,25.0,38.0,0.289,0.358,0.47,130.0,,,,,,,,,20714286.0,6.698,False
2026,taverle01,Leody Taveras,BAL,H,CF,27.0,139.0,0,482.0,8.0,11.0,0.219,0.288,0.345,80.0,,,,,,,,,,4.721,False
2026,tawati01,Tim Tawa,ARI,H,1B,27.0,104.0,-0.3,351.0,11.0,8.0,0.24,0.297,0.393,91.0,,,,,,,,,780000,,True
2026,taylogr02,Grant Taylor,CHW,P,RP,24.0,60.0,2.8,,,,,,,,84.0,4.0,10.0,2.25,187.0,2.77,1.071,106.0,780000,,True
2026,tengka01,Kai-Wei Teng,HOU,P,RP,27.0,30.0,0,,,,,,,,73.67,10.0,0.0,4.76,87.0,4.76,1.385,73.0,780000,2.0,True
2026,thielca01,Caleb Thielbar,CHC,P,RP,39.0,58.0,-0.4,,,,,,,,50.0,0,3.0,4.86,87.0,4.7,1.3,60.0,4000000.0,7.762,False
2026,thomala02,Lane Thomas,2TM,H,CF,30.0,118.0,0.4,374.0,11.0,9.0,0.224,0.318,0.383,97.0,,,,,,,,,5250000.0,6.081,False
2026,thornza01,Zac Thornton,NYM,P,SP,24.0,15.0,1.7,,,,,,,,84.33,15.0,0.0,3.42,119.0,4.51,1.138,63.0,780000,,True
2026,tidwebl01,Blade Tidwell,SFG,P,SP,25.0,17.0,0.2,,,,,,,,56.67,9.0,1.0,4.45,91.0,4.74,1.182,46.0,780000,,True
2026,tollepa01,Payton Tolle,BOS,P,SP,23.0,26.0,2.9,,,,,,,,148.67,26.0,0.0,3.03,135.0,3.04,1.096,171.0,780000,,True
2026,torkesp01,Spencer Torkelson,DET,H,1B,26.0,159.0,1.3,612.0,26.0,1.0,0.23,0.331,0.435,113.0,,,,,,,,,4075000.0,3.442,False
2026,torregl01,Gleyber Torres,DET,H,2B,29.0,96.0,2.0,420.0,8.0,0.0,0.26,0.364,0.363,105.0,,,,,,,,,22025000.0,7.942,False
2026,tovarez01,Ezequiel Tovar,COL,H,SS,24.0,146.0,-0.3,506.0,13.0,8.0,0.219,0.264,0.353,60.0,,,,,,,,,5214286.0,3.081,False
2026,triolja01,Jared Triolo,PIT,H,SS,28.0,125.0,1.0,362.0,3.0,13.0,0.238,0.307,0.302,68.0,,,,,,,,,780000,2.453,True
2026,troutmi01,Mike Trout,LAA,H,CF,34.0,142.0,4.1,634.0,22.0,11.0,0.242,0.382,0.421,131.0,,,,,,,,,37116667.0,14.407,False
2026,tuckeky01,Kyle Tucker,LAD,H,RF,29.0,154.0,0.7,627.0,17.0,12.0,0.233,0.33,0.385,97.0,,,,,,,,,33000000.0,6.459,False
2026,turanbr02,Brice Turang,MIL,H,2B,26.0,151.0,7.3,680.0,21.0,19.0,0.268,0.366,0.45,124.0,,,,,,,,,4150000.0,2.959,False
2026,turnetr01,Trea Turner,PHI,H,SS,33.0,157.0,-0.1,700.0,19.0,21.0,0.242,0.297,0.378,81.0,,,,,,,,,27272727.0,9.785,False
2026,urenawa01,Walbert Ureña,LAA,P,SP,22.0,29.0,3.8,,,,,,,,148.33,27.0,0.0,2.97,136.0,3.62,1.227,142.0,,,False
2026,uribeab01,Abner Uribe,MIL,P,RP,26.0,61.0,2.3,,,,,,,,59.33,0,6.0,1.97,213.0,2.68,1.028,62.0,780000,2.5,True
2026,valdefr01,Framber Valdez,DET,P,SP,32.0,31.0,1.5,,,,,,,,174.0,31.0,0.0,4.03,104.0,4.14,1.362,135.0,22826679.0,6.948,False
2026,vargail01,Ildemaro Vargas,ARI,H,1B,34.0,142.0,1.3,486.0,9.0,3.0,0.254,0.298,0.377,88.0,3.67,0,0.0,4.91,93.0,6.37,1.636,0.0,,6.041,False
2026,vargami01,Miguel Vargas,CHW,H,3B,26.0,159.0,5.4,704.0,33.0,22.0,0.25,0.363,0.474,134.0,,,,,,,,,780000,2.826,True
2026,varlalo01,Louis Varland,TOR,P,RP,28.0,71.0,3.6,,,,,,,,78.0,0,35.0,1.27,348.0,1.83,1.0,97.0,780000,2.628,True
2026,varshda01,Daulton Varsho,2TM,H,CF,29.0,140.0,0.9,526.0,12.0,12.0,0.221,0.281,0.355,76.0,,,,,,,,,10750000.0,5.744,False
2026,vasqura02,Randy Vásquez,SDP,P,SP,27.0,32.0,1.5,1.0,,,,,,,140.67,23.0,0.0,3.9,105.0,4.24,1.265,87.0,780000,2.238,True
2026,vaughan01,Andrew Vaughn,MIL,H,1B,28.0,104.0,1.2,331.0,6.0,0.0,0.306,0.39,0.444,130.0,3.0,0,0.0,30.0,16.0,25.77,5.667,1.0,7650000.0,4.826,False
2026,vesiaal01,Alex Vesia,LAD,P,RP,30.0,72.0,1.5,,,,,,,,58.0,0,3.0,2.64,161.0,3.1,1.069,74.0,3550000.0,5.453,False
2026,vivasjo01,Jorbit Vivas,WSN,H,2B,25.0,121.0,0.8,364.0,3.0,2.0,0.238,0.331,0.322,82.0,4.0,0,0.0,13.5,35.0,9.35,3.0,0.0,,,False
2026,vodnivi01,Victor Vodnik,2TM,P,RP,26.0,53.0,0.1,,,,,,,,58.67,0,4.0,4.91,95.0,4.11,1.551,44.0,780000,2.14,True
2026,wachami01,Michael Wacha,KCR,P,SP,34.0,32.0,4.3,,,,,,,,200.67,32.0,0.0,3.32,126.0,4.38,1.106,158.0,18000000.0,12.36,False
2026,walkech02,Christian Walker,HOU,H,1B,35.0,156.0,2.0,635.0,29.0,0.0,0.226,0.299,0.427,103.0,,,,,,,,,20000000.0,7.721,False
2026,walkejo02,Jordan Walker,STL,H,RF,24.0,158.0,3.3,667.0,29.0,22.0,0.269,0.327,0.466,124.0,,,,,,,,,780000,2.866,True
2026,wallsta01,Taylor Walls,TBR,H,SS,29.0,124.0,3.5,433.0,2.0,21.0,0.222,0.309,0.298,71.0,,,,,,,,,2450000.0,4.535,False
2026,wardta01,Taylor Ward,2TM,H,LF,32.0,143.0,1.7,607.0,7.0,4.0,0.225,0.359,0.311,94.0,,,,,,,,,12175000.0,5.953,False
2026,warreau01,Austin Warren,NYM,P,RP,30.0,41.0,0.3,,,,,,,,50.33,2.0,0.0,4.11,99.0,4.07,1.371,55.0,,3.785,False
2026,warrewi01,Will Warren,NYY,P,SP,27.0,32.0,1.1,,,,,,,,156.0,29.0,0.0,3.92,107.0,3.94,1.365,158.0,780000,,True
2026,watsory01,Ryan Watson,2TM,P,RP,28.0,53.0,0.5,,,,,,,,72.0,0,4.0,4.0,102.0,3.82,1.264,65.0,780000,,True
2026,weathry01,Ryan Weathers,NYY,P,SP,26.0,25.0,2.2,,,,,,,,137.33,25.0,0.0,3.6,117.0,3.62,1.223,143.0,1350000.0,3.384,False
2026,weavelu01,Luke Weaver,2TM,P,RP,32.0,60.0,1.9,,,,,,,,60.33,0,1.0,2.69,156.0,2.97,0.961,65.0,9500000.0,8.651,False
2026,webbja01,Jacob Webb,CHC,P,RP,32.0,68.0,0.6,,,,,,,,67.0,0,9.0,3.36,126.0,4.03,1.254,73.0,1500000.0,5.267,False
2026,webblo01,Logan Webb,SFG,P,SP,29.0,27.0,1.3,,,,,,,,160.67,27.0,0.0,4.31,93.0,3.46,1.17,134.0,23000000.0,6.256,False
2026,weissgr01,Greg Weissert,BOS,P,RP,31.0,63.0,0.7,,,,,,,,60.67,0,1.0,3.26,125.0,3.97,1.236,60.0,780000,2.512,True
2026,wellsau01,Austin Wells,NYY,H,C,26.0,122.0,1.1,388.0,14.0,4.0,0.186,0.292,0.332,74.0,,,,,,,,,780000,2.18,True
2026,wellsty01,Tyler Wells,2TM,P,RP,31.0,57.0,2.3,,,,,,,,72.0,0,6.0,2.38,175.0,3.38,0.903,72.0,2445000.0,4.767,False
2026,wesneha01,Hayden Wesneski,HOU,P,SP,28.0,11.0,1.0,,,,,,,,61.0,11.0,0.0,3.25,127.0,3.53,1.131,46.0,975000.0,2.988,False
2026,wethejj01,JJ Wetherholt,STL,H,2B,23.0,139.0,4.5,619.0,17.0,14.0,0.242,0.339,0.365,102.0,,,,,,,,,780000.0,0.0,False
2026,wheelza01,Zack Wheeler,PHI,P,SP,36.0,28.0,6.0,,,,,,,,162.0,28.0,0.0,3.0,150.0,3.35,1.049,193.0,42000000.0,12.57,False
2026,whitlga01,Garrett Whitlock,BOS,P,RP,30.0,54.0,2.0,,,,,,,,52.33,0,4.0,1.72,238.0,2.11,0.898,59.0,7500000.0,5.0,False
2026,willibr02,Brandon Williamson,CIN,P,SP,28.0,12.0,-0.1,,,,,,,,52.67,9.0,0.0,5.3,79.0,5.89,1.462,36.0,780000,2.808,True
2026,williga01,Gavin Williams,CLE,P,SP,26.0,32.0,3.1,,,,,,,,184.33,32.0,0.0,3.76,109.0,3.48,1.112,248.0,780000,2.599,True
2026,wilsoja05,Jacob Wilson,ATH,H,SS,24.0,80.0,0.6,337.0,7.0,4.0,0.266,0.298,0.388,87.0,,,,,,,,,1428571.0,1.424,False
2026,winnma01,Masyn Winn,STL,H,SS,24.0,136.0,2.7,532.0,5.0,10.0,0.232,0.308,0.317,80.0,,,,,,,,,780000,2.262,True
2026,wittbo02,Bobby Witt Jr.,KCR,H,SS,26.0,143.0,6.7,632.0,18.0,45.0,0.281,0.359,0.441,125.0,,,,,,,,,14111111.0,4.0,False
2026,wolfrgr01,Grant Wolfram,BAL,P,RP,29.0,60.0,0,,,,,,,,52.33,0,1.0,4.3,95.0,2.66,1.318,61.0,780000,,True
2026,woobr01,Bryan Woo,SEA,P,SP,26.0,30.0,2.0,,,,,,,,173.0,30.0,0.0,4.01,98.0,3.25,1.104,175.0,780000,2.703,True
2026,woodja03,James Wood,WSN,H,RF,23.0,135.0,3.7,623.0,30.0,21.0,0.265,0.388,0.503,144.0,,,,,,,,,780000,,True
2026,woodssi01,Simeon Woods Richardson,2TM,P,SP,25.0,20.0,-1.2,,,,,,,,66.0,10.0,0.0,6.68,65.0,5.83,1.758,40.0,780000,2.035,True
2026,wroblju01,Justin Wrobleski,LAD,P,SP,25.0,28.0,2.2,,,,,,,,140.0,22.0,0.0,3.66,115.0,4.14,1.143,118.0,780000,,True
2026,yamamyo01,Yoshinobu Yamamoto,LAD,P,SP,27.0,28.0,5.9,,,,,,,,185.0,28.0,0.0,2.53,167.0,3.33,0.87,182.0,16166667.0,2.0,False
2026,yarbrry01,Ryan Yarbrough,NYY,P,RP,34.0,38.0,0.2,,,,,,,,63.33,2.0,3.0,3.69,114.0,3.45,1.216,49.0,2500000.0,7.68,False
2026,yastrmi01,Mike Yastrzemski,ATL,H,LF,35.0,139.0,0.7,408.0,12.0,1.0,0.224,0.309,0.38,89.0,,,,,,,,,9000000.0,6.744,False
2026,yelicch01,Christian Yelich,MIL,H,DH,34.0,118.0,0.1,500.0,12.0,11.0,0.235,0.315,0.378,91.0,,,,,,,,,26000000.0,12.401,False
2026,yesavtr01,Trey Yesavage,TOR,P,SP,22.0,20.0,2.0,,,,,,,,97.67,20.0,0.0,3.69,120.0,4.22,1.137,97.0,780000,,True
2026,youngbr01,Brandon Young,BAL,P,SP,27.0,28.0,2.3,,,,,,,,156.67,28.0,0.0,3.56,114.0,4.47,1.347,133.0,,,False
2026,youngco01,Cole Young,SEA,H,2B,22.0,160.0,4.4,638.0,17.0,4.0,0.246,0.312,0.381,99.0,,,,,,,,,780000,,True
2026,youngja02,Jared Young,NYM,H,1B,30.0,103.0,1.7,342.0,9.0,3.0,0.266,0.33,0.429,113.0,,,,,,,,,780000,,True
2026,youngja03,Jacob Young,WSN,H,CF,26.0,140.0,1.8,471.0,10.0,18.0,0.252,0.318,0.39,94.0,,,,,,,,,780000,2.215,True
2026,zeferry01,Ryan Zeferjahn,2TM,P,RP,28.0,65.0,0.7,,,,,,,,69.67,0,7.0,3.88,106.0,3.82,1.278,94.0,780000,,True
